{
  "annotations": {
    "list": [
      {
        "builtIn": 1,
        "datasource": {
          "type": "grafana",
          "uid": "-- Grafana --"
        },
        "enable": true,
        "hide": true,
        "iconColor": "rgba(0, 211, 255, 1)",
        "name": "Annotations & Alerts",
        "type": "dashboard"
      }
    ]
  },
  "description": "Testing chart types",
  "editable": true,
  "fiscalYearStartMonth": 0,
  "graphTooltip": 0,
  "id": 1,
  "links": [],
  "panels": [
    {
      "fieldConfig": {
        "defaults": {},
        "overrides": []
      },
      "gridPos": {
        "h": 2,
        "w": 23,
        "x": 0,
        "y": 0
      },
      "id": 14,
      "options": {
        "code": {
          "language": "plaintext",
          "showLineNumbers": false,
          "showMiniMap": false
        },
        "content": "<h1 style=\"margin:0;padding:0;font-size:42px\"\">Revenue</h1>",
        "mode": "html"
      },
      "pluginVersion": "11.6.0",
      "title": "",
      "transparent": true,
      "type": "text"
    },
    {
      "datasource": {
        "type": "mysql",
        "uid": "aej0blnl43aiof"
      },
      "fieldConfig": {
        "defaults": {
          "color": {
            "fixedColor": "semi-dark-green",
            "mode": "fixed"
          },
          "mappings": [],
          "thresholds": {
            "mode": "absolute",
            "steps": [
              {
                "color": "green"
              },
              {
                "color": "red",
                "value": 80
              }
            ]
          },
          "unit": "currencyGBP"
        },
        "overrides": []
      },
      "gridPos": {
        "h": 8,
        "w": 5,
        "x": 0,
        "y": 2
      },
      "id": 6,
      "options": {
        "colorMode": "value",
        "graphMode": "area",
        "justifyMode": "auto",
        "orientation": "auto",
        "percentChangeColorMode": "standard",
        "reduceOptions": {
          "calcs": [
            "lastNotNull"
          ],
          "fields": "",
          "values": false
        },
        "showPercentChange": false,
        "textMode": "auto",
        "wideLayout": true
      },
      "pluginVersion": "11.6.0",
      "targets": [
        {
          "dataset": "delon16",
          "editorMode": "code",
          "format": "table",
          "rawQuery": true,
          "rawSql": "SELECT SUM(total_spend) FROM delon16.transactions LIMIT 50 ",
          "refId": "A",
          "sql": {
            "columns": [
              {
                "name": "SUM",
                "parameters": [
                  {
                    "name": "total_spend",
                    "type": "functionParameter"
                  }
                ],
                "type": "function"
              }
            ],
            "groupBy": [
              {
                "property": {
                  "type": "string"
                },
                "type": "groupBy"
              }
            ],
            "limit": 50
          },
          "table": "transactions"
        }
      ],
      "title": "Total Revenue",
      "type": "stat"
    },
    {
      "datasource": {
        "type": "mysql",
        "uid": "aej0blnl43aiof"
      },
      "fieldConfig": {
        "defaults": {
          "color": {
            "mode": "palette-classic"
          },
          "custom": {
            "hideFrom": {
              "legend": false,
              "tooltip": false,
              "viz": false
            }
          },
          "mappings": []
        },
        "overrides": []
      },
      "gridPos": {
        "h": 8,
        "w": 5,
        "x": 5,
        "y": 2
      },
      "id": 4,
      "options": {
        "displayLabels": [
          "percent",
          "name"
        ],
        "legend": {
          "displayMode": "list",
          "placement": "bottom",
          "showLegend": false
        },
        "pieType": "pie",
        "reduceOptions": {
          "calcs": [
            "lastNotNull"
          ],
          "fields": "",
          "values": true
        },
        "tooltip": {
          "hideZeros": false,
          "mode": "single",
          "sort": "none"
        }
      },
      "pluginVersion": "11.6.0",
      "targets": [
        {
          "dataset": "delon16",
          "editorMode": "code",
          "format": "table",
          "rawQuery": true,
          "rawSql": "WITH location_revenues AS (\r\n    SELECT \r\n        l.id AS location_id,\r\n        l.town,\r\n        SUM(t.total_spend) AS revenue\r\n    FROM transactions t\r\n    JOIN locations l ON t.location_id = l.id\r\n    WHERE t.location_id IS NOT NULL\r\n    GROUP BY t.location_id\r\n)\r\nSELECT \r\n    lr.town,\r\n    ROUND((lr.revenue / SUM(lr.revenue) OVER()) * 100, 0) AS percentage_of_total\r\nFROM location_revenues lr;\r\n",
          "refId": "A",
          "sql": {
            "columns": [
              {
                "parameters": [],
                "type": "function"
              }
            ],
            "groupBy": [
              {
                "property": {
                  "type": "string"
                },
                "type": "groupBy"
              }
            ],
            "limit": 50
          }
        }
      ],
      "title": "Revenue by Location (%)",
      "type": "piechart"
    },
    {
      "datasource": {
        "type": "mysql",
        "uid": "aej0blnl43aiof"
      },
      "fieldConfig": {
        "defaults": {
          "color": {
            "fixedColor": "green",
            "mode": "fixed"
          },
          "custom": {
            "axisBorderShow": false,
            "axisCenteredZero": false,
            "axisColorMode": "text",
            "axisLabel": "",
            "axisPlacement": "auto",
            "fillOpacity": 40,
            "gradientMode": "none",
            "hideFrom": {
              "legend": false,
              "tooltip": false,
              "viz": false
            },
            "lineWidth": 1,
            "scaleDistribution": {
              "type": "linear"
            },
            "thresholdsStyle": {
              "mode": "dashed"
            }
          },
          "mappings": [],
          "thresholds": {
            "mode": "absolute",
            "steps": [
              {
                "color": "green"
              },
              {
                "color": "red",
                "value": 500
              },
              {
                "color": "orange",
                "value": 950
              },
              {
                "color": "green",
                "value": 1750
              }
            ]
          },
          "unit": "currencyGBP"
        },
        "overrides": []
      },
      "gridPos": {
        "h": 8,
        "w": 5,
        "x": 10,
        "y": 2
      },
      "id": 5,
      "options": {
        "barRadius": 0,
        "barWidth": 0.97,
        "fullHighlight": false,
        "groupWidth": 0.7,
        "legend": {
          "calcs": [],
          "displayMode": "list",
          "placement": "bottom",
          "showLegend": false
        },
        "orientation": "vertical",
        "showValue": "auto",
        "stacking": "none",
        "tooltip": {
          "hideZeros": false,
          "mode": "single",
          "sort": "none"
        },
        "xTickLabelRotation": 25,
        "xTickLabelSpacing": 0
      },
      "pluginVersion": "11.6.0",
      "targets": [
        {
          "dataset": "delon16",
          "editorMode": "code",
          "format": "table",
          "rawQuery": true,
          "rawSql": "WITH location_revenues AS (\r\n    SELECT \r\n        l.id AS location_id,\r\n        l.town,\r\n        SUM(t.total_spend) AS revenue\r\n    FROM transactions t\r\n    JOIN locations l ON t.location_id = l.id\r\n    WHERE t.location_id IS NOT NULL\r\n    GROUP BY t.location_id\r\n)\r\nSELECT \r\n    lr.town,\r\n    ROUND(lr.revenue, 2) AS revenue_rounded\r\nFROM location_revenues lr ORDER BY lr.revenue DESC;\r\n",
          "refId": "A",
          "sql": {
            "columns": [
              {
                "parameters": [],
                "type": "function"
              }
            ],
            "groupBy": [
              {
                "property": {
                  "type": "string"
                },
                "type": "groupBy"
              }
            ],
            "limit": 50
          }
        }
      ],
      "title": "Revenue by Location (UKP) ",
      "type": "barchart"
    },
    {
      "fieldConfig": {
        "defaults": {},
        "overrides": []
      },
      "gridPos": {
        "h": 2,
        "w": 23,
        "x": 0,
        "y": 10
      },
      "id": 8,
      "options": {
        "code": {
          "language": "plaintext",
          "showLineNumbers": false,
          "showMiniMap": false
        },
        "content": "<h1 style=\"margin:0;padding:0;font-size:42px\"\">Sales</h1>",
        "mode": "html"
      },
      "pluginVersion": "11.6.0",
      "title": "",
      "transparent": true,
      "type": "text"
    },
    {
      "datasource": {
        "type": "mysql",
        "uid": "aej0blnl43aiof"
      },
      "fieldConfig": {
        "defaults": {
          "color": {
            "mode": "palette-classic"
          },
          "custom": {
            "axisBorderShow": false,
            "axisCenteredZero": false,
            "axisColorMode": "text",
            "axisLabel": "",
            "axisPlacement": "auto",
            "barAlignment": 0,
            "barWidthFactor": 0.6,
            "drawStyle": "line",
            "fillOpacity": 0,
            "gradientMode": "none",
            "hideFrom": {
              "legend": false,
              "tooltip": false,
              "viz": false
            },
            "insertNulls": false,
            "lineInterpolation": "stepBefore",
            "lineWidth": 1,
            "pointSize": 5,
            "scaleDistribution": {
              "type": "linear"
            },
            "showPoints": "auto",
            "spanNulls": false,
            "stacking": {
              "group": "A",
              "mode": "none"
            },
            "thresholdsStyle": {
              "mode": "off"
            }
          },
          "mappings": [],
          "thresholds": {
            "mode": "absolute",
            "steps": [
              {
                "color": "green"
              },
              {
                "color": "red",
                "value": 80
              }
            ]
          }
        },
        "overrides": []
      },
      "gridPos": {
        "h": 7,
        "w": 18,
        "x": 0,
        "y": 12
      },
      "id": 1,
      "options": {
        "legend": {
          "calcs": [],
          "displayMode": "list",
          "placement": "bottom",
          "showLegend": true
        },
        "tooltip": {
          "hideZeros": false,
          "mode": "single",
          "sort": "none"
        }
      },
      "pluginVersion": "11.6.0",
      "targets": [
        {
          "dataset": "delon16",
          "datasource": {
            "type": "mysql",
            "uid": "aej0blnl43aiof"
          },
          "editorMode": "code",
          "format": "table",
          "rawQuery": true,
          "rawSql": "SELECT \r\n  time, \r\n  total_spend \r\nFROM transactions \r\n",
          "refId": "A",
          "sql": {
            "columns": [
              {
                "parameters": [
                  {
                    "name": "time",
                    "type": "functionParameter"
                  }
                ],
                "type": "function"
              },
              {
                "parameters": [
                  {
                    "name": "total_spend",
                    "type": "functionParameter"
                  }
                ],
                "type": "function"
              },
              {
                "parameters": [],
                "type": "function"
              }
            ],
            "groupBy": [
              {
                "property": {
                  "type": "string"
                },
                "type": "groupBy"
              }
            ],
            "limit": 50
          },
          "table": "transactions"
        }
      ],
      "title": "Sales over time",
      "type": "timeseries"
    },
    {
      "datasource": {
        "type": "mysql",
        "uid": "aej0blnl43aiof"
      },
      "fieldConfig": {
        "defaults": {
          "color": {
            "mode": "palette-classic"
          },
          "custom": {
            "hideFrom": {
              "legend": false,
              "tooltip": false,
              "viz": false
            }
          },
          "mappings": []
        },
        "overrides": []
      },
      "gridPos": {
        "h": 7,
        "w": 5,
        "x": 18,
        "y": 12
      },
      "id": 17,
      "options": {
        "displayLabels": [
          "name",
          "percent"
        ],
        "legend": {
          "displayMode": "list",
          "placement": "bottom",
          "showLegend": false
        },
        "pieType": "pie",
        "reduceOptions": {
          "calcs": [
            "lastNotNull"
          ],
          "fields": "",
          "values": false
        },
        "tooltip": {
          "hideZeros": false,
          "mode": "single",
          "sort": "none"
        }
      },
      "pluginVersion": "11.6.0",
      "targets": [
        {
          "dataset": "delon16",
          "editorMode": "code",
          "format": "table",
          "rawQuery": true,
          "rawSql": "SELECT\r\n    SUM(CASE WHEN size = 'Regular' THEN 1 ELSE 0 END) AS Regular,\r\n    SUM(CASE WHEN size = 'Large' THEN 1 ELSE 0 END) AS Large\r\nFROM baskets\r\nJOIN products ON baskets.product_id = products.id;",
          "refId": "A",
          "sql": {
            "columns": [
              {
                "parameters": [],
                "type": "function"
              }
            ],
            "groupBy": [
              {
                "property": {
                  "type": "string"
                },
                "type": "groupBy"
              }
            ],
            "limit": 50
          }
        }
      ],
      "title": "Sales in Product size (%)",
      "type": "piechart"
    },
    {
      "datasource": {
        "type": "mysql",
        "uid": "aej0blnl43aiof"
      },
      "fieldConfig": {
        "defaults": {
          "color": {
            "mode": "palette-classic"
          },
          "custom": {
            "axisBorderShow": false,
            "axisCenteredZero": false,
            "axisColorMode": "text",
            "axisLabel": "",
            "axisPlacement": "auto",
            "fillOpacity": 40,
            "gradientMode": "none",
            "hideFrom": {
              "legend": false,
              "tooltip": false,
              "viz": false
            },
            "lineWidth": 1,
            "scaleDistribution": {
              "type": "linear"
            },
            "thresholdsStyle": {
              "mode": "dashed"
            }
          },
          "mappings": [],
          "thresholds": {
            "mode": "percentage",
            "steps": [
              {
                "color": "green"
              }
            ]
          }
        },
        "overrides": []
      },
      "gridPos": {
        "h": 12,
        "w": 11,
        "x": 0,
        "y": 19
      },
      "id": 2,
      "options": {
        "barRadius": 0,
        "barWidth": 0.97,
        "colorByField": "product",
        "fullHighlight": false,
        "groupWidth": 0.7,
        "legend": {
          "calcs": [],
          "displayMode": "list",
          "placement": "bottom",
          "showLegend": false
        },
        "orientation": "horizontal",
        "showValue": "auto",
        "stacking": "none",
        "tooltip": {
          "hideZeros": false,
          "mode": "single",
          "sort": "none"
        },
        "xTickLabelRotation": 0,
        "xTickLabelSpacing": 0
      },
      "pluginVersion": "11.6.0",
      "targets": [
        {
          "dataset": "delon16",
          "editorMode": "code",
          "format": "table",
          "rawQuery": true,
          "rawSql": "SELECT \r\n  p.name AS product, \r\n  COUNT(*) AS quantity \r\nFROM baskets b JOIN products p ON b.product_id = p.id \r\nGROUP BY p.name \r\nORDER BY quantity DESC;",
          "refId": "A",
          "sql": {
            "columns": [
              {
                "parameters": [],
                "type": "function"
              }
            ],
            "groupBy": [
              {
                "property": {
                  "type": "string"
                },
                "type": "groupBy"
              }
            ],
            "limit": 50
          },
          "table": "transactions"
        },
        {
          "dataset": "delon16",
          "datasource": {
            "type": "mysql",
            "uid": "aej0blnl43aiof"
          },
          "editorMode": "builder",
          "format": "table",
          "hide": false,
          "rawSql": "",
          "refId": "B"
        }
      ],
      "title": "Overall Sales by Product (units)",
      "type": "barchart"
    },
    {
      "datasource": {
        "type": "mysql",
        "uid": "aej0blnl43aiof"
      },
      "fieldConfig": {
        "defaults": {
          "color": {
            "fixedColor": "orange",
            "mode": "palette-classic"
          },
          "custom": {
            "axisBorderShow": false,
            "axisCenteredZero": false,
            "axisColorMode": "text",
            "axisLabel": "",
            "axisPlacement": "auto",
            "fillOpacity": 40,
            "gradientMode": "none",
            "hideFrom": {
              "legend": false,
              "tooltip": false,
              "viz": false
            },
            "lineWidth": 1,
            "scaleDistribution": {
              "type": "linear"
            },
            "thresholdsStyle": {
              "mode": "off"
            }
          },
          "mappings": [],
          "thresholds": {
            "mode": "absolute",
            "steps": [
              {
                "color": "green"
              },
              {
                "color": "red",
                "value": 80
              }
            ]
          }
        },
        "overrides": []
      },
      "gridPos": {
        "h": 6,
        "w": 7,
        "x": 11,
        "y": 19
      },
      "id": 9,
      "options": {
        "barRadius": 0,
        "barWidth": 0.97,
        "fullHighlight": false,
        "groupWidth": 0.7,
        "legend": {
          "calcs": [],
          "displayMode": "list",
          "placement": "bottom",
          "showLegend": false
        },
        "orientation": "vertical",
        "showValue": "auto",
        "stacking": "none",
        "text": {
          "valueSize": 20
        },
        "tooltip": {
          "hideZeros": false,
          "mode": "single",
          "sort": "none"
        },
        "xTickLabelRotation": 0,
        "xTickLabelSpacing": 0
      },
      "pluginVersion": "11.6.0",
      "targets": [
        {
          "dataset": "delon16",
          "editorMode": "code",
          "format": "table",
          "rawQuery": true,
          "rawSql": "SELECT\r\n    p.flavour AS Flavour, \r\n    COUNT(*)  AS Units\r\nFROM baskets b \r\nJOIN products p ON b.product_id = p.id\r\nWHERE p.name IN ('Flavoured iced latte', 'Flavoured latte') \r\nGROUP BY p.flavour \r\nORDER BY Units DESC;",
          "refId": "A",
          "sql": {
            "columns": [
              {
                "parameters": [],
                "type": "function"
              }
            ],
            "groupBy": [
              {
                "property": {
                  "type": "string"
                },
                "type": "groupBy"
              }
            ],
            "limit": 50
          }
        }
      ],
      "title": "Sales of Flavoured coffee (units)",
      "type": "barchart"
    },
    {
      "datasource": {
        "type": "mysql",
        "uid": "aej0blnl43aiof"
      },
      "fieldConfig": {
        "defaults": {
          "color": {
            "mode": "palette-classic"
          },
          "custom": {
            "hideFrom": {
              "legend": false,
              "tooltip": false,
              "viz": false
            }
          },
          "mappings": []
        },
        "overrides": []
      },
      "gridPos": {
        "h": 6,
        "w": 5,
        "x": 18,
        "y": 19
      },
      "id": 15,
      "options": {
        "displayLabels": [
          "percent",
          "name"
        ],
        "legend": {
          "displayMode": "list",
          "placement": "bottom",
          "showLegend": false
        },
        "pieType": "pie",
        "reduceOptions": {
          "calcs": [],
          "fields": "",
          "values": true
        },
        "tooltip": {
          "hideZeros": false,
          "mode": "single",
          "sort": "none"
        }
      },
      "pluginVersion": "11.6.0",
      "targets": [
        {
          "dataset": "delon16",
          "editorMode": "code",
          "format": "table",
          "rawQuery": true,
          "rawSql": "SELECT\r\n    p.flavour AS Flavour, \r\n    COUNT(*)  AS Units\r\nFROM baskets b \r\nJOIN products p ON b.product_id = p.id\r\nWHERE p.name IN ('Flavoured iced latte', 'Flavoured latte') \r\nGROUP BY p.flavour \r\nORDER BY Units DESC;",
          "refId": "A",
          "sql": {
            "columns": [
              {
                "parameters": [],
                "type": "function"
              }
            ],
            "groupBy": [
              {
                "property": {
                  "type": "string"
                },
                "type": "groupBy"
              }
            ],
            "limit": 50
          }
        }
      ],
      "title": "",
      "type": "piechart"
    },
    {
      "datasource": {
        "type": "mysql",
        "uid": "aej0blnl43aiof"
      },
      "fieldConfig": {
        "defaults": {
          "color": {
            "mode": "palette-classic"
          },
          "custom": {
            "axisBorderShow": false,
            "axisCenteredZero": false,
            "axisColorMode": "text",
            "axisLabel": "",
            "axisPlacement": "auto",
            "fillOpacity": 40,
            "gradientMode": "none",
            "hideFrom": {
              "legend": false,
              "tooltip": false,
              "viz": false
            },
            "lineWidth": 1,
            "scaleDistribution": {
              "type": "linear"
            },
            "thresholdsStyle": {
              "mode": "off"
            }
          },
          "mappings": [
            {
              "options": {
                "English breakfast": {
                  "index": 0,
                  "text": "Breakfast"
                }
              },
              "type": "value"
            }
          ],
          "thresholds": {
            "mode": "absolute",
            "steps": [
              {
                "color": "green"
              },
              {
                "color": "red",
                "value": 80
              }
            ]
          }
        },
        "overrides": []
      },
      "gridPos": {
        "h": 6,
        "w": 7,
        "x": 11,
        "y": 25
      },
      "id": 10,
      "options": {
        "barRadius": 0,
        "barWidth": 0.97,
        "fullHighlight": false,
        "groupWidth": 0.7,
        "legend": {
          "calcs": [],
          "displayMode": "list",
          "placement": "bottom",
          "showLegend": false
        },
        "orientation": "vertical",
        "showValue": "auto",
        "stacking": "none",
        "text": {
          "valueSize": 20
        },
        "tooltip": {
          "hideZeros": false,
          "mode": "single",
          "sort": "none"
        },
        "xTickLabelRotation": 0,
        "xTickLabelSpacing": 0
      },
      "pluginVersion": "11.6.0",
      "targets": [
        {
          "dataset": "delon16",
          "editorMode": "code",
          "format": "table",
          "rawQuery": true,
          "rawSql": "SELECT  \r\n    p.flavour AS Flavour,\r\n    COUNT(b.id) AS Units \r\nFROM \r\n    baskets b \r\nJOIN \r\n    products p ON b.product_id = p.id \r\nWHERE \r\n    p.name = 'Speciality Tea'  \r\nGROUP BY \r\n    p.flavour \r\nORDER BY \r\n    Units DESC;\r\n",
          "refId": "A",
          "sql": {
            "columns": [
              {
                "parameters": [],
                "type": "function"
              }
            ],
            "groupBy": [
              {
                "property": {
                  "type": "string"
                },
                "type": "groupBy"
              }
            ],
            "limit": 50
          }
        }
      ],
      "title": "Sales of Speciality Teas (units)",
      "type": "barchart"
    },
    {
      "datasource": {
        "type": "mysql",
        "uid": "aej0blnl43aiof"
      },
      "fieldConfig": {
        "defaults": {
          "color": {
            "mode": "palette-classic"
          },
          "custom": {
            "hideFrom": {
              "legend": false,
              "tooltip": false,
              "viz": false
            }
          },
          "mappings": [
            {
              "options": {
                "English breakfast": {
                  "index": 0,
                  "text": "Breakfast"
                }
              },
              "type": "value"
            }
          ]
        },
        "overrides": []
      },
      "gridPos": {
        "h": 6,
        "w": 5,
        "x": 18,
        "y": 25
      },
      "id": 16,
      "options": {
        "displayLabels": [
          "percent",
          "name"
        ],
        "legend": {
          "displayMode": "list",
          "placement": "bottom",
          "showLegend": false
        },
        "pieType": "pie",
        "reduceOptions": {
          "calcs": [
            "lastNotNull"
          ],
          "fields": "",
          "values": true
        },
        "tooltip": {
          "hideZeros": false,
          "mode": "single",
          "sort": "none"
        }
      },
      "pluginVersion": "11.6.0",
      "targets": [
        {
          "dataset": "delon16",
          "editorMode": "code",
          "format": "table",
          "rawQuery": true,
          "rawSql": "SELECT  \r\n    p.flavour AS Flavour,\r\n    COUNT(b.id) AS Units \r\nFROM \r\n    baskets b \r\nJOIN \r\n    products p ON b.product_id = p.id \r\nWHERE \r\n    p.name = 'Speciality Tea'  \r\nGROUP BY \r\n    p.flavour \r\nORDER BY \r\n    Units DESC;\r\n",
          "refId": "A",
          "sql": {
            "columns": [
              {
                "parameters": [],
                "type": "function"
              }
            ],
            "groupBy": [
              {
                "property": {
                  "type": "string"
                },
                "type": "groupBy"
              }
            ],
            "limit": 50
          }
        }
      ],
      "title": "",
      "type": "piechart"
    },
    {
      "datasource": {
        "type": "mysql",
        "uid": "aej0blnl43aiof"
      },
      "fieldConfig": {
        "defaults": {
          "color": {
            "mode": "palette-classic"
          },
          "custom": {
            "axisBorderShow": false,
            "axisCenteredZero": false,
            "axisColorMode": "text",
            "axisLabel": "",
            "axisPlacement": "auto",
            "fillOpacity": 40,
            "gradientMode": "none",
            "hideFrom": {
              "legend": false,
              "tooltip": false,
              "viz": false
            },
            "lineWidth": 1,
            "scaleDistribution": {
              "type": "linear"
            },
            "thresholdsStyle": {
              "mode": "off"
            }
          },
          "mappings": [],
          "thresholds": {
            "mode": "absolute",
            "steps": [
              {
                "color": "green"
              },
              {
                "color": "red",
                "value": 80
              }
            ]
          }
        },
        "overrides": []
      },
      "gridPos": {
        "h": 6,
        "w": 11,
        "x": 0,
        "y": 31
      },
      "id": 3,
      "options": {
        "barRadius": 0,
        "barWidth": 0.97,
        "fullHighlight": false,
        "groupWidth": 0.7,
        "legend": {
          "calcs": [],
          "displayMode": "list",
          "placement": "bottom",
          "showLegend": false
        },
        "orientation": "horizontal",
        "showValue": "auto",
        "stacking": "none",
        "tooltip": {
          "hideZeros": false,
          "mode": "single",
          "sort": "none"
        },
        "xTickLabelRotation": 0,
        "xTickLabelSpacing": 0
      },
      "pluginVersion": "11.6.0",
      "targets": [
        {
          "dataset": "delon16",
          "editorMode": "code",
          "format": "table",
          "rawQuery": true,
          "rawSql": "SELECT \r\n  locations.town, \r\n  COUNT(*) AS Units \r\nFROM baskets join transactions on baskets.transaction_id   = transactions.id \r\n             join locations    on transactions.location_id = locations.id \r\nGROUP BY locations.town \r\nORDER BY Units DESC;",
          "refId": "A",
          "sql": {
            "columns": [
              {
                "parameters": [],
                "type": "function"
              }
            ],
            "groupBy": [
              {
                "property": {
                  "type": "string"
                },
                "type": "groupBy"
              }
            ],
            "limit": 50
          }
        }
      ],
      "title": "Total Sales by Location (units) ",
      "type": "barchart"
    },
    {
      "datasource": {
        "type": "mysql",
        "uid": "aej0blnl43aiof"
      },
      "fieldConfig": {
        "defaults": {
          "color": {
            "mode": "palette-classic"
          },
          "custom": {
            "axisBorderShow": false,
            "axisCenteredZero": false,
            "axisColorMode": "text",
            "axisLabel": "",
            "axisPlacement": "auto",
            "fillOpacity": 40,
            "gradientMode": "none",
            "hideFrom": {
              "legend": false,
              "tooltip": false,
              "viz": false
            },
            "lineWidth": 1,
            "scaleDistribution": {
              "type": "linear"
            },
            "thresholdsStyle": {
              "mode": "line+area"
            }
          },
          "decimals": 0,
          "mappings": [],
          "max": 1.075,
          "thresholds": {
            "mode": "absolute",
            "steps": [
              {
                "color": "green"
              }
            ]
          }
        },
        "overrides": []
      },
      "gridPos": {
        "h": 6,
        "w": 12,
        "x": 11,
        "y": 31
      },
      "id": 13,
      "options": {
        "barRadius": 0,
        "barWidth": 0.88,
        "fullHighlight": false,
        "groupWidth": 0.7,
        "legend": {
          "calcs": [],
          "displayMode": "list",
          "placement": "bottom",
          "showLegend": true
        },
        "orientation": "horizontal",
        "showValue": "auto",
        "stacking": "percent",
        "tooltip": {
          "hideZeros": false,
          "mode": "single",
          "sort": "none"
        },
        "xTickLabelRotation": 0,
        "xTickLabelSpacing": 0
      },
      "pluginVersion": "11.6.0",
      "targets": [
        {
          "dataset": "delon16",
          "editorMode": "code",
          "format": "table",
          "rawQuery": true,
          "rawSql": "SELECT\r\n    p.flavour AS Flavour,\r\n    SUM(CASE WHEN p.size = 'Regular' THEN 1 ELSE 0 END) AS Regular,\r\n    SUM(CASE WHEN p.size = 'Large'   THEN 1 ELSE 0 END) AS Large\r\nFROM baskets b\r\nJOIN products p ON b.product_id = p.id\r\nWHERE p.name = 'Flavoured iced latte'\r\nGROUP BY p.flavour\r\nORDER BY Flavour ASC;",
          "refId": "A",
          "sql": {
            "columns": [
              {
                "parameters": [],
                "type": "function"
              }
            ],
            "groupBy": [
              {
                "property": {
                  "type": "string"
                },
                "type": "groupBy"
              }
            ],
            "limit": 50
          }
        }
      ],
      "title": "Flavoured iced latte Sales by Size (%)",
      "type": "barchart"
    },
    {
      "datasource": {
        "type": "mysql",
        "uid": "aej0blnl43aiof"
      },
      "fieldConfig": {
        "defaults": {
          "color": {
            "fixedColor": "green",
            "mode": "palette-classic"
          },
          "custom": {
            "axisBorderShow": false,
            "axisCenteredZero": false,
            "axisColorMode": "text",
            "axisLabel": "",
            "axisPlacement": "auto",
            "fillOpacity": 40,
            "gradientMode": "none",
            "hideFrom": {
              "legend": false,
              "tooltip": false,
              "viz": false
            },
            "lineWidth": 1,
            "scaleDistribution": {
              "type": "linear"
            },
            "thresholdsStyle": {
              "mode": "off"
            }
          },
          "mappings": [],
          "thresholds": {
            "mode": "absolute",
            "steps": [
              {
                "color": "green"
              },
              {
                "color": "red",
                "value": 80
              }
            ]
          }
        },
        "overrides": []
      },
      "gridPos": {
        "h": 11,
        "w": 11,
        "x": 0,
        "y": 37
      },
      "id": 7,
      "options": {
        "barRadius": 0,
        "barWidth": 0.97,
        "fullHighlight": false,
        "groupWidth": 0.7,
        "legend": {
          "calcs": [],
          "displayMode": "list",
          "placement": "bottom",
          "showLegend": true
        },
        "orientation": "horizontal",
        "showValue": "auto",
        "stacking": "percent",
        "tooltip": {
          "hideZeros": false,
          "mode": "single",
          "sort": "none"
        },
        "xTickLabelRotation": 0,
        "xTickLabelSpacing": 0
      },
      "pluginVersion": "11.6.0",
      "targets": [
        {
          "dataset": "delon16",
          "editorMode": "code",
          "format": "table",
          "rawQuery": true,
          "rawSql": "SELECT\r\n  p.name,\r\n  SUM(CASE WHEN p.size = 'Large' THEN CAST(p.price AS DECIMAL) ELSE 0 END) AS Large,\r\n  SUM(CASE WHEN p.size = 'Regular' THEN CAST(p.price AS DECIMAL) ELSE 0 END) AS Regular\r\nFROM\r\n  baskets b\r\nJOIN\r\n  products p ON b.product_id = p.id\r\nGROUP BY\r\n  p.name;\r\n",
          "refId": "A",
          "sql": {
            "columns": [
              {
                "parameters": [],
                "type": "function"
              }
            ],
            "groupBy": [
              {
                "property": {
                  "type": "string"
                },
                "type": "groupBy"
              }
            ],
            "limit": 50
          }
        }
      ],
      "title": "Product sales by unit size (in %)",
      "type": "barchart"
    },
    {
      "datasource": {
        "type": "mysql",
        "uid": "aej0blnl43aiof"
      },
      "fieldConfig": {
        "defaults": {
          "color": {
            "mode": "palette-classic"
          },
          "custom": {
            "axisBorderShow": false,
            "axisCenteredZero": false,
            "axisColorMode": "text",
            "axisLabel": "",
            "axisPlacement": "auto",
            "fillOpacity": 40,
            "gradientMode": "none",
            "hideFrom": {
              "legend": false,
              "tooltip": false,
              "viz": false
            },
            "lineWidth": 1,
            "scaleDistribution": {
              "type": "linear"
            },
            "thresholdsStyle": {
              "mode": "line+area"
            }
          },
          "decimals": 0,
          "mappings": [],
          "max": 1.075,
          "thresholds": {
            "mode": "absolute",
            "steps": [
              {
                "color": "green"
              }
            ]
          }
        },
        "overrides": []
      },
      "gridPos": {
        "h": 5,
        "w": 12,
        "x": 11,
        "y": 37
      },
      "id": 12,
      "options": {
        "barRadius": 0,
        "barWidth": 0.88,
        "fullHighlight": false,
        "groupWidth": 0.7,
        "legend": {
          "calcs": [],
          "displayMode": "list",
          "placement": "bottom",
          "showLegend": true
        },
        "orientation": "horizontal",
        "showValue": "auto",
        "stacking": "percent",
        "tooltip": {
          "hideZeros": false,
          "mode": "single",
          "sort": "none"
        },
        "xTickLabelRotation": 0,
        "xTickLabelSpacing": 0
      },
      "pluginVersion": "11.6.0",
      "targets": [
        {
          "dataset": "delon16",
          "editorMode": "code",
          "format": "table",
          "rawQuery": true,
          "rawSql": "SELECT\r\n    p.flavour AS Flavour,\r\n    SUM(CASE WHEN p.size = 'Regular' THEN 1 ELSE 0 END) AS Regular,\r\n    SUM(CASE WHEN p.size = 'Large'   THEN 1 ELSE 0 END) AS Large\r\nFROM baskets b\r\nJOIN products p ON b.product_id = p.id\r\nWHERE p.name = 'Flavoured latte'\r\nGROUP BY p.flavour\r\nORDER BY Flavour ASC;",
          "refId": "A",
          "sql": {
            "columns": [
              {
                "parameters": [],
                "type": "function"
              }
            ],
            "groupBy": [
              {
                "property": {
                  "type": "string"
                },
                "type": "groupBy"
              }
            ],
            "limit": 50
          }
        }
      ],
      "title": "Flavoured latte Sales by Size (%)",
      "type": "barchart"
    },
    {
      "datasource": {
        "type": "mysql",
        "uid": "aej0blnl43aiof"
      },
      "fieldConfig": {
        "defaults": {
          "color": {
            "mode": "palette-classic"
          },
          "custom": {
            "axisBorderShow": false,
            "axisCenteredZero": false,
            "axisColorMode": "text",
            "axisLabel": "",
            "axisPlacement": "auto",
            "fillOpacity": 40,
            "gradientMode": "none",
            "hideFrom": {
              "legend": false,
              "tooltip": false,
              "viz": false
            },
            "lineWidth": 1,
            "scaleDistribution": {
              "type": "linear"
            },
            "thresholdsStyle": {
              "mode": "line+area"
            }
          },
          "decimals": 0,
          "mappings": [],
          "max": 1.075,
          "thresholds": {
            "mode": "absolute",
            "steps": [
              {
                "color": "green"
              }
            ]
          }
        },
        "overrides": []
      },
      "gridPos": {
        "h": 6,
        "w": 12,
        "x": 11,
        "y": 42
      },
      "id": 11,
      "options": {
        "barRadius": 0,
        "barWidth": 0.88,
        "fullHighlight": false,
        "groupWidth": 0.7,
        "legend": {
          "calcs": [],
          "displayMode": "list",
          "placement": "bottom",
          "showLegend": true
        },
        "orientation": "horizontal",
        "showValue": "auto",
        "stacking": "percent",
        "tooltip": {
          "hideZeros": false,
          "mode": "single",
          "sort": "none"
        },
        "xTickLabelRotation": 0,
        "xTickLabelSpacing": 0
      },
      "pluginVersion": "11.6.0",
      "targets": [
        {
          "dataset": "delon16",
          "editorMode": "code",
          "format": "table",
          "rawQuery": true,
          "rawSql": "SELECT\r\n    p.flavour AS Flavour,\r\n    SUM(CASE WHEN p.size = 'Regular' THEN 1 ELSE 0 END) AS Regular,\r\n    SUM(CASE WHEN p.size = 'Large'   THEN 1 ELSE 0 END) AS Large\r\nFROM baskets b\r\nJOIN products p ON b.product_id = p.id\r\nWHERE p.name = 'Speciality Tea'\r\nGROUP BY p.flavour\r\nORDER BY Flavour ASC;",
          "refId": "A",
          "sql": {
            "columns": [
              {
                "parameters": [],
                "type": "function"
              }
            ],
            "groupBy": [
              {
                "property": {
                  "type": "string"
                },
                "type": "groupBy"
              }
            ],
            "limit": 50
          }
        }
      ],
      "title": "Specialty Tea Sales by Size (%)",
      "type": "barchart"
    }
  ],
  "preload": false,
  "schemaVersion": 41,
  "tags": [],
  "templating": {
    "list": []
  },
  "time": {
    "from": "2021-08-24T21:30:00.000Z",
    "to": "2021-08-25T21:30:00.000Z"
  },
  "timepicker": {},
  "timezone": "browser",
  "title": "BeanMeApp dashboard v1",
  "uid": "aejo0qx8o311cf",
  "version": 100
}