27/04/2025 08:00,Bournemouth,Frances Mckenzie,Large Flavoured latte - Caramel - 2.85,2.85,CASH,
27/04/2025 08:01,Bournemouth,Laura Cross,"Large Flavoured latte - Caramel - 2.85, Regular Iced americano - 2.15, Regular Iced americano - 2.15, Regular Iced americano - 2.15, Large Iced latte - 2.85",12.15,CARD,2202722284793315
27/04/2025 08:03,Bournemouth,Jerry Hawkins,"Regular Iced latte - 2.35, Regular Hot chocolate - 2.20, Large Speciality Tea - English breakfast - 1.60, Regular Flavoured latte - Caramel - 2.55",8.7,CARD,4843886535747308
27/04/2025 08:05,Bournemouth,James Pullen,"Regular Iced americano - 2.15, Regular Red Label tea - 1.20, Large Speciality Tea - English breakfast - 1.60",4.95,CASH,
27/04/2025 08:06,Bournemouth,Lucille Clary,"Large Speciality Tea - English breakfast - 1.60, Regular Hot chocolate - 2.20, Regular Iced latte - 2.35",6.15,CARD,1313774123006188
27/04/2025 08:08,Bournemouth,Dawn Heck,Large Flavoured latte - Caramel - 2.85,2.85,CASH,
27/04/2025 08:10,Bournemouth,Cody Perry,"Large Hot chocolate - 2.90, Regular Flavoured latte - Caramel - 2.55, Regular Hot chocolate - 2.20, Regular Speciality Tea - English breakfast - 1.30",8.95,CASH,
27/04/2025 08:11,Bournemouth,April Delgado,"Regular Red Label tea - 1.20, Large Speciality Tea - English breakfast - 1.60",2.8,CARD,3124218019886485
27/04/2025 08:13,Bournemouth,Kimberly Guyton,"Regular Hot chocolate - 2.20, Large Flavoured latte - Caramel - 2.85, Regular Flavoured hot chocolate - Vanilla - 2.60, Large Iced americano - 2.50, Large Iced americano - 2.50, Large Flavoured iced latte - Hazelnut - 3.25",15.9,CARD,8669967082842945
27/04/2025 08:15,Bournemouth,Jesus Meginnes,"Regular Red Label tea - 1.20, Regular Iced latte - 2.35",3.55,CARD,5070220703094522
27/04/2025 08:17,Bournemouth,Kenneth Johnson,"Regular Flavoured latte - Caramel - 2.55, Regular Flavoured hot chocolate - Vanilla - 2.60, Regular Iced americano - 2.15, Regular Iced latte - 2.35, Regular Hot chocolate - 2.20, Large Red Label tea - 1.80",13.65,CARD,4420233611715807
27/04/2025 08:18,Bournemouth,Delfina Fraughton,"Large Flavoured latte - Caramel - 2.85, Regular Flavoured latte - Caramel - 2.55, Regular Speciality Tea - English breakfast - 1.30",6.7,CARD,7091112385530585
27/04/2025 08:20,Bournemouth,Patricia Buckhannon,"Large Iced americano - 2.50, Regular Flavoured hot chocolate - Vanilla - 2.60, Regular Flavoured iced latte - Hazelnut - 2.75",7.85,CARD,9384380479576730
27/04/2025 08:22,Bournemouth,Alex Fleming,"Large Flavoured iced latte - Hazelnut - 3.25, Regular Flavoured iced latte - Hazelnut - 2.75, Regular Iced americano - 2.15",8.15,CARD,8742166965828980
27/04/2025 08:23,Bournemouth,Mary Villalba,"Regular Flavoured latte - Caramel - 2.55, Large Hot chocolate - 2.90, Regular Speciality Tea - English breakfast - 1.30, Large Hot chocolate - 2.90",9.65,CASH,
27/04/2025 08:25,Bournemouth,James Langham,"Regular Iced latte - 2.35, Regular Flavoured hot chocolate - Vanilla - 2.60, Large Flavoured hot chocolate - Vanilla - 2.90",7.85,CARD,4603455742017233
27/04/2025 08:27,Bournemouth,Micheal Murphy,"Large Flavoured iced latte - Hazelnut - 3.25, Regular Hot chocolate - 2.20",5.45,CASH,
27/04/2025 08:29,Bournemouth,Wendell Caruana,"Regular Flavoured latte - Caramel - 2.55, Large Speciality Tea - English breakfast - 1.60, Large Flavoured latte - Caramel - 2.85, Large Speciality Tea - English breakfast - 1.60, Regular Red Label tea - 1.20",9.8,CARD,4753597015354956
27/04/2025 08:30,Bournemouth,Ollie Tommolino,Large Iced latte - 2.85,2.85,CASH,
27/04/2025 08:32,Bournemouth,Cecelia Benway,"Large Flavoured latte - Caramel - 2.85, Large Iced latte - 2.85, Large Flavoured latte - Caramel - 2.85",8.55,CARD,5203714799660562
27/04/2025 08:34,Bournemouth,Joanne Tritt,"Regular Speciality Tea - English breakfast - 1.30, Regular Flavoured hot chocolate - Vanilla - 2.60, Regular Iced americano - 2.15",6.05,CARD,3218751552293645
27/04/2025 08:35,Bournemouth,Carita Shirley,Regular Iced latte - 2.35,2.35,CARD,9440324530537425
27/04/2025 08:37,Bournemouth,Yvette Whitman,"Regular Speciality Tea - English breakfast - 1.30, Large Hot chocolate - 2.90",4.2,CARD,4346248815747093
27/04/2025 08:39,Bournemouth,Nora Kent,"Regular Speciality Tea - English breakfast - 1.30, Large Iced americano - 2.50, Large Flavoured iced latte - Hazelnut - 3.25",7.05,CASH,
27/04/2025 08:40,Bournemouth,Mary Nadler,"Large Flavoured hot chocolate - Vanilla - 2.90, Regular Flavoured iced latte - Hazelnut - 2.75, Large Flavoured hot chocolate - Vanilla - 2.90",8.55,CASH,
27/04/2025 08:42,Bournemouth,Pamela Jackson,"Large Hot chocolate - 2.90, Large Iced latte - 2.85, Regular Flavoured latte - Caramel - 2.55",8.3,CARD,2418282266567387
27/04/2025 08:44,Bournemouth,Rosalind Bell,"Large Hot chocolate - 2.90, Large Flavoured hot chocolate - Vanilla - 2.90",5.8,CARD,3844717231925593
27/04/2025 08:46,Bournemouth,Christine Grant,"Large Flavoured latte - Caramel - 2.85, Regular Speciality Tea - English breakfast - 1.30",4.15,CARD,2355332716265756
27/04/2025 08:47,Bournemouth,Jeffrey Gonzalez,"Large Iced latte - 2.85, Regular Hot chocolate - 2.20",5.05,CASH,
27/04/2025 08:49,Bournemouth,William Randhawa,"Large Flavoured hot chocolate - Vanilla - 2.90, Regular Hot chocolate - 2.20, Large Hot chocolate - 2.90",8.0,CARD,7380852278003108
27/04/2025 08:51,Bournemouth,Kathryn Hill,"Large Flavoured iced latte - Hazelnut - 3.25, Regular Hot chocolate - 2.20, Large Red Label tea - 1.80, Regular Speciality Tea - English breakfast - 1.30",8.55,CASH,
27/04/2025 08:52,Bournemouth,Brett York,"Regular Hot chocolate - 2.20, Regular Iced americano - 2.15, Regular Flavoured hot chocolate - Vanilla - 2.60, Large Flavoured iced latte - Hazelnut - 3.25",10.2,CARD,9721022256150637
27/04/2025 08:54,Bournemouth,Beatrice Pitts,"Large Iced latte - 2.85, Regular Iced latte - 2.35, Large Speciality Tea - English breakfast - 1.60, Large Red Label tea - 1.80",8.6,CARD,9436913641538318
27/04/2025 08:56,Bournemouth,Aaron Long,"Large Hot chocolate - 2.90, Large Speciality Tea - English breakfast - 1.60",4.5,CARD,6997517229680472
27/04/2025 08:57,Bournemouth,Henry Buffington,"Regular Flavoured latte - Caramel - 2.55, Regular Hot chocolate - 2.20",4.75,CARD,3550642909902696
27/04/2025 08:59,Bournemouth,Clara Vincent,"Large Flavoured latte - Caramel - 2.85, Regular Hot chocolate - 2.20, Large Flavoured latte - Caramel - 2.85, Large Iced americano - 2.50",10.4,CARD,6182047618810460
27/04/2025 09:01,Bournemouth,David Messner,Large Speciality Tea - English breakfast - 1.60,1.6,CARD,9007678766827066
27/04/2025 09:06,Bournemouth,Nathan Conklin,Large Flavoured iced latte - Hazelnut - 3.25,3.25,CARD,7442166573017865
27/04/2025 09:11,Bournemouth,Patricia Corpuz,Regular Red Label tea - 1.20,1.2,CASH,
27/04/2025 09:16,Bournemouth,Lucille Macneil,"Regular Speciality Tea - English breakfast - 1.30, Large Flavoured latte - Caramel - 2.85, Large Speciality Tea - English breakfast - 1.60, Large Iced americano - 2.50",8.25,CARD,3853512360496031
27/04/2025 09:21,Bournemouth,Jason Chase,Regular Flavoured latte - Caramel - 2.55,2.55,CASH,
27/04/2025 09:26,Bournemouth,Debra White,Regular Flavoured latte - Caramel - 2.55,2.55,CASH,
27/04/2025 09:31,Bournemouth,Shay King,"Regular Iced americano - 2.15, Regular Iced americano - 2.15",4.3,CASH,
27/04/2025 09:36,Bournemouth,Jorge Cochran,"Large Speciality Tea - English breakfast - 1.60, Regular Flavoured iced latte - Hazelnut - 2.75, Regular Iced latte - 2.35, Large Iced americano - 2.50",9.2,CASH,
27/04/2025 09:41,Bournemouth,Rachael Woodard,"Regular Flavoured latte - Caramel - 2.55, Regular Iced latte - 2.35, Large Speciality Tea - English breakfast - 1.60, Regular Red Label tea - 1.20, Regular Iced latte - 2.35",10.05,CARD,9679530585939164
27/04/2025 09:46,Bournemouth,Barbara Hale,"Regular Iced latte - 2.35, Regular Speciality Tea - English breakfast - 1.30",3.65,CARD,4292767069670771
27/04/2025 09:51,Bournemouth,Christopher Moore,Regular Speciality Tea - English breakfast - 1.30,1.3,CARD,2286099121906476
27/04/2025 09:56,Bournemouth,Jonas Robertson,"Regular Red Label tea - 1.20, Regular Hot chocolate - 2.20, Large Speciality Tea - English breakfast - 1.60",5.0,CARD,7449148870822297
27/04/2025 10:01,Bournemouth,Marilyn Perry,"Large Iced latte - 2.85, Regular Speciality Tea - English breakfast - 1.30, Large Speciality Tea - English breakfast - 1.60, Regular Flavoured hot chocolate - Vanilla - 2.60, Regular Flavoured latte - Caramel - 2.55",10.9,CARD,6183387810068580
27/04/2025 10:02,Bournemouth,Raymond Lorino,Large Speciality Tea - English breakfast - 1.60,1.6,CASH,
27/04/2025 10:03,Bournemouth,Kathleen Warnke,Large Flavoured latte - Caramel - 2.85,2.85,CASH,
27/04/2025 10:04,Bournemouth,Sherise Filthaut,"Regular Iced americano - 2.15, Regular Red Label tea - 1.20",3.35,CARD,6884428205040128
27/04/2025 10:05,Bournemouth,Martin Somers,"Regular Speciality Tea - English breakfast - 1.30, Large Iced latte - 2.85, Large Iced latte - 2.85",7.0,CASH,
27/04/2025 10:06,Bournemouth,Dolores Remy,"Large Red Label tea - 1.80, Large Flavoured latte - Caramel - 2.85, Regular Iced latte - 2.35, Regular Speciality Tea - English breakfast - 1.30, Large Flavoured iced latte - Hazelnut - 3.25, Regular Iced latte - 2.35",13.9,CASH,
27/04/2025 10:07,Bournemouth,Lynnette Tousignant,"Large Hot chocolate - 2.90, Large Flavoured latte - Caramel - 2.85, Regular Red Label tea - 1.20",6.95,CASH,
27/04/2025 10:08,Bournemouth,Barbara Hazel,"Regular Flavoured iced latte - Hazelnut - 2.75, Large Speciality Tea - English breakfast - 1.60",4.35,CARD,7670346942014076
27/04/2025 10:09,Bournemouth,Justin Dean,"Regular Flavoured iced latte - Hazelnut - 2.75, Regular Flavoured latte - Caramel - 2.55, Large Speciality Tea - English breakfast - 1.60",6.9,CARD,9537664463747355
27/04/2025 10:10,Bournemouth,Susan Schramm,"Large Flavoured latte - Caramel - 2.85, Regular Iced latte - 2.35",5.2,CASH,
27/04/2025 10:11,Bournemouth,Sarah Anderson,"Large Iced latte - 2.85, Regular Iced americano - 2.15",5.0,CARD,8349527784296051
27/04/2025 10:12,Bournemouth,Karen Scott,"Regular Iced latte - 2.35, Regular Hot chocolate - 2.20, Regular Speciality Tea - English breakfast - 1.30",5.85,CARD,8468802784675396
27/04/2025 10:12,Bournemouth,Margaret Henson,"Large Flavoured latte - Caramel - 2.85, Large Hot chocolate - 2.90, Large Flavoured hot chocolate - Vanilla - 2.90, Regular Flavoured latte - Caramel - 2.55",11.2,CARD,4081370253559023
27/04/2025 10:13,Bournemouth,Hong Norris,"Regular Flavoured latte - Caramel - 2.55, Regular Speciality Tea - English breakfast - 1.30, Large Flavoured iced latte - Hazelnut - 3.25, Regular Iced latte - 2.35",9.45,CASH,
27/04/2025 10:14,Bournemouth,Darla Pritchard,"Large Flavoured latte - Caramel - 2.85, Large Flavoured iced latte - Hazelnut - 3.25, Regular Hot chocolate - 2.20, Large Iced latte - 2.85",11.15,CARD,3587514278635915
27/04/2025 10:15,Bournemouth,Brent Tooze,"Large Red Label tea - 1.80, Large Flavoured hot chocolate - Vanilla - 2.90",4.7,CARD,9193001634270100
27/04/2025 10:16,Bournemouth,Willie Paquette,"Large Flavoured hot chocolate - Vanilla - 2.90, Regular Flavoured hot chocolate - Vanilla - 2.60, Regular Red Label tea - 1.20, Regular Flavoured hot chocolate - Vanilla - 2.60",9.3,CARD,1582350603429151
27/04/2025 10:17,Bournemouth,Lois Dinh,"Large Iced americano - 2.50, Large Red Label tea - 1.80, Regular Iced latte - 2.35",6.65,CARD,9005260254866842
27/04/2025 10:18,Bournemouth,Gloria Kinsey,"Large Iced latte - 2.85, Regular Flavoured iced latte - Hazelnut - 2.75, Large Speciality Tea - English breakfast - 1.60",7.2,CARD,1466826007990866
27/04/2025 10:19,Bournemouth,Cynthia Buckles,Large Iced latte - 2.85,2.85,CARD,4387332592120032
27/04/2025 10:20,Bournemouth,Rosanne Mcnish,"Large Flavoured hot chocolate - Vanilla - 2.90, Large Flavoured hot chocolate - Vanilla - 2.90, Regular Flavoured hot chocolate - Vanilla - 2.60",8.4,CARD,4141301395890955
27/04/2025 10:21,Bournemouth,Aaron Valentin,"Large Flavoured latte - Caramel - 2.85, Regular Hot chocolate - 2.20",5.05,CASH,
27/04/2025 10:22,Bournemouth,Benny Rivera,Large Flavoured iced latte - Hazelnut - 3.25,3.25,CASH,
27/04/2025 10:23,Bournemouth,Joan Barnes,Regular Hot chocolate - 2.20,2.2,CARD,6147911666454472
27/04/2025 10:24,Bournemouth,Randy Thomas,"Regular Flavoured latte - Caramel - 2.55, Regular Hot chocolate - 2.20",4.75,CARD,8991278059949558
27/04/2025 10:25,Bournemouth,Eric Cullum,"Large Flavoured latte - Caramel - 2.85, Large Hot chocolate - 2.90, Regular Iced latte - 2.35, Regular Flavoured latte - Caramel - 2.55",10.65,CARD,6583890532222711
27/04/2025 10:26,Bournemouth,Leisa Christian,"Large Red Label tea - 1.80, Regular Speciality Tea - English breakfast - 1.30, Large Flavoured hot chocolate - Vanilla - 2.90",6.0,CASH,
27/04/2025 10:27,Bournemouth,Elizabeth Sheldon,"Regular Iced latte - 2.35, Regular Speciality Tea - English breakfast - 1.30, Regular Hot chocolate - 2.20, Large Red Label tea - 1.80, Large Hot chocolate - 2.90",10.55,CASH,
27/04/2025 10:28,Bournemouth,Santiago Chadderton,"Regular Hot chocolate - 2.20, Large Iced americano - 2.50",4.7,CARD,8548391575360778
27/04/2025 10:29,Bournemouth,James Johnson,"Regular Flavoured hot chocolate - Vanilla - 2.60, Large Flavoured hot chocolate - Vanilla - 2.90, Large Flavoured hot chocolate - Vanilla - 2.90, Large Iced latte - 2.85",11.25,CASH,
27/04/2025 10:30,Bournemouth,Lori Edwards,"Large Red Label tea - 1.80, Large Flavoured latte - Caramel - 2.85",4.65,CARD,7534253876999844
27/04/2025 10:31,Bournemouth,Kenneth Garcia,"Large Red Label tea - 1.80, Large Flavoured latte - Caramel - 2.85, Regular Iced americano - 2.15",6.8,CASH,
27/04/2025 10:32,Bournemouth,Greg Davis,Large Iced americano - 2.50,2.5,CARD,4638634606282106
27/04/2025 10:33,Bournemouth,Jeremy Murphy,"Regular Iced americano - 2.15, Large Speciality Tea - English breakfast - 1.60, Large Hot chocolate - 2.90, Large Iced latte - 2.85",9.5,CARD,7755434258018955
27/04/2025 10:34,Bournemouth,Sherry Smith,"Large Red Label tea - 1.80, Regular Flavoured iced latte - Hazelnut - 2.75, Regular Hot chocolate - 2.20",6.75,CASH,
27/04/2025 10:35,Bournemouth,Judith Fryberger,"Regular Hot chocolate - 2.20, Large Iced latte - 2.85",5.05,CARD,1100251771064235
27/04/2025 10:36,Bournemouth,Maria Johnston,"Regular Hot chocolate - 2.20, Large Flavoured latte - Caramel - 2.85, Regular Flavoured hot chocolate - Vanilla - 2.60",7.65,CARD,5170551244251892
27/04/2025 10:37,Bournemouth,John Ruggiero,"Large Flavoured latte - Caramel - 2.85, Large Flavoured hot chocolate - Vanilla - 2.90",5.75,CASH,
27/04/2025 10:38,Bournemouth,Bethany Barrett,"Regular Flavoured hot chocolate - Vanilla - 2.60, Regular Hot chocolate - 2.20, Regular Iced latte - 2.35, Large Hot chocolate - 2.90, Large Hot chocolate - 2.90",12.95,CASH,
27/04/2025 10:39,Bournemouth,Emily Combs,"Large Speciality Tea - English breakfast - 1.60, Large Iced latte - 2.85, Large Speciality Tea - English breakfast - 1.60, Large Flavoured latte - Caramel - 2.85",8.9,CARD,4675188425540892
27/04/2025 10:40,Bournemouth,Steven Smith,Regular Flavoured latte - Caramel - 2.55,2.55,CASH,
27/04/2025 10:41,Bournemouth,Barbara Hurley,Regular Flavoured hot chocolate - Vanilla - 2.60,2.6,CASH,
27/04/2025 10:41,Bournemouth,John Harris,"Large Flavoured iced latte - Hazelnut - 3.25, Regular Hot chocolate - 2.20, Large Flavoured iced latte - Hazelnut - 3.25",8.7,CARD,3883960961466882
27/04/2025 10:42,Bournemouth,Heather Sizemore,"Large Iced americano - 2.50, Large Flavoured hot chocolate - Vanilla - 2.90, Regular Iced americano - 2.15, Regular Red Label tea - 1.20",8.75,CASH,
27/04/2025 10:43,Bournemouth,Aisha Roller,"Large Flavoured latte - Caramel - 2.85, Large Flavoured iced latte - Hazelnut - 3.25, Regular Iced latte - 2.35",8.45,CARD,3931802439790866
27/04/2025 10:44,Bournemouth,Bruce Hickey,"Large Hot chocolate - 2.90, Regular Flavoured iced latte - Hazelnut - 2.75, Regular Iced americano - 2.15",7.8,CASH,
27/04/2025 10:45,Bournemouth,Christian Pynes,"Large Hot chocolate - 2.90, Regular Flavoured latte - Caramel - 2.55",5.45,CARD,1771576172580165
27/04/2025 10:46,Bournemouth,John Shaw,"Regular Flavoured latte - Caramel - 2.55, Regular Red Label tea - 1.20",3.75,CASH,
27/04/2025 10:47,Bournemouth,Eric John,Large Flavoured hot chocolate - Vanilla - 2.90,2.9,CARD,4043614284803344
27/04/2025 10:48,Bournemouth,Barbara Kimble,"Large Flavoured hot chocolate - Vanilla - 2.90, Large Flavoured hot chocolate - Vanilla - 2.90, Regular Red Label tea - 1.20",7.0,CARD,4612417720432053
27/04/2025 10:49,Bournemouth,John Freeman,"Regular Hot chocolate - 2.20, Large Iced americano - 2.50",4.7,CASH,
27/04/2025 10:50,Bournemouth,Norbert Jordan,"Regular Iced americano - 2.15, Large Iced americano - 2.50",4.65,CARD,6250781716179056
27/04/2025 10:51,Bournemouth,Trent Hardy,"Regular Speciality Tea - English breakfast - 1.30, Regular Flavoured iced latte - Hazelnut - 2.75, Large Flavoured latte - Caramel - 2.85",6.9,CASH,
27/04/2025 10:52,Bournemouth,Marisa Daniel,"Large Speciality Tea - English breakfast - 1.60, Regular Flavoured hot chocolate - Vanilla - 2.60",4.2,CASH,
27/04/2025 10:53,Bournemouth,Weldon Gregg,Large Iced latte - 2.85,2.85,CASH,
27/04/2025 10:54,Bournemouth,Nancy Roth,"Regular Hot chocolate - 2.20, Regular Hot chocolate - 2.20, Regular Speciality Tea - English breakfast - 1.30",5.7,CARD,2905763002434868
27/04/2025 10:55,Bournemouth,Judy Kampman,"Regular Iced latte - 2.35, Regular Iced americano - 2.15, Regular Hot chocolate - 2.20",6.7,CASH,
27/04/2025 10:56,Bournemouth,James Frost,"Regular Iced americano - 2.15, Large Flavoured hot chocolate - Vanilla - 2.90, Regular Flavoured iced latte - Hazelnut - 2.75",7.8,CARD,9471878773510144
27/04/2025 10:57,Bournemouth,Sandra Lemons,Regular Iced americano - 2.15,2.15,CASH,
27/04/2025 10:58,Bournemouth,Joshua Vadenais,Large Flavoured hot chocolate - Vanilla - 2.90,2.9,CASH,
27/04/2025 10:59,Bournemouth,Judith Hill,"Regular Iced americano - 2.15, Large Iced americano - 2.50, Regular Flavoured hot chocolate - Vanilla - 2.60",7.25,CARD,7802693592006688
27/04/2025 11:00,Bournemouth,Daniel Gracely,"Regular Iced latte - 2.35, Large Speciality Tea - English breakfast - 1.60, Large Iced latte - 2.85, Regular Flavoured hot chocolate - Vanilla - 2.60, Large Hot chocolate - 2.90",12.3,CARD,6676010238603395
27/04/2025 11:08,Bournemouth,Charlie Garrett,"Regular Flavoured latte - Caramel - 2.55, Regular Flavoured latte - Caramel - 2.55",5.1,CARD,8203598965536259
27/04/2025 11:17,Bournemouth,Jennifer Daniels,Regular Flavoured hot chocolate - Vanilla - 2.60,2.6,CASH,
27/04/2025 11:26,Bournemouth,Mary Anders,"Regular Hot chocolate - 2.20, Large Iced latte - 2.85, Large Hot chocolate - 2.90",7.95,CASH,
27/04/2025 11:34,Bournemouth,Robert Manley,"Large Flavoured latte - Caramel - 2.85, Large Iced americano - 2.50",5.35,CARD,4155154213765296
27/04/2025 11:43,Bournemouth,Daniel Trammell,"Large Speciality Tea - English breakfast - 1.60, Regular Speciality Tea - English breakfast - 1.30, Large Hot chocolate - 2.90, Regular Flavoured latte - Caramel - 2.55, Regular Hot chocolate - 2.20",10.55,CASH,
27/04/2025 11:51,Bournemouth,John Riddle,"Large Flavoured latte - Caramel - 2.85, Regular Flavoured hot chocolate - Vanilla - 2.60",5.45,CASH,
27/04/2025 12:00,Bournemouth,Aaron Dolan,"Regular Flavoured iced latte - Hazelnut - 2.75, Regular Iced americano - 2.15, Large Iced latte - 2.85",7.75,CARD,3758971994078705
27/04/2025 12:03,Bournemouth,Frances Monger,"Regular Speciality Tea - English breakfast - 1.30, Regular Iced americano - 2.15, Regular Flavoured latte - Caramel - 2.55",6.0,CASH,
27/04/2025 12:06,Bournemouth,Ruth Brock,Regular Hot chocolate - 2.20,2.2,CARD,4577618210038827
27/04/2025 12:08,Bournemouth,Patricia Trumbo,"Large Flavoured latte - Caramel - 2.85, Large Iced latte - 2.85, Large Red Label tea - 1.80",7.5,CARD,4228389336049140
27/04/2025 12:11,Bournemouth,Rebecca Ponce,"Regular Hot chocolate - 2.20, Regular Flavoured hot chocolate - Vanilla - 2.60",4.8,CARD,3323251779927977
27/04/2025 12:14,Bournemouth,Gilbert Fontaine,Large Speciality Tea - English breakfast - 1.60,1.6,CASH,
27/04/2025 12:17,Bournemouth,Edna Puckett,"Regular Speciality Tea - English breakfast - 1.30, Large Iced americano - 2.50, Regular Iced latte - 2.35",6.15,CARD,4187535578728194
27/04/2025 12:20,Bournemouth,Steven Jackson,"Regular Speciality Tea - English breakfast - 1.30, Regular Iced latte - 2.35",3.65,CASH,
27/04/2025 12:23,Bournemouth,Patricia Gallagher,Large Red Label tea - 1.80,1.8,CARD,1899593704652963
27/04/2025 12:25,Bournemouth,Max Adams,Large Hot chocolate - 2.90,2.9,CARD,6738469792705844
27/04/2025 12:28,Bournemouth,Maria Martin,"Large Flavoured iced latte - Hazelnut - 3.25, Regular Speciality Tea - English breakfast - 1.30, Regular Flavoured iced latte - Hazelnut - 2.75, Regular Iced americano - 2.15",9.45,CASH,
27/04/2025 12:31,Bournemouth,Jamie Thomas,"Large Flavoured hot chocolate - Vanilla - 2.90, Large Iced latte - 2.85",5.75,CARD,9750340837932218
27/04/2025 12:34,Bournemouth,Hope Fowler,"Large Speciality Tea - English breakfast - 1.60, Large Speciality Tea - English breakfast - 1.60",3.2,CARD,5098982600029655
27/04/2025 12:37,Bournemouth,Joanne Birt,"Large Flavoured iced latte - Hazelnut - 3.25, Large Flavoured latte - Caramel - 2.85, Regular Hot chocolate - 2.20",8.3,CARD,4404227622265083
27/04/2025 12:40,Bournemouth,Julie Barraza,"Large Iced latte - 2.85, Large Iced latte - 2.85",5.7,CARD,1124122024755071
27/04/2025 12:43,Bournemouth,Mitchell Bryant,"Regular Flavoured hot chocolate - Vanilla - 2.60, Large Iced latte - 2.85, Regular Flavoured latte - Caramel - 2.55",8.0,CASH,
27/04/2025 12:45,Bournemouth,Rodney Bartlett,"Large Hot chocolate - 2.90, Regular Iced latte - 2.35",5.25,CARD,7860679076428834
27/04/2025 12:48,Bournemouth,Diane Barrentine,"Large Flavoured hot chocolate - Vanilla - 2.90, Large Red Label tea - 1.80, Regular Speciality Tea - English breakfast - 1.30, Large Red Label tea - 1.80",7.8,CARD,4436549248508334
27/04/2025 12:51,Bournemouth,Leroy Howard,"Regular Flavoured iced latte - Hazelnut - 2.75, Large Iced latte - 2.85, Large Iced americano - 2.50, Regular Hot chocolate - 2.20",10.3,CARD,3726444457466199
27/04/2025 12:54,Bournemouth,Doris Deloach,Large Iced americano - 2.50,2.5,CASH,
27/04/2025 12:57,Bournemouth,Deidre Ortega,"Regular Hot chocolate - 2.20, Regular Red Label tea - 1.20, Regular Speciality Tea - English breakfast - 1.30",4.7,CARD,1552054920358359
27/04/2025 13:00,Bournemouth,Scott Mcbain,"Regular Iced latte - 2.35, Large Hot chocolate - 2.90, Regular Flavoured hot chocolate - Vanilla - 2.60",7.85,CARD,6625832602005868
27/04/2025 13:01,Bournemouth,Pearlie Whitehurst,"Large Flavoured iced latte - Hazelnut - 3.25, Regular Speciality Tea - English breakfast - 1.30, Large Iced latte - 2.85",7.4,CARD,7152812770262488
27/04/2025 13:02,Bournemouth,William Teas,Large Iced latte - 2.85,2.85,CARD,9535008225067638
27/04/2025 13:03,Bournemouth,Dora Fitzpatrick,Regular Hot chocolate - 2.20,2.2,CARD,1539512219343235
27/04/2025 13:04,Bournemouth,Dale Herring,Regular Speciality Tea - English breakfast - 1.30,1.3,CARD,9701253961396046
27/04/2025 13:05,Bournemouth,Mary Sharp,"Large Flavoured latte - Caramel - 2.85, Regular Flavoured latte - Caramel - 2.55, Regular Hot chocolate - 2.20, Large Iced americano - 2.50",10.1,CARD,3683330282247042
27/04/2025 13:05,Bournemouth,Mary Kin,"Large Flavoured hot chocolate - Vanilla - 2.90, Regular Flavoured hot chocolate - Vanilla - 2.60, Large Iced americano - 2.50, Regular Flavoured hot chocolate - Vanilla - 2.60, Regular Hot chocolate - 2.20",12.8,CARD,6387587873966179
27/04/2025 13:06,Bournemouth,Michelle Torbett,"Large Iced americano - 2.50, Large Hot chocolate - 2.90",5.4,CARD,4819053771291156
27/04/2025 13:07,Bournemouth,Suzanne Tuttle,"Regular Red Label tea - 1.20, Regular Flavoured latte - Caramel - 2.55",3.75,CASH,
27/04/2025 13:08,Bournemouth,Chad Rohling,"Large Hot chocolate - 2.90, Regular Hot chocolate - 2.20",5.1,CASH,
27/04/2025 13:09,Bournemouth,Pamala Song,"Large Flavoured iced latte - Hazelnut - 3.25, Large Flavoured hot chocolate - Vanilla - 2.90",6.15,CASH,
27/04/2025 13:10,Bournemouth,Arthur Pinner,"Large Hot chocolate - 2.90, Regular Hot chocolate - 2.20, Regular Hot chocolate - 2.20, Large Iced americano - 2.50",9.8,CASH,
27/04/2025 13:11,Bournemouth,Heather Mccarthy,"Large Flavoured latte - Caramel - 2.85, Regular Speciality Tea - English breakfast - 1.30",4.15,CARD,7287837518065065
27/04/2025 13:12,Bournemouth,Michael Gallegos,Large Flavoured latte - Caramel - 2.85,2.85,CASH,
27/04/2025 13:13,Bournemouth,Pamela Gray,"Regular Flavoured hot chocolate - Vanilla - 2.60, Large Hot chocolate - 2.90, Regular Flavoured iced latte - Hazelnut - 2.75",8.25,CARD,9427372046118089
27/04/2025 13:14,Bournemouth,Misty Cunningham,"Regular Iced latte - 2.35, Large Iced americano - 2.50, Regular Speciality Tea - English breakfast - 1.30, Regular Speciality Tea - English breakfast - 1.30, Large Flavoured hot chocolate - Vanilla - 2.90, Regular Hot chocolate - 2.20",12.55,CARD,1491670956462133
27/04/2025 13:15,Bournemouth,Betty Carter,"Regular Red Label tea - 1.20, Large Speciality Tea - English breakfast - 1.60, Large Speciality Tea - English breakfast - 1.60, Regular Red Label tea - 1.20, Regular Flavoured hot chocolate - Vanilla - 2.60, Regular Hot chocolate - 2.20",10.4,CARD,7266266016926234
27/04/2025 13:16,Bournemouth,Lisa Benitez,Regular Speciality Tea - English breakfast - 1.30,1.3,CASH,
27/04/2025 13:17,Bournemouth,Melanie Fraser,Large Flavoured hot chocolate - Vanilla - 2.90,2.9,CASH,
27/04/2025 13:18,Bournemouth,Lola Smolik,"Large Flavoured latte - Caramel - 2.85, Large Flavoured iced latte - Hazelnut - 3.25, Regular Iced americano - 2.15, Regular Flavoured iced latte - Hazelnut - 2.75, Regular Hot chocolate - 2.20, Regular Iced americano - 2.15",15.35,CASH,
27/04/2025 13:19,Bournemouth,Katherine Huntley,Regular Red Label tea - 1.20,1.2,CASH,
27/04/2025 13:20,Bournemouth,Brianne Carlson,Regular Iced latte - 2.35,2.35,CARD,5995586909253808
27/04/2025 13:21,Bournemouth,Pattie Donovan,"Large Flavoured latte - Caramel - 2.85, Large Red Label tea - 1.80, Regular Flavoured hot chocolate - Vanilla - 2.60, Large Speciality Tea - English breakfast - 1.60",8.85,CARD,7228281416093935
27/04/2025 13:22,Bournemouth,James Mcginnis,"Regular Iced americano - 2.15, Regular Flavoured hot chocolate - Vanilla - 2.60, Large Flavoured latte - Caramel - 2.85, Regular Speciality Tea - English breakfast - 1.30, Large Flavoured latte - Caramel - 2.85, Regular Red Label tea - 1.20",12.95,CASH,
27/04/2025 13:23,Bournemouth,Susan Martinez,"Regular Flavoured latte - Caramel - 2.55, Regular Iced latte - 2.35, Regular Speciality Tea - English breakfast - 1.30",6.2,CASH,
27/04/2025 13:24,Bournemouth,Albert Wright,"Large Iced americano - 2.50, Large Speciality Tea - English breakfast - 1.60",4.1,CASH,
27/04/2025 13:25,Bournemouth,David Yager,Large Hot chocolate - 2.90,2.9,CASH,
27/04/2025 13:26,Bournemouth,Dorothy Garcia,"Regular Speciality Tea - English breakfast - 1.30, Large Red Label tea - 1.80, Large Red Label tea - 1.80, Large Hot chocolate - 2.90, Regular Flavoured latte - Caramel - 2.55",10.35,CARD,6892246331893507
27/04/2025 13:27,Bournemouth,Randy Mendez,Regular Flavoured hot chocolate - Vanilla - 2.60,2.6,CARD,7771400607209474
27/04/2025 13:28,Bournemouth,Kathryn Anderson,Large Iced americano - 2.50,2.5,CARD,9331045296995195
27/04/2025 13:29,Bournemouth,Billy Lewis,"Large Iced latte - 2.85, Regular Iced latte - 2.35, Regular Iced americano - 2.15, Regular Hot chocolate - 2.20, Regular Flavoured iced latte - Hazelnut - 2.75",12.3,CARD,4925448644014591
27/04/2025 13:30,Bournemouth,Brandon Saxe,"Large Red Label tea - 1.80, Large Hot chocolate - 2.90, Regular Flavoured hot chocolate - Vanilla - 2.60",7.3,CARD,1851847877401263
27/04/2025 13:31,Bournemouth,Lori Wright,"Large Flavoured hot chocolate - Vanilla - 2.90, Regular Speciality Tea - English breakfast - 1.30, Large Flavoured latte - Caramel - 2.85",7.05,CARD,2676414881991078
27/04/2025 13:32,Bournemouth,Devon Groce,"Large Iced latte - 2.85, Large Flavoured latte - Caramel - 2.85, Regular Hot chocolate - 2.20, Large Flavoured hot chocolate - Vanilla - 2.90",10.8,CARD,6678282206546123
27/04/2025 13:33,Bournemouth,James Goff,"Large Hot chocolate - 2.90, Regular Flavoured latte - Caramel - 2.55",5.45,CASH,
27/04/2025 13:34,Bournemouth,Rachell Grimm,"Large Flavoured iced latte - Hazelnut - 3.25, Large Iced latte - 2.85, Regular Iced americano - 2.15, Regular Red Label tea - 1.20",9.45,CARD,1134779738002606
27/04/2025 13:34,Bournemouth,Kathryn Meachum,"Large Speciality Tea - English breakfast - 1.60, Large Flavoured hot chocolate - Vanilla - 2.90, Large Iced latte - 2.85, Large Hot chocolate - 2.90, Regular Flavoured latte - Caramel - 2.55, Large Red Label tea - 1.80",14.6,CARD,8748595915007931
27/04/2025 13:35,Bournemouth,Dorothy Hudgens,"Regular Speciality Tea - English breakfast - 1.30, Regular Hot chocolate - 2.20, Large Speciality Tea - English breakfast - 1.60, Large Flavoured iced latte - Hazelnut - 3.25",8.35,CARD,3448303295887180
27/04/2025 13:36,Bournemouth,George Shaw,"Large Speciality Tea - English breakfast - 1.60, Regular Iced americano - 2.15",3.75,CARD,8645212095143879
27/04/2025 13:37,Bournemouth,Theresa Brown,"Regular Iced latte - 2.35, Regular Flavoured latte - Caramel - 2.55, Regular Flavoured iced latte - Hazelnut - 2.75, Regular Red Label tea - 1.20",8.85,CASH,
27/04/2025 13:38,Bournemouth,William Adams,Regular Flavoured latte - Caramel - 2.55,2.55,CASH,
27/04/2025 13:39,Bournemouth,Robert Wright,"Regular Speciality Tea - English breakfast - 1.30, Large Red Label tea - 1.80, Regular Speciality Tea - English breakfast - 1.30, Large Hot chocolate - 2.90, Regular Iced latte - 2.35",9.65,CASH,
27/04/2025 13:40,Bournemouth,Martha Runge,"Large Flavoured hot chocolate - Vanilla - 2.90, Regular Iced americano - 2.15, Regular Flavoured iced latte - Hazelnut - 2.75, Large Flavoured hot chocolate - Vanilla - 2.90, Regular Speciality Tea - English breakfast - 1.30",12.0,CASH,
27/04/2025 13:41,Bournemouth,James Giles,"Large Hot chocolate - 2.90, Large Flavoured iced latte - Hazelnut - 3.25, Regular Iced americano - 2.15, Large Speciality Tea - English breakfast - 1.60, Large Speciality Tea - English breakfast - 1.60",11.5,CARD,4516684044926028
27/04/2025 13:42,Bournemouth,Walter Middleton,"Large Iced latte - 2.85, Regular Speciality Tea - English breakfast - 1.30",4.15,CASH,
27/04/2025 13:43,Bournemouth,Henry Martinez,"Regular Speciality Tea - English breakfast - 1.30, Large Hot chocolate - 2.90, Large Speciality Tea - English breakfast - 1.60, Large Speciality Tea - English breakfast - 1.60, Regular Hot chocolate - 2.20",9.6,CARD,1155835408673645
27/04/2025 13:44,Bournemouth,Ernest Webber,"Regular Flavoured hot chocolate - Vanilla - 2.60, Large Flavoured iced latte - Hazelnut - 3.25",5.85,CARD,8790114834185999
27/04/2025 13:45,Bournemouth,Alejandro Watson,"Large Red Label tea - 1.80, Large Hot chocolate - 2.90, Regular Iced latte - 2.35, Regular Flavoured hot chocolate - Vanilla - 2.60, Regular Speciality Tea - English breakfast - 1.30",10.95,CASH,
27/04/2025 13:46,Bournemouth,Ronald Haines,"Regular Iced latte - 2.35, Regular Hot chocolate - 2.20",4.55,CARD,3615698362233657
27/04/2025 13:47,Bournemouth,Dawn Jankowski,Regular Flavoured iced latte - Hazelnut - 2.75,2.75,CARD,3703223166570224
27/04/2025 13:48,Bournemouth,Phillis Jenkins,"Regular Speciality Tea - English breakfast - 1.30, Large Hot chocolate - 2.90, Large Red Label tea - 1.80, Large Flavoured latte - Caramel - 2.85",8.85,CASH,
27/04/2025 13:49,Bournemouth,Shirley Hannahs,"Regular Iced americano - 2.15, Large Speciality Tea - English breakfast - 1.60, Regular Iced americano - 2.15, Regular Hot chocolate - 2.20, Regular Speciality Tea - English breakfast - 1.30",9.4,CARD,7471634611180113
27/04/2025 13:50,Bournemouth,Yetta Williams,"Regular Red Label tea - 1.20, Large Speciality Tea - English breakfast - 1.60",2.8,CASH,
27/04/2025 13:51,Bournemouth,Jennie Quade,Large Red Label tea - 1.80,1.8,CARD,6472959873153254
27/04/2025 13:52,Bournemouth,Robert Bayles,"Large Flavoured iced latte - Hazelnut - 3.25, Large Flavoured hot chocolate - Vanilla - 2.90, Large Hot chocolate - 2.90",9.05,CARD,1825213381424445
27/04/2025 13:53,Bournemouth,Ronald Ybarra,"Large Speciality Tea - English breakfast - 1.60, Regular Speciality Tea - English breakfast - 1.30, Regular Flavoured hot chocolate - Vanilla - 2.60",5.5,CARD,4038606017435190
27/04/2025 13:54,Bournemouth,Amanda Hall,"Regular Flavoured latte - Caramel - 2.55, Large Flavoured iced latte - Hazelnut - 3.25, Large Hot chocolate - 2.90",8.7,CARD,7031151010347596
27/04/2025 13:55,Bournemouth,Jessica Brown,Large Hot chocolate - 2.90,2.9,CARD,3204960014805139
27/04/2025 13:56,Bournemouth,Joseph Mast,"Large Iced americano - 2.50, Large Flavoured iced latte - Hazelnut - 3.25, Regular Flavoured iced latte - Hazelnut - 2.75, Regular Flavoured iced latte - Hazelnut - 2.75, Regular Red Label tea - 1.20",12.45,CARD,5317370516700427
27/04/2025 13:57,Bournemouth,Jose Johnson,"Regular Speciality Tea - English breakfast - 1.30, Large Iced americano - 2.50",3.8,CARD,6089985545865809
27/04/2025 13:58,Bournemouth,Danny Mcgregor,"Regular Iced latte - 2.35, Regular Flavoured latte - Caramel - 2.55, Regular Flavoured latte - Caramel - 2.55, Large Hot chocolate - 2.90, Regular Hot chocolate - 2.20, Regular Red Label tea - 1.20",13.75,CARD,9472463849891542
27/04/2025 13:59,Bournemouth,Valentina Crowe,"Large Iced americano - 2.50, Large Hot chocolate - 2.90, Regular Hot chocolate - 2.20, Regular Iced americano - 2.15, Large Iced latte - 2.85",12.6,CARD,9856664549130906
27/04/2025 14:00,Bournemouth,Carey Cook,Regular Speciality Tea - English breakfast - 1.30,1.3,CARD,6821767370081612
27/04/2025 14:00,Bournemouth,Elvira Short,Large Red Label tea - 1.80,1.8,CARD,1835757712505376
27/04/2025 14:01,Bournemouth,George Rosen,"Large Speciality Tea - English breakfast - 1.60, Large Iced americano - 2.50, Regular Speciality Tea - English breakfast - 1.30, Regular Red Label tea - 1.20, Large Hot chocolate - 2.90",9.5,CARD,5400397392120807
27/04/2025 14:02,Bournemouth,Myron Kim,"Regular Iced americano - 2.15, Regular Flavoured hot chocolate - Vanilla - 2.60, Regular Iced latte - 2.35, Regular Hot chocolate - 2.20, Regular Red Label tea - 1.20",10.5,CARD,8494924880626931
27/04/2025 14:03,Bournemouth,Charles Sevilla,"Large Iced americano - 2.50, Large Red Label tea - 1.80",4.3,CARD,6859920484439583
27/04/2025 14:04,Bournemouth,Bryan Thomas,"Large Iced americano - 2.50, Large Speciality Tea - English breakfast - 1.60, Regular Flavoured hot chocolate - Vanilla - 2.60",6.7,CARD,1614757045666547
27/04/2025 14:04,Bournemouth,Marian Osborne,"Regular Speciality Tea - English breakfast - 1.30, Large Iced latte - 2.85, Regular Iced latte - 2.35, Large Flavoured hot chocolate - Vanilla - 2.90",9.4,CASH,
27/04/2025 14:05,Bournemouth,Paul Subido,"Large Flavoured hot chocolate - Vanilla - 2.90, Large Flavoured latte - Caramel - 2.85, Large Iced latte - 2.85",8.6,CARD,5952727378528563
27/04/2025 14:06,Bournemouth,Robert Ladd,"Regular Flavoured hot chocolate - Vanilla - 2.60, Large Speciality Tea - English breakfast - 1.60",4.2,CARD,4249347497763568
27/04/2025 14:07,Bournemouth,Johnny Headrick,"Regular Red Label tea - 1.20, Large Flavoured latte - Caramel - 2.85, Large Speciality Tea - English breakfast - 1.60",5.65,CARD,8279028770484920
27/04/2025 14:08,Bournemouth,Scott Huerta,"Regular Iced latte - 2.35, Regular Iced latte - 2.35, Large Iced americano - 2.50, Large Hot chocolate - 2.90",10.1,CARD,3773055525957841
27/04/2025 14:08,Bournemouth,Barbara Hall,Regular Flavoured iced latte - Hazelnut - 2.75,2.75,CARD,5075612861821266
27/04/2025 14:09,Bournemouth,Eula Sullivan,Large Iced americano - 2.50,2.5,CARD,3020247372295017
27/04/2025 14:10,Bournemouth,Mark Rosenberg,"Regular Flavoured latte - Caramel - 2.55, Large Flavoured iced latte - Hazelnut - 3.25, Regular Hot chocolate - 2.20, Regular Iced latte - 2.35, Large Speciality Tea - English breakfast - 1.60, Regular Flavoured hot chocolate - Vanilla - 2.60",14.55,CARD,6090524298498207
27/04/2025 14:11,Bournemouth,Arthur Hughes,"Regular Speciality Tea - English breakfast - 1.30, Regular Iced latte - 2.35, Regular Speciality Tea - English breakfast - 1.30, Regular Iced latte - 2.35, Regular Hot chocolate - 2.20",9.5,CARD,2188964454927463
27/04/2025 14:12,Bournemouth,James Foster,"Large Iced americano - 2.50, Large Hot chocolate - 2.90, Large Speciality Tea - English breakfast - 1.60, Large Red Label tea - 1.80",8.8,CARD,2290941425073484
27/04/2025 14:12,Bournemouth,Cheryl Tookes,"Regular Hot chocolate - 2.20, Regular Hot chocolate - 2.20",4.4,CARD,7342837972979826
27/04/2025 14:13,Bournemouth,Penny Walker,"Regular Hot chocolate - 2.20, Regular Iced americano - 2.15, Regular Flavoured latte - Caramel - 2.55",6.9,CARD,4055828641474089
27/04/2025 14:14,Bournemouth,John Thorsness,"Regular Iced americano - 2.15, Large Iced americano - 2.50",4.65,CARD,6182990973410756
27/04/2025 14:15,Bournemouth,Colleen Baker,"Regular Flavoured latte - Caramel - 2.55, Regular Red Label tea - 1.20, Regular Hot chocolate - 2.20",5.95,CASH,
27/04/2025 14:16,Bournemouth,Rosemary Groseclose,"Regular Iced latte - 2.35, Large Iced latte - 2.85, Large Red Label tea - 1.80, Regular Iced latte - 2.35, Regular Speciality Tea - English breakfast - 1.30",10.65,CARD,4297325268308028
27/04/2025 14:16,Bournemouth,Donna Warrick,Regular Iced latte - 2.35,2.35,CARD,3397296686742456
27/04/2025 14:17,Bournemouth,Christian Pagano,"Regular Hot chocolate - 2.20, Large Iced americano - 2.50",4.7,CARD,4483852325850282
27/04/2025 14:18,Bournemouth,Sonja Buckland,"Regular Flavoured hot chocolate - Vanilla - 2.60, Large Iced latte - 2.85, Large Flavoured iced latte - Hazelnut - 3.25",8.7,CARD,7066696624421451
27/04/2025 14:19,Bournemouth,Jeffrey Bucher,Regular Hot chocolate - 2.20,2.2,CASH,
27/04/2025 14:20,Bournemouth,Elaine Bosco,"Regular Hot chocolate - 2.20, Regular Hot chocolate - 2.20",4.4,CASH,
27/04/2025 14:20,Bournemouth,John Griffin,Regular Iced latte - 2.35,2.35,CARD,6710610841398301
27/04/2025 14:21,Bournemouth,William Oliver,"Regular Flavoured latte - Caramel - 2.55, Large Hot chocolate - 2.90, Large Hot chocolate - 2.90",8.35,CARD,4336544185129090
27/04/2025 14:22,Bournemouth,Lillian Smith,"Large Hot chocolate - 2.90, Regular Speciality Tea - English breakfast - 1.30, Large Hot chocolate - 2.90, Large Iced americano - 2.50",9.6,CARD,4943996274319774
27/04/2025 14:23,Bournemouth,Frances Moses,"Large Iced americano - 2.50, Regular Red Label tea - 1.20, Large Flavoured iced latte - Hazelnut - 3.25, Regular Flavoured iced latte - Hazelnut - 2.75",9.7,CASH,
27/04/2025 14:24,Bournemouth,Anita Clendenin,"Regular Iced americano - 2.15, Large Iced latte - 2.85",5.0,CASH,
27/04/2025 14:24,Bournemouth,Thomas Bates,Large Flavoured iced latte - Hazelnut - 3.25,3.25,CASH,
27/04/2025 14:25,Bournemouth,David Scott,"Large Flavoured iced latte - Hazelnut - 3.25, Regular Flavoured latte - Caramel - 2.55",5.8,CARD,6694165737977077
27/04/2025 14:26,Bournemouth,Juan Roberts,"Large Flavoured iced latte - Hazelnut - 3.25, Regular Iced latte - 2.35",5.6,CARD,4789086317912914
27/04/2025 14:27,Bournemouth,Eric Daniel,"Regular Flavoured hot chocolate - Vanilla - 2.60, Large Iced americano - 2.50",5.1,CARD,1628376941074908
27/04/2025 14:28,Bournemouth,Michael Hart,"Regular Flavoured iced latte - Hazelnut - 2.75, Large Iced americano - 2.50, Regular Hot chocolate - 2.20",7.45,CARD,6166582761225365
27/04/2025 14:28,Bournemouth,Kerry Pearson,"Regular Flavoured hot chocolate - Vanilla - 2.60, Regular Red Label tea - 1.20",3.8,CARD,6854812787751577
27/04/2025 14:29,Bournemouth,Juan Janke,"Large Red Label tea - 1.80, Large Flavoured iced latte - Hazelnut - 3.25",5.05,CASH,
27/04/2025 14:30,Bournemouth,Loretta Clark,"Large Red Label tea - 1.80, Large Hot chocolate - 2.90, Regular Iced latte - 2.35, Large Flavoured hot chocolate - Vanilla - 2.90, Large Flavoured latte - Caramel - 2.85",12.8,CARD,3030637272333908
27/04/2025 14:31,Bournemouth,Hugh Webb,"Regular Iced americano - 2.15, Large Flavoured latte - Caramel - 2.85, Regular Flavoured iced latte - Hazelnut - 2.75",7.75,CARD,8017624330609690
27/04/2025 14:32,Bournemouth,Kevin Terry,Large Hot chocolate - 2.90,2.9,CASH,
27/04/2025 14:32,Bournemouth,Kristin Diaz,Regular Flavoured hot chocolate - Vanilla - 2.60,2.6,CASH,
27/04/2025 14:33,Bournemouth,Jo Martin,Large Hot chocolate - 2.90,2.9,CARD,5888965114639515
27/04/2025 14:34,Bournemouth,Heather Revering,"Regular Flavoured hot chocolate - Vanilla - 2.60, Large Speciality Tea - English breakfast - 1.60, Regular Iced latte - 2.35, Regular Iced americano - 2.15",8.7,CARD,4222806076047242
27/04/2025 14:35,Bournemouth,Alvina Shaikh,"Regular Speciality Tea - English breakfast - 1.30, Regular Flavoured iced latte - Hazelnut - 2.75, Large Flavoured iced latte - Hazelnut - 3.25",7.3,CASH,
27/04/2025 14:36,Bournemouth,Mirtha Devotie,Large Flavoured hot chocolate - Vanilla - 2.90,2.9,CASH,
27/04/2025 14:36,Bournemouth,Brady Thai,Regular Flavoured iced latte - Hazelnut - 2.75,2.75,CARD,4373070654835501
27/04/2025 14:37,Bournemouth,Frances Snelson,"Large Flavoured hot chocolate - Vanilla - 2.90, Regular Iced latte - 2.35",5.25,CARD,6474441605736594
27/04/2025 14:38,Bournemouth,Jacqueline Domingo,"Large Speciality Tea - English breakfast - 1.60, Regular Iced latte - 2.35, Regular Flavoured latte - Caramel - 2.55",6.5,CARD,9918183265076211
27/04/2025 14:39,Bournemouth,Regina Nelson,"Large Speciality Tea - English breakfast - 1.60, Large Flavoured hot chocolate - Vanilla - 2.90",4.5,CARD,4017595731514949
27/04/2025 14:40,Bournemouth,Sarah Cornwell,"Regular Flavoured latte - Caramel - 2.55, Large Red Label tea - 1.80, Regular Flavoured iced latte - Hazelnut - 2.75, Regular Speciality Tea - English breakfast - 1.30, Large Iced americano - 2.50",10.9,CARD,6902482171366916
27/04/2025 14:40,Bournemouth,Matthew Pompey,"Regular Iced americano - 2.15, Large Iced latte - 2.85",5.0,CARD,4516396202426930
27/04/2025 14:41,Bournemouth,Sheila Miller,"Regular Speciality Tea - English breakfast - 1.30, Large Iced americano - 2.50",3.8,CARD,1361312716429986
27/04/2025 14:42,Bournemouth,Jeffrey Mcglone,Regular Iced latte - 2.35,2.35,CARD,8074679919806588
27/04/2025 14:43,Bournemouth,Daniel Balderas,"Large Iced americano - 2.50, Large Flavoured iced latte - Hazelnut - 3.25, Large Flavoured iced latte - Hazelnut - 3.25, Large Flavoured latte - Caramel - 2.85, Large Flavoured latte - Caramel - 2.85, Regular Flavoured iced latte - Hazelnut - 2.75",17.45,CARD,6512360374647435
27/04/2025 14:44,Bournemouth,Robert Oconnell,"Regular Hot chocolate - 2.20, Large Flavoured hot chocolate - Vanilla - 2.90, Large Flavoured iced latte - Hazelnut - 3.25, Regular Red Label tea - 1.20, Large Hot chocolate - 2.90",12.45,CARD,5114020724192986
27/04/2025 14:44,Bournemouth,Amber Wilson,"Large Iced americano - 2.50, Large Speciality Tea - English breakfast - 1.60",4.1,CARD,4305223776194551
27/04/2025 14:45,Bournemouth,Jesse Krall,"Large Speciality Tea - English breakfast - 1.60, Large Iced latte - 2.85, Regular Iced latte - 2.35, Regular Flavoured latte - Caramel - 2.55",9.35,CARD,2249222734879858
27/04/2025 14:46,Bournemouth,Phillip Stewart,Large Iced latte - 2.85,2.85,CARD,8538427538479845
27/04/2025 14:47,Bournemouth,Larry Thomas,"Large Iced americano - 2.50, Regular Iced latte - 2.35, Large Hot chocolate - 2.90, Regular Hot chocolate - 2.20",9.95,CARD,7959354553103567
27/04/2025 14:48,Bournemouth,Rachelle Warden,Large Flavoured hot chocolate - Vanilla - 2.90,2.9,CARD,6395841862537453
27/04/2025 14:48,Bournemouth,Patricia Padilla,Regular Speciality Tea - English breakfast - 1.30,1.3,CASH,
27/04/2025 14:49,Bournemouth,William Voit,"Regular Iced latte - 2.35, Large Iced americano - 2.50",4.85,CARD,6730555003710568
27/04/2025 14:50,Bournemouth,Amber Absher,"Regular Flavoured latte - Caramel - 2.55, Large Hot chocolate - 2.90",5.45,CARD,9100453173394844
27/04/2025 14:51,Bournemouth,Theodore Daugherty,"Regular Speciality Tea - English breakfast - 1.30, Large Red Label tea - 1.80, Large Flavoured hot chocolate - Vanilla - 2.90, Regular Hot chocolate - 2.20",8.2,CARD,1376509483771489
27/04/2025 14:52,Bournemouth,Stephen Battle,"Large Flavoured latte - Caramel - 2.85, Regular Hot chocolate - 2.20, Large Speciality Tea - English breakfast - 1.60, Regular Hot chocolate - 2.20",8.85,CARD,6274520803055333
27/04/2025 14:52,Bournemouth,Kathryn Damboise,"Large Iced americano - 2.50, Regular Red Label tea - 1.20",3.7,CARD,3518308064575345
27/04/2025 14:53,Bournemouth,Justin Landa,"Large Iced latte - 2.85, Regular Iced latte - 2.35, Regular Flavoured hot chocolate - Vanilla - 2.60, Regular Iced americano - 2.15, Large Flavoured latte - Caramel - 2.85, Large Speciality Tea - English breakfast - 1.60",14.4,CARD,1306386765465086
27/04/2025 14:54,Bournemouth,Robert Stephens,"Regular Hot chocolate - 2.20, Regular Iced latte - 2.35, Large Red Label tea - 1.80",6.35,CARD,6998534757925827
27/04/2025 14:55,Bournemouth,Ivan Burris,"Large Red Label tea - 1.80, Regular Iced americano - 2.15, Regular Iced americano - 2.15, Large Speciality Tea - English breakfast - 1.60",7.7,CASH,
27/04/2025 14:56,Bournemouth,Dennis Bernstein,"Regular Iced americano - 2.15, Regular Iced latte - 2.35, Large Hot chocolate - 2.90, Large Iced americano - 2.50, Large Flavoured hot chocolate - Vanilla - 2.90",12.8,CARD,9617546309300505
27/04/2025 14:56,Bournemouth,Lionel Fay,"Regular Iced americano - 2.15, Regular Red Label tea - 1.20",3.35,CARD,2168369488831282
27/04/2025 14:57,Bournemouth,Rachel Bulle,"Regular Iced americano - 2.15, Large Hot chocolate - 2.90, Regular Flavoured latte - Caramel - 2.55",7.6,CARD,4296808290663453
27/04/2025 14:58,Bournemouth,Valerie White,"Large Iced latte - 2.85, Large Flavoured hot chocolate - Vanilla - 2.90, Large Speciality Tea - English breakfast - 1.60",7.35,CARD,1356249082662983
27/04/2025 14:59,Bournemouth,Diane Hallberg,Large Speciality Tea - English breakfast - 1.60,1.6,CARD,6538871439155115
27/04/2025 15:00,Bournemouth,Susan Woolfrey,"Large Hot chocolate - 2.90, Large Iced latte - 2.85",5.75,CARD,1642070408082616
27/04/2025 15:01,Bournemouth,Tillie Delavega,"Regular Iced americano - 2.15, Large Hot chocolate - 2.90",5.05,CARD,9505264493608260
27/04/2025 15:02,Bournemouth,Donald Davis,"Regular Speciality Tea - English breakfast - 1.30, Regular Red Label tea - 1.20, Regular Hot chocolate - 2.20",4.7,CASH,
27/04/2025 15:04,Bournemouth,Olivia Erickson,Regular Flavoured latte - Caramel - 2.55,2.55,CARD,3161224178142312
27/04/2025 15:05,Bournemouth,June Garcia,"Regular Iced americano - 2.15, Large Hot chocolate - 2.90",5.05,CARD,5265909900841539
27/04/2025 15:07,Bournemouth,Peggy Crumpton,"Large Flavoured iced latte - Hazelnut - 3.25, Regular Hot chocolate - 2.20",5.45,CASH,
27/04/2025 15:08,Bournemouth,Anthony Brooks,"Large Flavoured latte - Caramel - 2.85, Regular Iced americano - 2.15, Regular Speciality Tea - English breakfast - 1.30, Large Speciality Tea - English breakfast - 1.60, Regular Iced americano - 2.15",10.05,CASH,
27/04/2025 15:10,Bournemouth,Oscar Velazquez,"Large Hot chocolate - 2.90, Large Iced latte - 2.85, Regular Iced latte - 2.35",8.1,CARD,6193926084445190
27/04/2025 15:11,Bournemouth,Heather Velasquez,"Regular Flavoured hot chocolate - Vanilla - 2.60, Regular Iced americano - 2.15",4.75,CARD,1262838020343422
27/04/2025 15:12,Bournemouth,Bernard Osborn,Large Flavoured latte - Caramel - 2.85,2.85,CARD,7252755619767783
27/04/2025 15:14,Bournemouth,Vincent Gutierrez,"Regular Speciality Tea - English breakfast - 1.30, Large Hot chocolate - 2.90, Regular Speciality Tea - English breakfast - 1.30",5.5,CARD,2862353242417691
27/04/2025 15:15,Bournemouth,Caroline Soto,"Regular Iced americano - 2.15, Large Iced latte - 2.85, Large Hot chocolate - 2.90, Large Flavoured iced latte - Hazelnut - 3.25",11.15,CARD,2444154638971527
27/04/2025 15:17,Bournemouth,Jane Kriser,Regular Speciality Tea - English breakfast - 1.30,1.3,CASH,
27/04/2025 15:18,Bournemouth,Jasmine Ramos,Regular Flavoured iced latte - Hazelnut - 2.75,2.75,CASH,
27/04/2025 15:19,Bournemouth,Debra Beers,"Regular Red Label tea - 1.20, Regular Flavoured hot chocolate - Vanilla - 2.60, Large Speciality Tea - English breakfast - 1.60, Regular Flavoured latte - Caramel - 2.55, Large Flavoured hot chocolate - Vanilla - 2.90",10.85,CARD,9914851675516142
27/04/2025 15:21,Bournemouth,Sherri Sarris,"Regular Iced americano - 2.15, Regular Iced americano - 2.15, Large Flavoured latte - Caramel - 2.85",7.15,CARD,3840720196207949
27/04/2025 15:22,Bournemouth,Jim Adrian,"Regular Flavoured iced latte - Hazelnut - 2.75, Regular Hot chocolate - 2.20, Large Flavoured iced latte - Hazelnut - 3.25, Large Flavoured hot chocolate - Vanilla - 2.90",11.1,CARD,2746733309032849
27/04/2025 15:24,Bournemouth,Betty Cuadrado,"Large Iced americano - 2.50, Large Flavoured latte - Caramel - 2.85, Large Iced latte - 2.85, Large Iced americano - 2.50, Large Hot chocolate - 2.90",13.6,CASH,
27/04/2025 15:25,Bournemouth,Jaclyn Hill,"Large Flavoured latte - Caramel - 2.85, Large Iced americano - 2.50, Regular Flavoured hot chocolate - Vanilla - 2.60, Regular Iced americano - 2.15, Regular Flavoured latte - Caramel - 2.55, Large Red Label tea - 1.80",14.45,CASH,
27/04/2025 15:27,Bournemouth,Jeri Race,Regular Flavoured latte - Caramel - 2.55,2.55,CARD,6628885584689278
27/04/2025 15:28,Bournemouth,Justin Boteilho,"Large Iced latte - 2.85, Regular Hot chocolate - 2.20",5.05,CARD,9625015505698892
27/04/2025 15:29,Bournemouth,Susan Miles,"Regular Speciality Tea - English breakfast - 1.30, Large Flavoured iced latte - Hazelnut - 3.25, Regular Iced latte - 2.35, Regular Flavoured latte - Caramel - 2.55, Large Flavoured hot chocolate - Vanilla - 2.90",12.35,CASH,
27/04/2025 15:31,Bournemouth,Dorothy Choi,"Large Hot chocolate - 2.90, Regular Red Label tea - 1.20, Regular Flavoured iced latte - Hazelnut - 2.75, Regular Flavoured latte - Caramel - 2.55, Large Iced latte - 2.85",12.25,CARD,8980618849525074
27/04/2025 15:32,Bournemouth,Dora Solano,"Large Iced latte - 2.85, Large Iced latte - 2.85, Regular Hot chocolate - 2.20",7.9,CARD,3555419994354901
27/04/2025 15:34,Bournemouth,Eleanor Mccloud,"Regular Hot chocolate - 2.20, Regular Iced latte - 2.35",4.55,CARD,5395309628826155
27/04/2025 15:35,Bournemouth,David Becker,Regular Hot chocolate - 2.20,2.2,CASH,
27/04/2025 15:36,Bournemouth,Guadalupe Alexander,Large Flavoured latte - Caramel - 2.85,2.85,CARD,1925079110987273
27/04/2025 15:38,Bournemouth,Rosemarie Price,Regular Hot chocolate - 2.20,2.2,CASH,
27/04/2025 15:39,Bournemouth,David Giannone,"Large Iced latte - 2.85, Large Red Label tea - 1.80, Regular Flavoured hot chocolate - Vanilla - 2.60",7.25,CARD,5168248595563133
27/04/2025 15:41,Bournemouth,Cecilia Sachez,"Large Speciality Tea - English breakfast - 1.60, Large Flavoured hot chocolate - Vanilla - 2.90, Large Iced americano - 2.50, Regular Red Label tea - 1.20, Large Hot chocolate - 2.90",11.1,CARD,3036761322217532
27/04/2025 15:42,Bournemouth,Jose Gill,"Regular Flavoured iced latte - Hazelnut - 2.75, Regular Hot chocolate - 2.20, Regular Red Label tea - 1.20",6.15,CARD,7815454329609501
27/04/2025 15:44,Bournemouth,Maria Johnson,Regular Iced americano - 2.15,2.15,CARD,6135815158133210
27/04/2025 15:45,Bournemouth,Cynthia Whitaker,"Large Red Label tea - 1.80, Regular Iced latte - 2.35, Large Iced latte - 2.85, Large Iced americano - 2.50",9.5,CASH,
27/04/2025 15:46,Bournemouth,Carl Shirley,"Large Iced latte - 2.85, Large Iced latte - 2.85, Regular Iced americano - 2.15",7.85,CASH,
27/04/2025 15:48,Bournemouth,Jennifer Biancuzzo,"Large Flavoured latte - Caramel - 2.85, Regular Hot chocolate - 2.20, Regular Iced americano - 2.15",7.2,CASH,
27/04/2025 15:49,Bournemouth,Rosa Quimby,"Large Flavoured iced latte - Hazelnut - 3.25, Regular Flavoured latte - Caramel - 2.55, Regular Flavoured hot chocolate - Vanilla - 2.60",8.4,CASH,
27/04/2025 15:51,Bournemouth,Mabel Foreman,"Regular Hot chocolate - 2.20, Large Speciality Tea - English breakfast - 1.60, Regular Iced latte - 2.35, Large Hot chocolate - 2.90, Regular Iced americano - 2.15",11.2,CASH,
27/04/2025 15:52,Bournemouth,Natalie Holland,"Large Iced latte - 2.85, Regular Flavoured iced latte - Hazelnut - 2.75, Regular Flavoured hot chocolate - Vanilla - 2.60",8.2,CARD,8113955763325908
27/04/2025 15:53,Bournemouth,Carroll Bryson,Large Iced latte - 2.85,2.85,CASH,
27/04/2025 15:55,Bournemouth,Willie Feltus,"Regular Flavoured latte - Caramel - 2.55, Regular Red Label tea - 1.20, Large Iced americano - 2.50, Regular Speciality Tea - English breakfast - 1.30, Large Speciality Tea - English breakfast - 1.60, Large Red Label tea - 1.80",10.95,CARD,1526635773734701
27/04/2025 15:56,Bournemouth,Frank James,"Regular Hot chocolate - 2.20, Large Iced americano - 2.50, Regular Hot chocolate - 2.20, Regular Speciality Tea - English breakfast - 1.30",8.2,CARD,6108727489519269
27/04/2025 15:58,Bournemouth,Jordan Johnson,"Large Iced latte - 2.85, Large Speciality Tea - English breakfast - 1.60, Regular Speciality Tea - English breakfast - 1.30, Large Flavoured hot chocolate - Vanilla - 2.90",8.65,CARD,1165308121661443
27/04/2025 15:59,Bournemouth,Venetta Reynoso,Large Flavoured latte - Caramel - 2.85,2.85,CASH,
27/04/2025 16:01,Bournemouth,Mattie Reed,"Large Flavoured latte - Caramel - 2.85, Large Flavoured iced latte - Hazelnut - 3.25, Regular Flavoured iced latte - Hazelnut - 2.75, Regular Iced americano - 2.15, Large Speciality Tea - English breakfast - 1.60",12.6,CARD,9144844174499101
27/04/2025 16:03,Bournemouth,David Hill,"Regular Speciality Tea - English breakfast - 1.30, Regular Iced americano - 2.15",3.45,CASH,
27/04/2025 16:05,Bournemouth,Paul Selmer,Regular Flavoured iced latte - Hazelnut - 2.75,2.75,CASH,
27/04/2025 16:07,Bournemouth,Alice Jackson,"Regular Hot chocolate - 2.20, Large Speciality Tea - English breakfast - 1.60, Large Speciality Tea - English breakfast - 1.60, Regular Speciality Tea - English breakfast - 1.30, Regular Speciality Tea - English breakfast - 1.30",8.0,CASH,
27/04/2025 16:09,Bournemouth,John Elliott,"Regular Flavoured hot chocolate - Vanilla - 2.60, Regular Flavoured latte - Caramel - 2.55",5.15,CASH,
27/04/2025 16:11,Bournemouth,Gerald Best,"Regular Flavoured hot chocolate - Vanilla - 2.60, Regular Flavoured latte - Caramel - 2.55, Regular Iced americano - 2.15, Regular Iced latte - 2.35, Regular Flavoured latte - Caramel - 2.55",12.2,CASH,
27/04/2025 16:13,Bournemouth,Geoffrey Tino,"Large Flavoured hot chocolate - Vanilla - 2.90, Large Iced latte - 2.85, Large Iced latte - 2.85, Regular Speciality Tea - English breakfast - 1.30, Regular Iced latte - 2.35",12.25,CARD,7310944551415004
27/04/2025 16:15,Bournemouth,Robert Johnson,"Large Iced americano - 2.50, Regular Flavoured iced latte - Hazelnut - 2.75, Regular Iced americano - 2.15, Regular Iced latte - 2.35, Regular Flavoured hot chocolate - Vanilla - 2.60",12.35,CARD,5120257649876082
27/04/2025 16:17,Bournemouth,Ivette Jason,"Large Red Label tea - 1.80, Regular Iced americano - 2.15",3.95,CARD,5410653548680224
27/04/2025 16:19,Bournemouth,Orville Gallon,"Regular Flavoured iced latte - Hazelnut - 2.75, Regular Iced americano - 2.15, Large Iced latte - 2.85, Large Red Label tea - 1.80, Large Iced latte - 2.85",12.4,CARD,9348503326078985
27/04/2025 16:21,Bournemouth,Debra Monette,"Regular Flavoured latte - Caramel - 2.55, Large Iced latte - 2.85, Regular Red Label tea - 1.20, Regular Iced americano - 2.15, Large Iced americano - 2.50",11.25,CARD,5426626620559117
27/04/2025 16:23,Bournemouth,Jesica Cady,"Regular Hot chocolate - 2.20, Regular Hot chocolate - 2.20",4.4,CARD,9910145199579375
27/04/2025 16:25,Bournemouth,Pearl Cook,"Large Speciality Tea - English breakfast - 1.60, Large Hot chocolate - 2.90, Large Flavoured iced latte - Hazelnut - 3.25",7.75,CASH,
27/04/2025 16:27,Bournemouth,Angelo Stuart,"Large Hot chocolate - 2.90, Regular Speciality Tea - English breakfast - 1.30",4.2,CARD,2516319491076458
27/04/2025 16:29,Bournemouth,Carl White,Regular Iced americano - 2.15,2.15,CARD,8916032704423977
27/04/2025 16:31,Bournemouth,Julie Weir,Large Flavoured latte - Caramel - 2.85,2.85,CASH,
27/04/2025 16:33,Bournemouth,David Forrest,"Large Iced americano - 2.50, Large Speciality Tea - English breakfast - 1.60, Regular Speciality Tea - English breakfast - 1.30",5.4,CARD,5177217733586722
27/04/2025 16:35,Bournemouth,Louis Condra,Regular Flavoured latte - Caramel - 2.55,2.55,CARD,7186135548776612
27/04/2025 16:37,Bournemouth,Joseph Seat,Large Flavoured hot chocolate - Vanilla - 2.90,2.9,CARD,9855654614466864
27/04/2025 16:39,Bournemouth,Wanda Piedra,"Regular Speciality Tea - English breakfast - 1.30, Large Iced americano - 2.50",3.8,CASH,
27/04/2025 16:41,Bournemouth,Ray Waldon,Large Flavoured iced latte - Hazelnut - 3.25,3.25,CASH,
27/04/2025 16:43,Bournemouth,Elsie Holmes,Regular Flavoured iced latte - Hazelnut - 2.75,2.75,CASH,
27/04/2025 16:45,Bournemouth,Julie Murphy,Regular Speciality Tea - English breakfast - 1.30,1.3,CARD,7724300703850055
27/04/2025 16:47,Bournemouth,Lizeth Farnham,Regular Iced latte - 2.35,2.35,CARD,6066891962531011
27/04/2025 16:49,Bournemouth,Richard Harris,Regular Iced latte - 2.35,2.35,CARD,4266711798984414
27/04/2025 16:51,Bournemouth,Maria Wilcox,"Regular Speciality Tea - English breakfast - 1.30, Regular Speciality Tea - English breakfast - 1.30, Regular Red Label tea - 1.20, Large Speciality Tea - English breakfast - 1.60, Large Iced latte - 2.85",8.25,CASH,
27/04/2025 16:53,Bournemouth,Ernest Osborn,"Regular Speciality Tea - English breakfast - 1.30, Large Flavoured hot chocolate - Vanilla - 2.90, Large Speciality Tea - English breakfast - 1.60, Large Iced americano - 2.50, Large Flavoured latte - Caramel - 2.85, Regular Red Label tea - 1.20",12.35,CASH,
27/04/2025 16:55,Bournemouth,Ruby Seawell,"Regular Speciality Tea - English breakfast - 1.30, Large Speciality Tea - English breakfast - 1.60, Large Flavoured iced latte - Hazelnut - 3.25",6.15,CARD,7234388491865325
27/04/2025 16:57,Bournemouth,Phillip Mayberry,"Regular Hot chocolate - 2.20, Regular Speciality Tea - English breakfast - 1.30, Regular Flavoured iced latte - Hazelnut - 2.75",6.25,CARD,1365178688893336
27/04/2025 16:59,Bournemouth,Antoinette Foster,"Regular Flavoured latte - Caramel - 2.55, Large Flavoured iced latte - Hazelnut - 3.25",5.8,CASH,
27/04/2025 17:01,Bournemouth,Michael Priem,Regular Iced latte - 2.35,2.35,CARD,5352349299366987
27/04/2025 17:03,Bournemouth,Chasity Santos,Large Red Label tea - 1.80,1.8,CARD,7756634766710923
27/04/2025 17:06,Bournemouth,Janelle Hollen,Large Flavoured latte - Caramel - 2.85,2.85,CARD,2472158468999551
27/04/2025 17:08,Bournemouth,Joanna Kirkland,"Large Red Label tea - 1.80, Regular Iced latte - 2.35, Regular Flavoured latte - Caramel - 2.55",6.7,CASH,
27/04/2025 17:11,Bournemouth,Arthur Basbas,"Regular Flavoured latte - Caramel - 2.55, Large Hot chocolate - 2.90",5.45,CARD,7334398480735623
27/04/2025 17:14,Bournemouth,John Bennett,"Large Flavoured hot chocolate - Vanilla - 2.90, Large Flavoured iced latte - Hazelnut - 3.25",6.15,CARD,7452906015484361
27/04/2025 17:16,Bournemouth,Edith Finley,"Regular Hot chocolate - 2.20, Large Speciality Tea - English breakfast - 1.60",3.8,CASH,
27/04/2025 17:19,Bournemouth,Nancy Krall,"Large Flavoured hot chocolate - Vanilla - 2.90, Large Iced latte - 2.85, Large Red Label tea - 1.80, Large Iced americano - 2.50, Regular Iced americano - 2.15, Regular Iced americano - 2.15",14.35,CARD,8656045099993105
27/04/2025 17:21,Bournemouth,Jason Wright,Large Red Label tea - 1.80,1.8,CARD,8511936318948080
27/04/2025 17:24,Bournemouth,Andrew Rodriguez,"Regular Speciality Tea - English breakfast - 1.30, Regular Speciality Tea - English breakfast - 1.30, Regular Hot chocolate - 2.20, Regular Red Label tea - 1.20, Regular Iced latte - 2.35",8.35,CARD,6475777719278670
27/04/2025 17:27,Bournemouth,Jessica Parker,"Regular Iced latte - 2.35, Large Iced latte - 2.85",5.2,CASH,
27/04/2025 17:29,Bournemouth,Sylvia Viernes,Regular Speciality Tea - English breakfast - 1.30,1.3,CARD,8362225424153806
27/04/2025 17:32,Bournemouth,Stephen Loughborough,"Large Iced americano - 2.50, Large Flavoured latte - Caramel - 2.85, Large Iced americano - 2.50",7.85,CARD,3223809027059066
27/04/2025 17:34,Bournemouth,Ella Hart,"Regular Flavoured iced latte - Hazelnut - 2.75, Large Flavoured latte - Caramel - 2.85, Regular Speciality Tea - English breakfast - 1.30, Regular Flavoured hot chocolate - Vanilla - 2.60",9.5,CARD,4788466974130875
27/04/2025 17:37,Bournemouth,Helena Blair,"Large Iced americano - 2.50, Regular Hot chocolate - 2.20, Large Iced latte - 2.85, Regular Flavoured latte - Caramel - 2.55, Large Red Label tea - 1.80",11.9,CASH,
27/04/2025 17:40,Bournemouth,Otto Guthrie,"Regular Iced latte - 2.35, Regular Flavoured latte - Caramel - 2.55",4.9,CARD,6997317722494457
27/04/2025 17:42,Bournemouth,Brian Jarman,"Regular Hot chocolate - 2.20, Large Hot chocolate - 2.90, Regular Flavoured hot chocolate - Vanilla - 2.60, Large Flavoured iced latte - Hazelnut - 3.25, Regular Speciality Tea - English breakfast - 1.30",12.25,CASH,
27/04/2025 17:45,Bournemouth,Mildred Fonte,"Regular Iced americano - 2.15, Large Hot chocolate - 2.90, Regular Iced americano - 2.15, Regular Hot chocolate - 2.20, Large Iced latte - 2.85, Large Hot chocolate - 2.90",15.15,CARD,7969451151045679
27/04/2025 17:47,Bournemouth,Edith Steppig,"Regular Hot chocolate - 2.20, Regular Flavoured latte - Caramel - 2.55, Large Flavoured iced latte - Hazelnut - 3.25, Large Flavoured iced latte - Hazelnut - 3.25, Large Speciality Tea - English breakfast - 1.60",12.85,CARD,7274240781336565
27/04/2025 17:50,Bournemouth,Todd Jones,"Regular Hot chocolate - 2.20, Large Flavoured latte - Caramel - 2.85, Regular Flavoured iced latte - Hazelnut - 2.75, Large Speciality Tea - English breakfast - 1.60, Regular Hot chocolate - 2.20",11.6,CARD,6995400027090079
27/04/2025 17:53,Bournemouth,Karina Munoz,"Large Flavoured latte - Caramel - 2.85, Large Flavoured hot chocolate - Vanilla - 2.90",5.75,CARD,6685419798282776
27/04/2025 17:55,Bournemouth,Linda Williams,Regular Red Label tea - 1.20,1.2,CASH,
27/04/2025 17:58,Bournemouth,Suzanne Rosas,"Regular Iced latte - 2.35, Regular Iced latte - 2.35, Regular Flavoured iced latte - Hazelnut - 2.75, Regular Flavoured latte - Caramel - 2.55",10.0,CASH,
27/04/2025 18:00,Bournemouth,Gayle Burke,"Regular Hot chocolate - 2.20, Regular Flavoured iced latte - Hazelnut - 2.75, Large Hot chocolate - 2.90, Large Hot chocolate - 2.90, Large Speciality Tea - English breakfast - 1.60, Large Flavoured hot chocolate - Vanilla - 2.90",15.25,CASH,
27/04/2025 18:02,Bournemouth,William Davis,"Large Iced americano - 2.50, Large Iced americano - 2.50, Large Speciality Tea - English breakfast - 1.60, Regular Iced americano - 2.15, Large Speciality Tea - English breakfast - 1.60, Regular Iced latte - 2.35",12.7,CARD,5685631461356802
27/04/2025 18:03,Bournemouth,Carolyn Chappel,"Large Iced latte - 2.85, Large Flavoured iced latte - Hazelnut - 3.25, Large Hot chocolate - 2.90, Large Iced latte - 2.85, Large Red Label tea - 1.80",13.65,CARD,4086727165748493
27/04/2025 18:04,Bournemouth,Daniel Lee,"Regular Hot chocolate - 2.20, Large Iced americano - 2.50, Large Iced latte - 2.85, Large Red Label tea - 1.80, Large Speciality Tea - English breakfast - 1.60",10.95,CASH,
27/04/2025 18:05,Bournemouth,Sally York,"Large Flavoured latte - Caramel - 2.85, Regular Hot chocolate - 2.20, Regular Speciality Tea - English breakfast - 1.30, Regular Red Label tea - 1.20, Regular Speciality Tea - English breakfast - 1.30",8.85,CASH,
27/04/2025 18:07,Bournemouth,Elizabeth Brennan,"Regular Speciality Tea - English breakfast - 1.30, Large Red Label tea - 1.80, Large Speciality Tea - English breakfast - 1.60, Regular Flavoured latte - Caramel - 2.55, Regular Hot chocolate - 2.20",9.45,CARD,4011885785550159
27/04/2025 18:08,Bournemouth,Melinda Hartsell,"Regular Hot chocolate - 2.20, Large Hot chocolate - 2.90, Regular Iced latte - 2.35",7.45,CARD,7427120251388236
27/04/2025 18:09,Bournemouth,Teresa Parker,"Regular Speciality Tea - English breakfast - 1.30, Large Iced latte - 2.85, Large Hot chocolate - 2.90",7.05,CARD,2673427252914935
27/04/2025 18:10,Bournemouth,Peter Blow,Regular Flavoured hot chocolate - Vanilla - 2.60,2.6,CASH,
27/04/2025 18:12,Bournemouth,Paul Simpkins,"Regular Red Label tea - 1.20, Regular Flavoured iced latte - Hazelnut - 2.75",3.95,CARD,4998133583345847
27/04/2025 18:13,Bournemouth,Carl Brown,"Large Iced americano - 2.50, Regular Red Label tea - 1.20",3.7,CARD,7401098086546877
27/04/2025 18:14,Bournemouth,Irene Gentry,"Regular Speciality Tea - English breakfast - 1.30, Regular Flavoured latte - Caramel - 2.55",3.85,CASH,
27/04/2025 18:15,Bournemouth,Fidelia Lee,"Regular Flavoured latte - Caramel - 2.55, Regular Iced americano - 2.15",4.7,CARD,5568990852970615
27/04/2025 18:17,Bournemouth,Ricky Younger,"Regular Iced latte - 2.35, Large Flavoured iced latte - Hazelnut - 3.25, Large Iced americano - 2.50, Regular Flavoured hot chocolate - Vanilla - 2.60, Regular Red Label tea - 1.20",11.9,CARD,8791276447884300
27/04/2025 18:18,Bournemouth,Reid Sakkinen,Regular Hot chocolate - 2.20,2.2,CARD,7364570173217253
27/04/2025 18:19,Bournemouth,Michael Sims,"Large Flavoured iced latte - Hazelnut - 3.25, Large Red Label tea - 1.80, Large Speciality Tea - English breakfast - 1.60, Large Iced americano - 2.50",9.15,CARD,6009856333936348
27/04/2025 18:20,Bournemouth,Alice Oliver,"Large Hot chocolate - 2.90, Regular Speciality Tea - English breakfast - 1.30, Regular Red Label tea - 1.20",5.4,CASH,
27/04/2025 18:22,Bournemouth,Cynthia Massey,Large Flavoured iced latte - Hazelnut - 3.25,3.25,CARD,4930462480653440
27/04/2025 18:23,Bournemouth,Nathaniel Garcia,"Regular Flavoured iced latte - Hazelnut - 2.75, Regular Flavoured latte - Caramel - 2.55",5.3,CARD,7639216436810297
27/04/2025 18:24,Bournemouth,Lydia Brule,"Large Speciality Tea - English breakfast - 1.60, Large Red Label tea - 1.80, Regular Flavoured hot chocolate - Vanilla - 2.60",6.0,CASH,
27/04/2025 18:25,Bournemouth,Jeanette Pierson,Large Flavoured latte - Caramel - 2.85,2.85,CARD,9549894100627885
27/04/2025 18:27,Bournemouth,Michael Fine,Large Flavoured hot chocolate - Vanilla - 2.90,2.9,CASH,
27/04/2025 18:28,Bournemouth,Jana Ainley,Regular Hot chocolate - 2.20,2.2,CASH,
27/04/2025 18:29,Bournemouth,Christine Jones,"Large Iced latte - 2.85, Regular Flavoured latte - Caramel - 2.55, Regular Flavoured iced latte - Hazelnut - 2.75, Regular Iced americano - 2.15",10.3,CARD,3267705721986472
27/04/2025 18:30,Bournemouth,Wanita Schwenck,"Large Flavoured latte - Caramel - 2.85, Regular Flavoured hot chocolate - Vanilla - 2.60, Large Flavoured iced latte - Hazelnut - 3.25",8.7,CARD,9683676983418581
27/04/2025 18:32,Bournemouth,Hazel Asher,Large Flavoured latte - Caramel - 2.85,2.85,CASH,
27/04/2025 18:33,Bournemouth,Kayla Haines,Large Flavoured latte - Caramel - 2.85,2.85,CARD,1969245279228320
27/04/2025 18:34,Bournemouth,Holly Seit,Regular Hot chocolate - 2.20,2.2,CARD,3090793031264453
27/04/2025 18:35,Bournemouth,Adam Coats,Large Iced latte - 2.85,2.85,CASH,
27/04/2025 18:37,Bournemouth,Christopher Joffrion,"Regular Iced latte - 2.35, Regular Flavoured iced latte - Hazelnut - 2.75, Large Flavoured iced latte - Hazelnut - 3.25, Large Iced americano - 2.50, Large Iced latte - 2.85",13.7,CASH,
27/04/2025 18:38,Bournemouth,Flora Lee,"Large Flavoured latte - Caramel - 2.85, Regular Iced latte - 2.35, Regular Flavoured hot chocolate - Vanilla - 2.60, Large Iced americano - 2.50",10.3,CASH,
27/04/2025 18:39,Bournemouth,Kenneth Twogood,"Regular Iced latte - 2.35, Regular Hot chocolate - 2.20, Large Flavoured iced latte - Hazelnut - 3.25",7.8,CASH,
27/04/2025 18:40,Bournemouth,Marie Carl,"Regular Flavoured hot chocolate - Vanilla - 2.60, Regular Iced latte - 2.35, Large Red Label tea - 1.80",6.75,CASH,
27/04/2025 18:42,Bournemouth,Priscilla Allen,"Regular Flavoured iced latte - Hazelnut - 2.75, Large Flavoured hot chocolate - Vanilla - 2.90, Regular Flavoured iced latte - Hazelnut - 2.75, Regular Hot chocolate - 2.20, Regular Iced latte - 2.35",12.95,CARD,4845712417212276
27/04/2025 18:43,Bournemouth,Richard Ortiz,Regular Flavoured latte - Caramel - 2.55,2.55,CARD,9530824896879276
27/04/2025 18:44,Bournemouth,Rudolph Gallardo,"Large Speciality Tea - English breakfast - 1.60, Regular Hot chocolate - 2.20",3.8,CASH,
27/04/2025 18:45,Bournemouth,Michael Hauser,"Regular Hot chocolate - 2.20, Regular Iced latte - 2.35, Large Flavoured iced latte - Hazelnut - 3.25, Regular Flavoured iced latte - Hazelnut - 2.75",10.55,CARD,4771648551000705
27/04/2025 18:47,Bournemouth,Jeffrey Frias,"Regular Flavoured latte - Caramel - 2.55, Regular Red Label tea - 1.20",3.75,CARD,8334177686117793
27/04/2025 18:48,Bournemouth,Ella Rickman,"Regular Speciality Tea - English breakfast - 1.30, Regular Iced latte - 2.35, Large Red Label tea - 1.80, Large Flavoured latte - Caramel - 2.85, Large Hot chocolate - 2.90, Large Flavoured latte - Caramel - 2.85",14.05,CASH,
27/04/2025 18:49,Bournemouth,Carmon Broadnax,"Large Flavoured hot chocolate - Vanilla - 2.90, Large Iced americano - 2.50, Regular Flavoured latte - Caramel - 2.55, Large Flavoured hot chocolate - Vanilla - 2.90, Regular Flavoured latte - Caramel - 2.55",13.4,CARD,5175792288380805
27/04/2025 18:50,Bournemouth,Dennis Miller,"Regular Flavoured iced latte - Hazelnut - 2.75, Regular Speciality Tea - English breakfast - 1.30",4.05,CARD,3592937185865710
27/04/2025 18:52,Bournemouth,Tiffany Hall,"Regular Speciality Tea - English breakfast - 1.30, Large Iced latte - 2.85",4.15,CARD,7415084304995099
27/04/2025 18:53,Bournemouth,Muriel Baber,"Large Flavoured hot chocolate - Vanilla - 2.90, Regular Hot chocolate - 2.20",5.1,CARD,2697674352289026
27/04/2025 18:54,Bournemouth,Sandra Flowers,Regular Hot chocolate - 2.20,2.2,CASH,
27/04/2025 18:55,Bournemouth,Caleb Gee,"Regular Flavoured latte - Caramel - 2.55, Regular Speciality Tea - English breakfast - 1.30",3.85,CASH,
27/04/2025 18:57,Bournemouth,Shannon Jones,"Large Hot chocolate - 2.90, Large Hot chocolate - 2.90, Regular Flavoured hot chocolate - Vanilla - 2.60",8.4,CARD,2544944644292993
27/04/2025 18:58,Bournemouth,Willa Golka,"Regular Iced latte - 2.35, Regular Hot chocolate - 2.20",4.55,CASH,
27/04/2025 18:59,Bournemouth,Bessie Vetter,"Large Flavoured iced latte - Hazelnut - 3.25, Large Speciality Tea - English breakfast - 1.60, Large Flavoured hot chocolate - Vanilla - 2.90",7.75,CARD,3357987025152453
27/04/2025 19:00,Bournemouth,Beulah Donaldson,"Regular Hot chocolate - 2.20, Large Hot chocolate - 2.90, Large Iced americano - 2.50",7.6,CARD,8052673334976197
27/04/2025 19:03,Bournemouth,Everette Simple,"Large Iced latte - 2.85, Large Iced latte - 2.85, Large Flavoured latte - Caramel - 2.85",8.55,CARD,3984131799557636
27/04/2025 19:06,Bournemouth,Michael Sandoval,"Large Flavoured latte - Caramel - 2.85, Large Iced americano - 2.50",5.35,CASH,
27/04/2025 19:08,Bournemouth,Misty Thomson,"Large Speciality Tea - English breakfast - 1.60, Regular Red Label tea - 1.20, Regular Hot chocolate - 2.20, Regular Flavoured iced latte - Hazelnut - 2.75, Large Iced americano - 2.50",10.25,CARD,4265414746742172
27/04/2025 19:11,Bournemouth,Gregory Hardeman,"Large Iced latte - 2.85, Large Red Label tea - 1.80, Regular Speciality Tea - English breakfast - 1.30, Large Flavoured iced latte - Hazelnut - 3.25",9.2,CARD,8870614691877615
27/04/2025 19:13,Bournemouth,Ralph Cesena,"Regular Iced americano - 2.15, Large Iced americano - 2.50, Large Flavoured iced latte - Hazelnut - 3.25, Large Iced americano - 2.50",10.4,CARD,4112446949966651
27/04/2025 19:16,Bournemouth,Elaine Charles,"Large Hot chocolate - 2.90, Large Speciality Tea - English breakfast - 1.60, Large Iced latte - 2.85",7.35,CARD,4406918144337013
27/04/2025 19:19,Bournemouth,John Gutierrez,"Large Red Label tea - 1.80, Regular Iced latte - 2.35",4.15,CASH,
27/04/2025 19:21,Bournemouth,Beverly Wood,"Regular Speciality Tea - English breakfast - 1.30, Regular Iced americano - 2.15",3.45,CARD,9425534533573639
27/04/2025 19:24,Bournemouth,Mary Harper,"Regular Flavoured latte - Caramel - 2.55, Large Flavoured latte - Caramel - 2.85",5.4,CARD,9298240290482972
27/04/2025 19:26,Bournemouth,Maria Berry,"Regular Hot chocolate - 2.20, Large Iced americano - 2.50, Large Red Label tea - 1.80, Large Flavoured latte - Caramel - 2.85",9.35,CARD,7197453400119926
27/04/2025 19:29,Bournemouth,Clyde Wilson,"Regular Red Label tea - 1.20, Large Speciality Tea - English breakfast - 1.60",2.8,CARD,4909730513603312
27/04/2025 19:32,Bournemouth,Edward Gray,"Large Flavoured latte - Caramel - 2.85, Large Red Label tea - 1.80, Large Flavoured latte - Caramel - 2.85, Regular Hot chocolate - 2.20, Regular Iced americano - 2.15",11.85,CASH,
27/04/2025 19:34,Bournemouth,Stephanie Jones,"Large Hot chocolate - 2.90, Large Iced latte - 2.85, Regular Flavoured latte - Caramel - 2.55",8.3,CARD,5010765854495527
27/04/2025 19:37,Bournemouth,Chelsea Lawrence,"Large Flavoured latte - Caramel - 2.85, Regular Flavoured latte - Caramel - 2.55, Regular Flavoured latte - Caramel - 2.55",7.95,CARD,3852863944842737
27/04/2025 19:39,Bournemouth,Nelson Murach,"Regular Speciality Tea - English breakfast - 1.30, Large Iced latte - 2.85, Large Speciality Tea - English breakfast - 1.60, Regular Flavoured iced latte - Hazelnut - 2.75",8.5,CARD,7754396083633607
27/04/2025 19:42,Bournemouth,Jordan Herrera,Regular Iced latte - 2.35,2.35,CASH,
27/04/2025 19:45,Bournemouth,Lawrence Miller,Large Flavoured hot chocolate - Vanilla - 2.90,2.9,CARD,5184118481780736
27/04/2025 19:47,Bournemouth,Ruth Watson,"Regular Hot chocolate - 2.20, Large Iced americano - 2.50",4.7,CARD,1673846947182811
27/04/2025 19:50,Bournemouth,Gwen Rodriguez,"Regular Iced americano - 2.15, Large Iced americano - 2.50, Large Iced americano - 2.50, Large Hot chocolate - 2.90, Large Iced americano - 2.50",12.55,CARD,3847619328021848
27/04/2025 19:52,Bournemouth,Allen Russell,"Large Iced americano - 2.50, Large Flavoured hot chocolate - Vanilla - 2.90",5.4,CARD,6502837776664331
27/04/2025 19:55,Bournemouth,Steven Russell,"Large Speciality Tea - English breakfast - 1.60, Large Flavoured hot chocolate - Vanilla - 2.90",4.5,CARD,3033668790488547
27/04/2025 19:58,Bournemouth,James Ekmark,"Large Iced americano - 2.50, Regular Iced americano - 2.15, Regular Iced latte - 2.35, Large Speciality Tea - English breakfast - 1.60, Large Flavoured latte - Caramel - 2.85, Large Iced latte - 2.85",14.3,CARD,4530414033345292
27/04/2025 20:00,Bournemouth,Tracy Mitchell,"Large Hot chocolate - 2.90, Regular Iced americano - 2.15, Large Iced latte - 2.85, Regular Hot chocolate - 2.20, Large Flavoured hot chocolate - Vanilla - 2.90",13.0,CARD,9763697209535200
27/04/2025 20:02,Bournemouth,Mark Whitehead,"Large Flavoured latte - Caramel - 2.85, Regular Flavoured iced latte - Hazelnut - 2.75, Regular Iced americano - 2.15, Large Speciality Tea - English breakfast - 1.60, Regular Flavoured latte - Caramel - 2.55",11.9,CARD,9352527714876471
27/04/2025 20:03,Bournemouth,Otilia Newell,"Regular Red Label tea - 1.20, Regular Iced latte - 2.35, Regular Hot chocolate - 2.20, Large Flavoured latte - Caramel - 2.85",8.6,CARD,6525771473450406
27/04/2025 20:05,Bournemouth,Mary Moffitt,"Large Hot chocolate - 2.90, Regular Speciality Tea - English breakfast - 1.30, Large Iced americano - 2.50",6.7,CASH,
27/04/2025 20:06,Bournemouth,Marion Lambert,"Regular Iced americano - 2.15, Regular Iced americano - 2.15, Large Iced latte - 2.85, Large Flavoured latte - Caramel - 2.85",10.0,CASH,
27/04/2025 20:08,Bournemouth,Heather Rodgers,"Large Hot chocolate - 2.90, Large Speciality Tea - English breakfast - 1.60, Large Hot chocolate - 2.90, Large Red Label tea - 1.80",9.2,CARD,4420246756860071
27/04/2025 20:10,Bournemouth,David Mason,Regular Flavoured iced latte - Hazelnut - 2.75,2.75,CARD,2844698277427480
27/04/2025 20:11,Bournemouth,John Humphrey,Large Hot chocolate - 2.90,2.9,CARD,4924882240403033
27/04/2025 20:13,Bournemouth,Hershel Strohschein,"Regular Flavoured hot chocolate - Vanilla - 2.60, Regular Iced latte - 2.35",4.95,CARD,3328961537472220
27/04/2025 20:14,Bournemouth,Troy Reid,"Large Speciality Tea - English breakfast - 1.60, Regular Red Label tea - 1.20, Regular Flavoured iced latte - Hazelnut - 2.75, Regular Flavoured hot chocolate - Vanilla - 2.60, Large Flavoured latte - Caramel - 2.85",11.0,CASH,
27/04/2025 20:16,Bournemouth,Helen Sargent,"Large Flavoured iced latte - Hazelnut - 3.25, Regular Flavoured latte - Caramel - 2.55",5.8,CARD,8036888000203019
27/04/2025 20:17,Bournemouth,Rochelle Singleton,Regular Speciality Tea - English breakfast - 1.30,1.3,CASH,
27/04/2025 20:19,Bournemouth,Jayne Allred,Large Flavoured latte - Caramel - 2.85,2.85,CARD,2133369951135065
27/04/2025 20:20,Bournemouth,Tracie Reynolds,"Large Iced latte - 2.85, Regular Hot chocolate - 2.20",5.05,CARD,2737459278108240
27/04/2025 20:22,Bournemouth,George Roddy,"Regular Iced americano - 2.15, Large Hot chocolate - 2.90, Regular Iced americano - 2.15",7.2,CASH,
27/04/2025 20:24,Bournemouth,Abram Dever,Large Speciality Tea - English breakfast - 1.60,1.6,CARD,3328132855162706
27/04/2025 20:25,Bournemouth,Debra Dixon,"Large Hot chocolate - 2.90, Regular Iced latte - 2.35, Regular Speciality Tea - English breakfast - 1.30, Regular Flavoured latte - Caramel - 2.55, Regular Flavoured latte - Caramel - 2.55, Regular Flavoured iced latte - Hazelnut - 2.75",14.4,CARD,6559497181360503
27/04/2025 20:27,Bournemouth,Viviana Kantor,Regular Flavoured iced latte - Hazelnut - 2.75,2.75,CASH,
27/04/2025 20:28,Bournemouth,Mary Nichols,"Large Flavoured hot chocolate - Vanilla - 2.90, Large Flavoured latte - Caramel - 2.85, Regular Flavoured hot chocolate - Vanilla - 2.60",8.35,CARD,6326899676826010
27/04/2025 20:30,Bournemouth,Patricia Levins,"Regular Iced americano - 2.15, Large Iced latte - 2.85, Regular Iced latte - 2.35",7.35,CARD,6531850436161639
27/04/2025 20:31,Bournemouth,Mary Crownover,"Regular Iced americano - 2.15, Regular Flavoured iced latte - Hazelnut - 2.75, Regular Speciality Tea - English breakfast - 1.30",6.2,CARD,2496840843870385
27/04/2025 20:33,Bournemouth,Weldon Bannon,"Large Speciality Tea - English breakfast - 1.60, Large Hot chocolate - 2.90, Regular Speciality Tea - English breakfast - 1.30, Regular Flavoured hot chocolate - Vanilla - 2.60",8.4,CARD,3321756492216129
27/04/2025 20:35,Bournemouth,Barbara Segal,"Regular Flavoured iced latte - Hazelnut - 2.75, Regular Iced latte - 2.35",5.1,CASH,
27/04/2025 20:36,Bournemouth,Scott Lavalle,"Regular Red Label tea - 1.20, Large Red Label tea - 1.80, Large Flavoured latte - Caramel - 2.85, Large Iced latte - 2.85",8.7,CARD,6229276399979574
27/04/2025 20:38,Bournemouth,Donna Lozano,Large Iced latte - 2.85,2.85,CARD,8135375388920591
27/04/2025 20:39,Bournemouth,Patty Nix,Regular Flavoured hot chocolate - Vanilla - 2.60,2.6,CARD,5274068979878235
27/04/2025 20:41,Bournemouth,Thomas Vazquez,"Large Hot chocolate - 2.90, Large Red Label tea - 1.80",4.7,CARD,3541910353620052
27/04/2025 20:42,Bournemouth,George Cambron,"Regular Flavoured iced latte - Hazelnut - 2.75, Regular Flavoured hot chocolate - Vanilla - 2.60",5.35,CARD,3874897540845577
27/04/2025 20:44,Bournemouth,George Patterson,"Large Iced latte - 2.85, Large Flavoured latte - Caramel - 2.85, Regular Iced latte - 2.35",8.05,CARD,5150415217910027
27/04/2025 20:46,Bournemouth,David Bostick,"Regular Hot chocolate - 2.20, Large Red Label tea - 1.80, Large Flavoured iced latte - Hazelnut - 3.25",7.25,CARD,1078560175420622
27/04/2025 20:47,Bournemouth,Robert Brown,"Regular Red Label tea - 1.20, Regular Red Label tea - 1.20, Large Iced latte - 2.85",5.25,CASH,
27/04/2025 20:49,Bournemouth,Thomas Arredondo,"Large Hot chocolate - 2.90, Large Hot chocolate - 2.90",5.8,CARD,2197408715959956
27/04/2025 20:50,Bournemouth,Joseph Aran,"Regular Speciality Tea - English breakfast - 1.30, Large Speciality Tea - English breakfast - 1.60",2.9,CARD,4565894583487516
27/04/2025 20:52,Bournemouth,Marva Robinson,"Large Flavoured iced latte - Hazelnut - 3.25, Regular Flavoured iced latte - Hazelnut - 2.75, Regular Iced americano - 2.15, Regular Speciality Tea - English breakfast - 1.30, Large Speciality Tea - English breakfast - 1.60",11.05,CARD,8559983744897232
27/04/2025 20:53,Bournemouth,Karen Stanfill,Large Speciality Tea - English breakfast - 1.60,1.6,CARD,1774675656960982
27/04/2025 20:55,Bournemouth,William Mcclurg,"Regular Flavoured latte - Caramel - 2.55, Regular Hot chocolate - 2.20, Large Flavoured hot chocolate - Vanilla - 2.90, Regular Flavoured iced latte - Hazelnut - 2.75",10.4,CASH,
27/04/2025 20:57,Bournemouth,Randy Scott,"Large Hot chocolate - 2.90, Large Iced americano - 2.50, Large Iced latte - 2.85, Large Hot chocolate - 2.90",11.15,CARD,2066854791014961
27/04/2025 20:58,Bournemouth,Robert Bird,"Large Hot chocolate - 2.90, Large Speciality Tea - English breakfast - 1.60, Large Iced latte - 2.85, Large Speciality Tea - English breakfast - 1.60, Regular Flavoured iced latte - Hazelnut - 2.75",11.7,CARD,3330177106679920
