27/04/2025 09:00,Chesterfield,Paul Perez,"Large Flavoured iced latte - Vanilla - 3.25, Regular Flat white - 2.15, Regular Flavoured iced latte - Caramel - 2.75, Large Flavoured iced latte - Caramel - 3.25, Large Flat white - 2.45, Regular Latte - 2.15",16.0,CASH,
27/04/2025 09:02,Chesterfield,Victor Vazquez,"Large Flavoured latte - Hazelnut - 2.85, Regular Flavoured iced latte - Caramel - 2.75",5.6,CARD,8519120253013812
27/04/2025 09:04,Chesterfield,Peter Rayborn,Large Latte - 2.45,2.45,CASH,
27/04/2025 09:06,Chesterfield,Mark Cordle,"Regular Flat white - 2.15, Regular Flavoured iced latte - Caramel - 2.75",4.9,CASH,
27/04/2025 09:08,Chesterfield,Charles Woods,"Large Flavoured iced latte - Hazelnut - 3.25, Regular Flavoured latte - Hazelnut - 2.55",5.8,CARD,7122059921083631
27/04/2025 09:10,Chesterfield,Richard Acosta,"Large Flavoured iced latte - Vanilla - 3.25, Large Flavoured iced latte - Caramel - 3.25, Large Flat white - 2.45",8.95,CARD,6313985894957056
27/04/2025 09:12,Chesterfield,Timothy Starks,"Regular Flat white - 2.15, Regular Flavoured iced latte - Caramel - 2.75, Regular Flavoured latte - Hazelnut - 2.55, Regular Latte - 2.15",9.6,CARD,7574547229558028
27/04/2025 09:14,Chesterfield,Melinda Sundermeyer,"Regular Latte - 2.15, Large Flavoured iced latte - Caramel - 3.25, Large Flavoured latte - Hazelnut - 2.85",8.25,CARD,8445315526563286
27/04/2025 09:17,Chesterfield,Jeanette Perkins,"Regular Flat white - 2.15, Regular Flavoured iced latte - Vanilla - 2.75",4.9,CARD,3295694117378896
27/04/2025 09:19,Chesterfield,Arthur Platt,"Large Flavoured iced latte - Hazelnut - 3.25, Large Flavoured iced latte - Hazelnut - 3.25, Regular Flavoured iced latte - Caramel - 2.75",9.25,CARD,3304347177547658
27/04/2025 09:21,Chesterfield,Robert Bingler,"Regular Latte - 2.15, Regular Latte - 2.15, Large Flat white - 2.45",6.75,CASH,
27/04/2025 09:23,Chesterfield,Ella Gervais,Regular Flavoured iced latte - Vanilla - 2.75,2.75,CARD,3143579984143534
27/04/2025 09:25,Chesterfield,Newton Arndt,"Large Flavoured iced latte - Caramel - 3.25, Large Flavoured iced latte - Vanilla - 3.25",6.5,CARD,4825434192225951
27/04/2025 09:27,Chesterfield,Corrina Flood,"Regular Latte - 2.15, Large Latte - 2.45, Large Flavoured latte - Hazelnut - 2.85",7.45,CARD,1503427536556863
27/04/2025 09:29,Chesterfield,Clifton Gregory,"Large Latte - 2.45, Regular Latte - 2.15, Regular Flavoured iced latte - Hazelnut - 2.75, Large Flavoured iced latte - Hazelnut - 3.25, Regular Flavoured iced latte - Hazelnut - 2.75",13.35,CARD,1857763887422065
27/04/2025 09:32,Chesterfield,Evelyn Engle,"Large Flavoured latte - Hazelnut - 2.85, Regular Flavoured iced latte - Caramel - 2.75, Regular Flavoured iced latte - Hazelnut - 2.75",8.35,CARD,8971982798449969
27/04/2025 09:34,Chesterfield,Adolph Tate,"Large Flavoured iced latte - Caramel - 3.25, Large Flavoured iced latte - Vanilla - 3.25",6.5,CASH,
27/04/2025 09:36,Chesterfield,James Rose,"Large Flavoured iced latte - Hazelnut - 3.25, Regular Flavoured iced latte - Caramel - 2.75, Large Flavoured iced latte - Vanilla - 3.25, Large Flavoured iced latte - Hazelnut - 3.25, Large Flavoured latte - Hazelnut - 2.85, Large Flavoured iced latte - Caramel - 3.25",18.6,CARD,4389765391874679
27/04/2025 09:38,Chesterfield,Randall Schilling,"Large Flavoured latte - Hazelnut - 2.85, Regular Flavoured iced latte - Vanilla - 2.75",5.6,CARD,6461740686727728
27/04/2025 09:40,Chesterfield,Clark Thomas,Large Flavoured iced latte - Hazelnut - 3.25,3.25,CASH,
27/04/2025 09:42,Chesterfield,Regina Jackson,"Large Latte - 2.45, Regular Latte - 2.15, Regular Flavoured iced latte - Hazelnut - 2.75",7.35,CARD,1721836485874609
27/04/2025 09:44,Chesterfield,Hazel Oglesby,Regular Flavoured iced latte - Caramel - 2.75,2.75,CASH,
27/04/2025 09:46,Chesterfield,Judy Lindsey,"Regular Flat white - 2.15, Regular Flavoured iced latte - Caramel - 2.75, Large Latte - 2.45, Regular Latte - 2.15, Large Flavoured latte - Hazelnut - 2.85, Large Flavoured iced latte - Vanilla - 3.25",15.6,CARD,1915050099576506
27/04/2025 09:49,Chesterfield,Roland Hann,Large Flavoured iced latte - Caramel - 3.25,3.25,CARD,9180047878089212
27/04/2025 09:51,Chesterfield,Ruth Cutshall,"Large Flavoured iced latte - Caramel - 3.25, Large Flavoured iced latte - Caramel - 3.25",6.5,CASH,
27/04/2025 09:53,Chesterfield,Evelyn Barkett,"Large Latte - 2.45, Large Flavoured iced latte - Caramel - 3.25, Regular Flavoured iced latte - Vanilla - 2.75, Large Flavoured iced latte - Vanilla - 3.25, Large Flat white - 2.45",14.15,CARD,9848438504620923
27/04/2025 09:55,Chesterfield,Ronald Jones,"Large Flavoured iced latte - Vanilla - 3.25, Large Flavoured iced latte - Caramel - 3.25, Regular Flavoured iced latte - Vanilla - 2.75",9.25,CARD,5167311570769218
27/04/2025 09:57,Chesterfield,Helen Wenger,"Regular Flavoured latte - Hazelnut - 2.55, Regular Flavoured iced latte - Vanilla - 2.75, Large Flavoured iced latte - Vanilla - 3.25, Large Flavoured iced latte - Vanilla - 3.25",11.8,CARD,1458126055091551
27/04/2025 09:59,Chesterfield,James Schoen,Large Flavoured latte - Hazelnut - 2.85,2.85,CARD,9984923759202837
27/04/2025 10:01,Chesterfield,June Edwards,"Large Flavoured latte - Hazelnut - 2.85, Large Flat white - 2.45, Large Flavoured iced latte - Caramel - 3.25",8.55,CARD,6443484159352792
27/04/2025 10:02,Chesterfield,Gilberto Schilling,"Large Flat white - 2.45, Regular Flavoured iced latte - Caramel - 2.75, Large Latte - 2.45, Regular Flavoured latte - Hazelnut - 2.55, Large Flat white - 2.45",12.65,CASH,
27/04/2025 10:03,Chesterfield,Martha Lapointe,"Large Flavoured latte - Hazelnut - 2.85, Regular Flat white - 2.15",5.0,CARD,2166588143556142
27/04/2025 10:04,Chesterfield,Norris Silva,Large Flavoured iced latte - Hazelnut - 3.25,3.25,CARD,5165000544527774
27/04/2025 10:05,Chesterfield,Robert Mills,"Large Flavoured iced latte - Vanilla - 3.25, Large Flavoured iced latte - Caramel - 3.25, Large Latte - 2.45",8.95,CASH,
27/04/2025 10:06,Chesterfield,Paul Davis,"Large Latte - 2.45, Large Flat white - 2.45",4.9,CASH,
27/04/2025 10:07,Chesterfield,Armando Seymour,"Large Flavoured iced latte - Vanilla - 3.25, Regular Flavoured latte - Hazelnut - 2.55, Large Latte - 2.45",8.25,CARD,9370285892790416
27/04/2025 10:08,Chesterfield,Erika Ogden,Large Flavoured latte - Hazelnut - 2.85,2.85,CASH,
27/04/2025 10:09,Chesterfield,Barbara Joyner,"Large Latte - 2.45, Large Flavoured iced latte - Caramel - 3.25, Large Flat white - 2.45",8.15,CASH,
27/04/2025 10:10,Chesterfield,Deloris Epps,Regular Flavoured iced latte - Hazelnut - 2.75,2.75,CASH,
27/04/2025 10:11,Chesterfield,Nathalie Womack,Regular Flavoured iced latte - Hazelnut - 2.75,2.75,CARD,2638751177712903
27/04/2025 10:12,Chesterfield,Gale Bursi,Large Flat white - 2.45,2.45,CARD,3241527892391216
27/04/2025 10:13,Chesterfield,Paul Tammaro,"Regular Flavoured iced latte - Vanilla - 2.75, Large Flat white - 2.45, Regular Latte - 2.15",7.35,CASH,
27/04/2025 10:14,Chesterfield,Anthony Wright,Large Flavoured iced latte - Hazelnut - 3.25,3.25,CARD,3086884238616491
27/04/2025 10:15,Chesterfield,Pamula Stansell,Large Flavoured iced latte - Vanilla - 3.25,3.25,CARD,1484836958608200
27/04/2025 10:16,Chesterfield,Richard Noya,"Large Flat white - 2.45, Regular Latte - 2.15, Regular Flavoured iced latte - Vanilla - 2.75",7.35,CARD,7095329105213832
27/04/2025 10:17,Chesterfield,Roxana Rogoff,"Regular Latte - 2.15, Large Flavoured iced latte - Caramel - 3.25, Regular Flat white - 2.15, Large Flat white - 2.45",10.0,CARD,4748774928627461
27/04/2025 10:18,Chesterfield,Alan Mosier,"Regular Flat white - 2.15, Large Flavoured iced latte - Hazelnut - 3.25, Large Flat white - 2.45, Large Flavoured iced latte - Hazelnut - 3.25",11.1,CARD,6613697032307336
27/04/2025 10:19,Chesterfield,Paul Elliott,"Regular Latte - 2.15, Large Flavoured iced latte - Vanilla - 3.25, Regular Flat white - 2.15",7.55,CARD,9822954242688872
27/04/2025 10:20,Chesterfield,Latrina Westfall,"Regular Flavoured latte - Hazelnut - 2.55, Regular Flavoured iced latte - Caramel - 2.75, Regular Latte - 2.15, Regular Flavoured iced latte - Hazelnut - 2.75, Regular Latte - 2.15",12.35,CARD,1331672736212796
27/04/2025 10:21,Chesterfield,Ethel Rogers,"Large Latte - 2.45, Large Flavoured iced latte - Hazelnut - 3.25, Regular Latte - 2.15, Regular Flavoured iced latte - Hazelnut - 2.75, Large Flavoured iced latte - Caramel - 3.25",13.85,CARD,5511344445986516
27/04/2025 10:22,Chesterfield,Ethel Martinez,Large Flavoured iced latte - Hazelnut - 3.25,3.25,CASH,
27/04/2025 10:23,Chesterfield,Mary Provence,"Large Latte - 2.45, Large Flavoured iced latte - Caramel - 3.25, Large Flat white - 2.45, Large Flavoured latte - Hazelnut - 2.85",11.0,CARD,7779208947046523
27/04/2025 10:24,Chesterfield,Paul Aylsworth,Large Latte - 2.45,2.45,CARD,7630545189941782
27/04/2025 10:25,Chesterfield,Sherrie Dejohn,"Large Flavoured latte - Hazelnut - 2.85, Large Flavoured latte - Hazelnut - 2.85",5.7,CARD,5136756870374878
27/04/2025 10:26,Chesterfield,Verna Shelpman,"Regular Latte - 2.15, Regular Flavoured iced latte - Caramel - 2.75, Large Flavoured latte - Hazelnut - 2.85",7.75,CASH,
27/04/2025 10:27,Chesterfield,Elizabeth Sealey,"Large Latte - 2.45, Large Flavoured iced latte - Hazelnut - 3.25",5.7,CASH,
27/04/2025 10:27,Chesterfield,Hope Gurney,"Regular Flavoured latte - Hazelnut - 2.55, Regular Flavoured iced latte - Vanilla - 2.75, Regular Flavoured iced latte - Caramel - 2.75, Large Flavoured latte - Hazelnut - 2.85",10.9,CARD,8268408685424902
27/04/2025 10:28,Chesterfield,Sandra Perez,Large Flat white - 2.45,2.45,CARD,1123385624627407
27/04/2025 10:29,Chesterfield,Jennifer Garcia,"Regular Flavoured iced latte - Caramel - 2.75, Regular Flat white - 2.15, Regular Latte - 2.15, Large Flavoured iced latte - Vanilla - 3.25",10.3,CASH,
27/04/2025 10:30,Chesterfield,Willie Hodges,"Regular Latte - 2.15, Regular Flavoured iced latte - Caramel - 2.75",4.9,CASH,
27/04/2025 10:31,Chesterfield,Sandra Locket,Large Flavoured latte - Hazelnut - 2.85,2.85,CASH,
27/04/2025 10:32,Chesterfield,Kristen Sefton,Regular Flavoured iced latte - Vanilla - 2.75,2.75,CARD,2892714589941401
27/04/2025 10:33,Chesterfield,Hunter Oliver,"Regular Flat white - 2.15, Large Flavoured iced latte - Hazelnut - 3.25",5.4,CARD,9390897080714092
27/04/2025 10:34,Chesterfield,Rebecca Mahaffey,"Large Flavoured iced latte - Hazelnut - 3.25, Large Flavoured iced latte - Caramel - 3.25, Regular Flavoured iced latte - Caramel - 2.75",9.25,CARD,6029161270538130
27/04/2025 10:35,Chesterfield,Chanell Kunkel,"Large Latte - 2.45, Large Latte - 2.45, Regular Flat white - 2.15, Large Flavoured latte - Hazelnut - 2.85",9.9,CARD,5098715704388524
27/04/2025 10:36,Chesterfield,Jack Hickernell,"Large Flavoured iced latte - Hazelnut - 3.25, Large Flavoured iced latte - Vanilla - 3.25, Regular Flavoured iced latte - Hazelnut - 2.75",9.25,CARD,4541522375874234
27/04/2025 10:37,Chesterfield,Jo Espada,"Large Flavoured iced latte - Hazelnut - 3.25, Large Flavoured iced latte - Hazelnut - 3.25",6.5,CASH,
27/04/2025 10:38,Chesterfield,Horace Haynes,"Large Flat white - 2.45, Regular Flat white - 2.15",4.6,CARD,8375908260281659
27/04/2025 10:39,Chesterfield,Audrey Velazquez,"Large Latte - 2.45, Large Flavoured iced latte - Vanilla - 3.25, Large Flavoured iced latte - Caramel - 3.25, Large Flavoured iced latte - Hazelnut - 3.25, Regular Flavoured iced latte - Vanilla - 2.75",14.95,CARD,9868204958757099
27/04/2025 10:40,Chesterfield,Susan Lee,"Regular Latte - 2.15, Large Flavoured iced latte - Hazelnut - 3.25, Large Flavoured iced latte - Hazelnut - 3.25",8.65,CARD,9249502011644524
27/04/2025 10:41,Chesterfield,Luz King,"Large Flavoured iced latte - Hazelnut - 3.25, Large Latte - 2.45, Regular Flat white - 2.15, Regular Flavoured iced latte - Caramel - 2.75, Large Flavoured iced latte - Vanilla - 3.25, Regular Latte - 2.15",16.0,CARD,8188520390057901
27/04/2025 10:42,Chesterfield,Marlene Plotner,"Regular Flavoured iced latte - Hazelnut - 2.75, Large Flavoured iced latte - Vanilla - 3.25",6.0,CASH,
27/04/2025 10:43,Chesterfield,John Williams,"Large Flavoured iced latte - Caramel - 3.25, Regular Flat white - 2.15, Large Flat white - 2.45",7.85,CARD,8389408933075507
27/04/2025 10:44,Chesterfield,Diana Corrigan,"Large Flavoured latte - Hazelnut - 2.85, Large Latte - 2.45, Regular Flavoured iced latte - Caramel - 2.75, Regular Flavoured latte - Hazelnut - 2.55",10.6,CASH,
27/04/2025 10:45,Chesterfield,Tom Kimbro,"Regular Latte - 2.15, Large Latte - 2.45, Regular Flat white - 2.15",6.75,CARD,4855888851880133
27/04/2025 10:46,Chesterfield,Angelo Sakkinen,"Large Latte - 2.45, Regular Flavoured iced latte - Caramel - 2.75, Large Flavoured iced latte - Vanilla - 3.25, Large Flavoured iced latte - Hazelnut - 3.25, Regular Flavoured iced latte - Caramel - 2.75, Regular Flavoured iced latte - Caramel - 2.75",17.2,CARD,4988324525867483
27/04/2025 10:47,Chesterfield,Wilma Omalley,Regular Latte - 2.15,2.15,CARD,3543141856445274
27/04/2025 10:48,Chesterfield,Sheila Godinez,"Regular Flavoured iced latte - Hazelnut - 2.75, Large Flavoured iced latte - Vanilla - 3.25",6.0,CASH,
27/04/2025 10:49,Chesterfield,Timothy Goessl,"Large Flat white - 2.45, Regular Flavoured iced latte - Caramel - 2.75",5.2,CASH,
27/04/2025 10:50,Chesterfield,Brian James,Regular Flavoured latte - Hazelnut - 2.55,2.55,CASH,
27/04/2025 10:51,Chesterfield,Katherine Jamison,Large Flavoured latte - Hazelnut - 2.85,2.85,CARD,2006989702379200
27/04/2025 10:52,Chesterfield,Marshall Colvard,"Regular Flavoured iced latte - Caramel - 2.75, Regular Flavoured iced latte - Hazelnut - 2.75",5.5,CASH,
27/04/2025 10:53,Chesterfield,Demetrice Ratliff,"Large Flat white - 2.45, Large Flavoured latte - Hazelnut - 2.85, Large Flavoured iced latte - Hazelnut - 3.25, Large Latte - 2.45, Regular Flavoured iced latte - Hazelnut - 2.75, Regular Flavoured latte - Hazelnut - 2.55",16.3,CASH,
27/04/2025 10:54,Chesterfield,Paige Chavez,"Regular Flavoured latte - Hazelnut - 2.55, Large Flavoured iced latte - Caramel - 3.25, Regular Latte - 2.15, Regular Flat white - 2.15, Large Flavoured latte - Hazelnut - 2.85",12.95,CARD,2652648436037377
27/04/2025 10:55,Chesterfield,Janet Taylor,"Regular Flat white - 2.15, Regular Flat white - 2.15, Regular Flat white - 2.15, Regular Latte - 2.15",8.6,CARD,2526512873175569
27/04/2025 10:56,Chesterfield,Janice Escobedo,Large Flavoured iced latte - Hazelnut - 3.25,3.25,CARD,8917314746186014
27/04/2025 10:56,Chesterfield,Jill Michalenko,"Large Flavoured latte - Hazelnut - 2.85, Large Flat white - 2.45, Large Flavoured iced latte - Hazelnut - 3.25, Large Flat white - 2.45, Large Latte - 2.45",13.45,CARD,6483097172635995
27/04/2025 10:57,Chesterfield,Geraldine Connolly,Large Flavoured iced latte - Hazelnut - 3.25,3.25,CARD,4299006600140992
27/04/2025 10:58,Chesterfield,Mary Randazzo,"Large Latte - 2.45, Large Flavoured iced latte - Vanilla - 3.25, Regular Flavoured iced latte - Vanilla - 2.75, Large Flavoured iced latte - Hazelnut - 3.25",11.7,CASH,
27/04/2025 10:59,Chesterfield,Cristina Moran,"Large Flavoured latte - Hazelnut - 2.85, Large Flavoured latte - Hazelnut - 2.85, Regular Flavoured latte - Hazelnut - 2.55, Regular Latte - 2.15, Regular Flavoured iced latte - Caramel - 2.75, Large Flavoured iced latte - Vanilla - 3.25",16.4,CASH,
27/04/2025 11:00,Chesterfield,Robert Bourdier,"Large Latte - 2.45, Regular Flat white - 2.15, Large Flat white - 2.45, Regular Latte - 2.15, Large Flavoured iced latte - Hazelnut - 3.25",12.45,CASH,
27/04/2025 11:03,Chesterfield,Juanita Draper,"Large Flavoured iced latte - Vanilla - 3.25, Large Flavoured iced latte - Hazelnut - 3.25",6.5,CASH,
27/04/2025 11:06,Chesterfield,Carl Bueti,"Large Flavoured iced latte - Vanilla - 3.25, Regular Flavoured latte - Hazelnut - 2.55, Large Flavoured iced latte - Hazelnut - 3.25",9.05,CARD,9348154043893521
27/04/2025 11:08,Chesterfield,John Clure,"Large Flavoured iced latte - Hazelnut - 3.25, Regular Flavoured iced latte - Caramel - 2.75, Regular Flavoured iced latte - Hazelnut - 2.75",8.75,CARD,9809428596151121
27/04/2025 11:11,Chesterfield,Harry Cecchini,"Regular Flavoured iced latte - Caramel - 2.75, Large Flavoured iced latte - Hazelnut - 3.25",6.0,CARD,2877580393119341
27/04/2025 11:13,Chesterfield,Karen Jones,"Large Flavoured latte - Hazelnut - 2.85, Regular Flavoured iced latte - Hazelnut - 2.75, Regular Flavoured iced latte - Caramel - 2.75",8.35,CASH,
27/04/2025 11:16,Chesterfield,Danny George,Large Flavoured iced latte - Vanilla - 3.25,3.25,CASH,
27/04/2025 11:19,Chesterfield,Gabriel Glenn,"Regular Latte - 2.15, Large Flavoured iced latte - Caramel - 3.25, Regular Flavoured iced latte - Caramel - 2.75",8.15,CASH,
27/04/2025 11:21,Chesterfield,Sheila Hale,"Large Flavoured iced latte - Vanilla - 3.25, Large Latte - 2.45, Regular Flavoured iced latte - Hazelnut - 2.75, Regular Latte - 2.15",10.6,CASH,
27/04/2025 11:24,Chesterfield,Karl Hamm,"Large Latte - 2.45, Large Latte - 2.45, Large Flavoured iced latte - Caramel - 3.25",8.15,CARD,4762858275543595
27/04/2025 11:26,Chesterfield,Carlos Gillikin,Large Flavoured iced latte - Vanilla - 3.25,3.25,CASH,
27/04/2025 11:29,Chesterfield,Marian Hilliard,"Large Flavoured iced latte - Vanilla - 3.25, Regular Flavoured iced latte - Hazelnut - 2.75",6.0,CARD,6786279260379565
27/04/2025 11:32,Chesterfield,Lois Harrelson,"Large Latte - 2.45, Regular Flavoured iced latte - Hazelnut - 2.75, Regular Flavoured latte - Hazelnut - 2.55",7.75,CARD,1546418476129500
27/04/2025 11:34,Chesterfield,Jacqueline Anderson,"Large Flavoured latte - Hazelnut - 2.85, Large Flavoured iced latte - Caramel - 3.25, Large Latte - 2.45, Regular Flavoured iced latte - Hazelnut - 2.75",11.3,CARD,1863321508862746
27/04/2025 11:37,Chesterfield,Molly Padilla,"Large Flat white - 2.45, Regular Flat white - 2.15, Large Flat white - 2.45, Large Latte - 2.45, Regular Flavoured iced latte - Vanilla - 2.75",12.25,CASH,
27/04/2025 11:39,Chesterfield,Brent Fitzhugh,Large Flavoured iced latte - Caramel - 3.25,3.25,CARD,8286205579924263
27/04/2025 11:42,Chesterfield,Katherine Lamoine,Large Flavoured iced latte - Hazelnut - 3.25,3.25,CARD,1267568907330457
27/04/2025 11:45,Chesterfield,Benjamin William,"Large Flavoured iced latte - Caramel - 3.25, Regular Flavoured iced latte - Hazelnut - 2.75, Large Flavoured latte - Hazelnut - 2.85, Regular Flavoured iced latte - Hazelnut - 2.75",11.6,CASH,
27/04/2025 11:47,Chesterfield,Betty Hoff,"Large Flavoured iced latte - Vanilla - 3.25, Regular Flavoured latte - Hazelnut - 2.55, Large Flat white - 2.45",8.25,CASH,
27/04/2025 11:50,Chesterfield,Carl Allen,"Regular Flavoured iced latte - Hazelnut - 2.75, Large Flavoured iced latte - Caramel - 3.25, Regular Flat white - 2.15, Large Flavoured iced latte - Hazelnut - 3.25, Regular Flavoured latte - Hazelnut - 2.55",13.95,CARD,9587259215647194
27/04/2025 11:52,Chesterfield,Donna Grollimund,"Regular Flavoured iced latte - Caramel - 2.75, Regular Flavoured iced latte - Caramel - 2.75, Large Flat white - 2.45, Regular Flat white - 2.15",10.1,CARD,6812953799561398
27/04/2025 11:55,Chesterfield,Carl Hopkins,Regular Flat white - 2.15,2.15,CARD,6447284204715490
27/04/2025 11:58,Chesterfield,John Montgomery,"Regular Flavoured latte - Hazelnut - 2.55, Large Latte - 2.45, Regular Flavoured iced latte - Vanilla - 2.75",7.75,CARD,1260372532403280
27/04/2025 12:00,Chesterfield,Michael Miller,"Large Latte - 2.45, Large Flavoured iced latte - Hazelnut - 3.25",5.7,CARD,6363840591289370
27/04/2025 12:05,Chesterfield,Marie Rosenthal,Large Latte - 2.45,2.45,CARD,1150256979274273
27/04/2025 12:09,Chesterfield,David Kulesa,"Large Flavoured latte - Hazelnut - 2.85, Regular Flavoured iced latte - Caramel - 2.75, Regular Flavoured latte - Hazelnut - 2.55",8.15,CARD,2925699455493537
27/04/2025 12:14,Chesterfield,Kevin King,"Regular Flavoured iced latte - Caramel - 2.75, Regular Flavoured iced latte - Caramel - 2.75, Regular Latte - 2.15",7.65,CARD,3897615235381838
27/04/2025 12:19,Chesterfield,Raymond Evanoff,"Regular Latte - 2.15, Regular Flavoured iced latte - Hazelnut - 2.75, Large Flavoured iced latte - Hazelnut - 3.25",8.15,CARD,5565660154211674
27/04/2025 12:23,Chesterfield,Brunilda Stanley,"Large Flavoured iced latte - Vanilla - 3.25, Large Latte - 2.45, Regular Flavoured iced latte - Hazelnut - 2.75, Regular Latte - 2.15, Regular Flavoured iced latte - Hazelnut - 2.75, Large Latte - 2.45",15.8,CARD,4721977679614658
27/04/2025 12:28,Chesterfield,Marie Sandmann,Large Flavoured latte - Hazelnut - 2.85,2.85,CARD,8145822642752561
27/04/2025 12:32,Chesterfield,Tammy Rodriguez,Regular Flavoured iced latte - Hazelnut - 2.75,2.75,CASH,
27/04/2025 12:37,Chesterfield,Robert Bryant,Large Latte - 2.45,2.45,CARD,3462344219834662
27/04/2025 12:42,Chesterfield,Gregory Church,"Large Flavoured iced latte - Vanilla - 3.25, Regular Latte - 2.15, Regular Flavoured iced latte - Hazelnut - 2.75, Large Flat white - 2.45",10.6,CARD,3263296669178051
27/04/2025 12:46,Chesterfield,Kenneth Bob,"Large Latte - 2.45, Large Latte - 2.45, Large Flavoured iced latte - Vanilla - 3.25, Regular Flavoured iced latte - Caramel - 2.75, Regular Latte - 2.15, Large Flavoured latte - Hazelnut - 2.85",15.9,CARD,4460452204496648
27/04/2025 12:51,Chesterfield,William Colon,"Regular Flat white - 2.15, Regular Flavoured iced latte - Hazelnut - 2.75, Regular Latte - 2.15",7.05,CASH,
27/04/2025 12:55,Chesterfield,Raymond Strecker,"Large Flavoured iced latte - Hazelnut - 3.25, Large Flavoured iced latte - Vanilla - 3.25",6.5,CARD,2349106847369613
27/04/2025 13:00,Chesterfield,Jack Pitcher,Regular Latte - 2.15,2.15,CARD,8124705016358949
27/04/2025 13:02,Chesterfield,Pamela Beasley,Large Flavoured iced latte - Hazelnut - 3.25,3.25,CARD,2685207780057372
27/04/2025 13:04,Chesterfield,Donald Moran,"Large Flavoured iced latte - Hazelnut - 3.25, Large Latte - 2.45, Large Flavoured iced latte - Hazelnut - 3.25, Regular Flavoured iced latte - Vanilla - 2.75",11.7,CASH,
27/04/2025 13:06,Chesterfield,Arnold Johnson,"Regular Flavoured iced latte - Vanilla - 2.75, Regular Flavoured latte - Hazelnut - 2.55, Large Latte - 2.45",7.75,CARD,2401336486145188
27/04/2025 13:08,Chesterfield,Gregg Blakley,"Large Flavoured latte - Hazelnut - 2.85, Regular Flavoured iced latte - Vanilla - 2.75",5.6,CARD,2357410347419822
27/04/2025 13:10,Chesterfield,Rebecca Hallberg,"Large Latte - 2.45, Regular Flavoured iced latte - Caramel - 2.75, Regular Flavoured iced latte - Caramel - 2.75",7.95,CARD,9299796081656641
27/04/2025 13:12,Chesterfield,Clara Jackson,"Regular Flavoured latte - Hazelnut - 2.55, Regular Flavoured iced latte - Hazelnut - 2.75",5.3,CASH,
27/04/2025 13:14,Chesterfield,Frank Oloughlin,"Regular Flat white - 2.15, Large Flavoured iced latte - Caramel - 3.25, Regular Latte - 2.15, Large Flavoured iced latte - Hazelnut - 3.25, Large Latte - 2.45",13.25,CASH,
27/04/2025 13:17,Chesterfield,Larry Simons,"Regular Flavoured iced latte - Hazelnut - 2.75, Large Flat white - 2.45, Regular Flavoured iced latte - Vanilla - 2.75, Large Flavoured iced latte - Hazelnut - 3.25",11.2,CARD,7322207219928043
27/04/2025 13:19,Chesterfield,Martha Jackson,Large Flavoured iced latte - Vanilla - 3.25,3.25,CASH,
27/04/2025 13:21,Chesterfield,Donna Greer,"Regular Latte - 2.15, Regular Flavoured latte - Hazelnut - 2.55, Large Flavoured iced latte - Vanilla - 3.25, Regular Flavoured latte - Hazelnut - 2.55",10.5,CARD,7356863312949228
27/04/2025 13:23,Chesterfield,Deborah Higgins,"Regular Flat white - 2.15, Large Flavoured iced latte - Vanilla - 3.25, Large Flavoured iced latte - Vanilla - 3.25",8.65,CARD,8353784527544180
27/04/2025 13:25,Chesterfield,Kim Lawson,"Large Latte - 2.45, Large Flavoured latte - Hazelnut - 2.85",5.3,CASH,
27/04/2025 13:27,Chesterfield,Elizabeth Harvey,"Large Flat white - 2.45, Large Flavoured latte - Hazelnut - 2.85, Regular Flavoured latte - Hazelnut - 2.55",7.85,CARD,3035988900238669
27/04/2025 13:29,Chesterfield,Kimberly Coar,"Regular Flavoured iced latte - Hazelnut - 2.75, Large Flavoured iced latte - Caramel - 3.25, Large Flat white - 2.45",8.45,CARD,9710789862805418
27/04/2025 13:31,Chesterfield,Linda Vanderburg,"Regular Flavoured latte - Hazelnut - 2.55, Regular Flavoured iced latte - Caramel - 2.75, Regular Flavoured latte - Hazelnut - 2.55",7.85,CARD,2228082072483713
27/04/2025 13:33,Chesterfield,Michael Silva,Regular Flavoured latte - Hazelnut - 2.55,2.55,CASH,
27/04/2025 13:35,Chesterfield,Matthew Herrera,"Large Flavoured latte - Hazelnut - 2.85, Large Latte - 2.45, Regular Flavoured iced latte - Hazelnut - 2.75",8.05,CARD,5921419600462380
27/04/2025 13:37,Chesterfield,Joshua Brown,"Regular Flat white - 2.15, Regular Flat white - 2.15, Large Flavoured iced latte - Caramel - 3.25, Large Flavoured latte - Hazelnut - 2.85",10.4,CARD,2068680747158923
27/04/2025 13:39,Chesterfield,Alexis Marlow,Regular Flavoured iced latte - Hazelnut - 2.75,2.75,CARD,6326505573497971
27/04/2025 13:41,Chesterfield,Mary Gaston,"Regular Flavoured latte - Hazelnut - 2.55, Regular Flavoured latte - Hazelnut - 2.55, Large Flavoured latte - Hazelnut - 2.85",7.95,CASH,
27/04/2025 13:43,Chesterfield,Jonathan Peters,"Large Flat white - 2.45, Large Flavoured iced latte - Vanilla - 3.25",5.7,CARD,6614865963081583
27/04/2025 13:45,Chesterfield,Jacqueline Akin,"Regular Flavoured iced latte - Vanilla - 2.75, Regular Flat white - 2.15, Large Flat white - 2.45",7.35,CASH,
27/04/2025 13:48,Chesterfield,Pauline Jenkins,"Regular Latte - 2.15, Large Flavoured iced latte - Hazelnut - 3.25",5.4,CARD,2031069765604691
27/04/2025 13:50,Chesterfield,Danielle Bailey,"Large Flavoured iced latte - Caramel - 3.25, Regular Flavoured iced latte - Caramel - 2.75",6.0,CASH,
27/04/2025 13:52,Chesterfield,Arthur Lampley,Large Flat white - 2.45,2.45,CARD,4632651441937346
27/04/2025 13:54,Chesterfield,Janet Michael,Large Flavoured iced latte - Vanilla - 3.25,3.25,CARD,3758631297259065
27/04/2025 13:56,Chesterfield,Gloria Lewis,"Large Flat white - 2.45, Large Flavoured iced latte - Vanilla - 3.25, Large Flat white - 2.45",8.15,CARD,5901904222406334
27/04/2025 13:58,Chesterfield,Michael Flath,Large Flat white - 2.45,2.45,CARD,3569909631797682
27/04/2025 14:00,Chesterfield,Michael Wai,"Large Flavoured iced latte - Caramel - 3.25, Regular Flavoured iced latte - Caramel - 2.75",6.0,CASH,
27/04/2025 14:01,Chesterfield,Evelina Colon,"Regular Latte - 2.15, Regular Flat white - 2.15",4.3,CARD,2445634976144628
27/04/2025 14:02,Chesterfield,Evelyn Woodard,"Regular Flavoured iced latte - Hazelnut - 2.75, Large Flat white - 2.45, Regular Flavoured latte - Hazelnut - 2.55, Regular Flat white - 2.15",9.9,CARD,1354420382918672
27/04/2025 14:04,Chesterfield,Bryon Sturm,Large Flat white - 2.45,2.45,CARD,8471689119585917
27/04/2025 14:05,Chesterfield,Salvador Neihart,"Large Flavoured iced latte - Vanilla - 3.25, Regular Flavoured iced latte - Vanilla - 2.75, Regular Flavoured iced latte - Caramel - 2.75, Large Flavoured iced latte - Vanilla - 3.25, Regular Flavoured iced latte - Vanilla - 2.75",14.75,CARD,1940519529729226
27/04/2025 14:06,Chesterfield,Shirley Coffey,"Large Latte - 2.45, Large Latte - 2.45",4.9,CASH,
27/04/2025 14:08,Chesterfield,Milton Armijo,"Large Flavoured iced latte - Hazelnut - 3.25, Large Flat white - 2.45, Regular Flavoured iced latte - Hazelnut - 2.75, Large Flavoured latte - Hazelnut - 2.85",11.3,CARD,1159447028390132
27/04/2025 14:09,Chesterfield,Jesse Risser,"Large Flavoured iced latte - Hazelnut - 3.25, Regular Flat white - 2.15, Large Latte - 2.45",7.85,CARD,4394520839853676
27/04/2025 14:10,Chesterfield,Martha Copeland,"Regular Flavoured latte - Hazelnut - 2.55, Large Flavoured iced latte - Hazelnut - 3.25, Regular Flavoured latte - Hazelnut - 2.55, Large Flavoured latte - Hazelnut - 2.85, Large Latte - 2.45",13.65,CARD,8549571591027189
27/04/2025 14:11,Chesterfield,Lisa Ramsey,"Regular Flavoured iced latte - Vanilla - 2.75, Large Flavoured iced latte - Vanilla - 3.25, Regular Flavoured iced latte - Hazelnut - 2.75, Large Flavoured iced latte - Vanilla - 3.25, Regular Flat white - 2.15",14.15,CARD,8107334127255444
27/04/2025 14:13,Chesterfield,Dorothy Mcwilliams,"Regular Flavoured iced latte - Caramel - 2.75, Large Flat white - 2.45, Regular Flavoured iced latte - Hazelnut - 2.75, Large Flavoured iced latte - Hazelnut - 3.25",11.2,CASH,
27/04/2025 14:14,Chesterfield,Joseph Mcclure,"Regular Flavoured iced latte - Caramel - 2.75, Large Flavoured latte - Hazelnut - 2.85, Large Flavoured iced latte - Vanilla - 3.25",8.85,CARD,8599811571183662
27/04/2025 14:15,Chesterfield,Thomas Johnson,"Regular Flavoured iced latte - Caramel - 2.75, Regular Flavoured iced latte - Hazelnut - 2.75, Large Flavoured iced latte - Vanilla - 3.25, Large Flavoured latte - Hazelnut - 2.85, Large Flavoured iced latte - Hazelnut - 3.25, Regular Flavoured latte - Hazelnut - 2.55",17.4,CARD,9983188121507939
27/04/2025 14:16,Chesterfield,Retha Harris,"Regular Flavoured iced latte - Caramel - 2.75, Regular Flat white - 2.15, Regular Flat white - 2.15, Regular Flavoured latte - Hazelnut - 2.55, Regular Latte - 2.15",11.75,CARD,2794277986673522
27/04/2025 14:18,Chesterfield,Joseph Mccue,"Large Flavoured iced latte - Hazelnut - 3.25, Large Flat white - 2.45, Regular Flavoured iced latte - Vanilla - 2.75",8.45,CARD,2247736235837355
27/04/2025 14:19,Chesterfield,Ronda Tucker,"Large Flavoured iced latte - Hazelnut - 3.25, Large Latte - 2.45",5.7,CARD,8670731536636000
27/04/2025 14:20,Chesterfield,Jose Daniel,"Large Latte - 2.45, Large Flat white - 2.45",4.9,CARD,1802154141168681
27/04/2025 14:21,Chesterfield,Geneva Diaz,"Large Flat white - 2.45, Large Flat white - 2.45, Regular Flavoured iced latte - Vanilla - 2.75, Large Latte - 2.45, Large Flat white - 2.45, Regular Flat white - 2.15",14.7,CASH,
27/04/2025 14:23,Chesterfield,Zella Price,"Large Flavoured latte - Hazelnut - 2.85, Large Flavoured iced latte - Hazelnut - 3.25, Large Flavoured iced latte - Hazelnut - 3.25, Large Flat white - 2.45",11.8,CARD,6890147096949218
27/04/2025 14:24,Chesterfield,Evelyn Wright,"Large Flavoured iced latte - Caramel - 3.25, Regular Flavoured iced latte - Hazelnut - 2.75, Regular Flavoured latte - Hazelnut - 2.55, Large Flavoured latte - Hazelnut - 2.85, Regular Flavoured iced latte - Vanilla - 2.75",14.15,CARD,7749554780781672
27/04/2025 14:25,Chesterfield,Eric Heitmann,"Large Flavoured iced latte - Hazelnut - 3.25, Large Flat white - 2.45, Large Flavoured latte - Hazelnut - 2.85, Large Flavoured iced latte - Caramel - 3.25, Regular Flat white - 2.15",13.95,CARD,3466322760180961
27/04/2025 14:27,Chesterfield,Linda Conner,Large Flavoured iced latte - Vanilla - 3.25,3.25,CARD,9208131070662448
27/04/2025 14:28,Chesterfield,Stephanie Nance,"Large Flavoured latte - Hazelnut - 2.85, Regular Latte - 2.15",5.0,CASH,
27/04/2025 14:29,Chesterfield,Mary Stewart,"Large Flavoured iced latte - Hazelnut - 3.25, Regular Flavoured latte - Hazelnut - 2.55",5.8,CARD,2215419189919539
27/04/2025 14:30,Chesterfield,Troy Richardson,"Regular Flavoured iced latte - Hazelnut - 2.75, Large Latte - 2.45, Regular Flavoured latte - Hazelnut - 2.55, Large Flat white - 2.45",10.2,CASH,
27/04/2025 14:32,Chesterfield,Josefina Collette,Regular Flat white - 2.15,2.15,CARD,9335350456876516
27/04/2025 14:33,Chesterfield,Judith Grote,"Large Flat white - 2.45, Large Flat white - 2.45",4.9,CARD,7928620579288226
27/04/2025 14:34,Chesterfield,Samuel Rykert,"Regular Flat white - 2.15, Regular Latte - 2.15",4.3,CASH,
27/04/2025 14:35,Chesterfield,Lloyd Jodon,"Large Flavoured iced latte - Hazelnut - 3.25, Large Flat white - 2.45",5.7,CASH,
27/04/2025 14:37,Chesterfield,Mark Reddick,"Large Flat white - 2.45, Large Latte - 2.45, Large Flavoured iced latte - Vanilla - 3.25, Large Flat white - 2.45, Regular Flavoured iced latte - Caramel - 2.75",13.35,CARD,4408070075561668
27/04/2025 14:38,Chesterfield,Susan Page,"Large Flat white - 2.45, Large Flavoured iced latte - Hazelnut - 3.25, Regular Flavoured iced latte - Hazelnut - 2.75, Regular Flavoured latte - Hazelnut - 2.55",11.0,CARD,8572433275417890
27/04/2025 14:39,Chesterfield,William Williams,"Regular Flavoured iced latte - Hazelnut - 2.75, Regular Latte - 2.15, Regular Flavoured latte - Hazelnut - 2.55",7.45,CARD,5266206776378450
27/04/2025 14:40,Chesterfield,George Kin,"Large Flavoured iced latte - Vanilla - 3.25, Large Flavoured iced latte - Hazelnut - 3.25, Regular Flavoured iced latte - Vanilla - 2.75, Large Latte - 2.45, Large Flavoured iced latte - Caramel - 3.25",14.95,CARD,8534480473597036
27/04/2025 14:42,Chesterfield,Tammy Walat,"Large Flavoured latte - Hazelnut - 2.85, Large Flavoured iced latte - Hazelnut - 3.25",6.1,CASH,
27/04/2025 14:43,Chesterfield,Dennis Sanchez,"Regular Flavoured iced latte - Caramel - 2.75, Large Flavoured iced latte - Hazelnut - 3.25, Regular Flavoured iced latte - Vanilla - 2.75",8.75,CARD,7818218183072473
27/04/2025 14:44,Chesterfield,Tina Gray,Large Flat white - 2.45,2.45,CARD,1745074399755762
27/04/2025 14:46,Chesterfield,Anne Haggerty,"Large Latte - 2.45, Large Flavoured iced latte - Vanilla - 3.25",5.7,CASH,
27/04/2025 14:47,Chesterfield,Marcia Byrd,Large Flat white - 2.45,2.45,CARD,5818123121828119
27/04/2025 14:48,Chesterfield,Betty Dubay,Regular Flat white - 2.15,2.15,CARD,9613740989327307
27/04/2025 14:49,Chesterfield,Loretta Roa,Large Latte - 2.45,2.45,CARD,6478644226919569
27/04/2025 14:51,Chesterfield,Valarie Jehlicka,"Regular Flavoured iced latte - Hazelnut - 2.75, Regular Flavoured iced latte - Hazelnut - 2.75, Large Flat white - 2.45",7.95,CARD,6883135849275632
27/04/2025 14:52,Chesterfield,Karen Johnson,"Large Flavoured latte - Hazelnut - 2.85, Large Flat white - 2.45, Large Flat white - 2.45, Large Flavoured latte - Hazelnut - 2.85",10.6,CASH,
27/04/2025 14:53,Chesterfield,Gretchen Antoine,Large Flat white - 2.45,2.45,CASH,
27/04/2025 14:54,Chesterfield,Larry Rosenthal,Regular Flavoured iced latte - Vanilla - 2.75,2.75,CASH,
27/04/2025 14:56,Chesterfield,Hope Carey,"Large Flavoured iced latte - Vanilla - 3.25, Regular Flavoured latte - Hazelnut - 2.55, Regular Flat white - 2.15, Regular Latte - 2.15, Large Flat white - 2.45, Regular Flat white - 2.15",14.7,CASH,
27/04/2025 14:57,Chesterfield,Carey Fullard,"Large Latte - 2.45, Regular Flat white - 2.15",4.6,CARD,6991203898251967
27/04/2025 14:58,Chesterfield,Valerie Kline,"Regular Flat white - 2.15, Large Flavoured iced latte - Hazelnut - 3.25, Regular Flavoured iced latte - Vanilla - 2.75, Regular Flavoured iced latte - Vanilla - 2.75",10.9,CARD,1676504293526859
27/04/2025 14:59,Chesterfield,Richard Barnes,"Regular Flavoured iced latte - Vanilla - 2.75, Large Flavoured iced latte - Caramel - 3.25, Large Latte - 2.45, Large Latte - 2.45, Large Flavoured iced latte - Hazelnut - 3.25",14.15,CASH,
27/04/2025 15:01,Chesterfield,Bonnie Godfrey,"Regular Flavoured latte - Hazelnut - 2.55, Regular Flavoured iced latte - Hazelnut - 2.75, Regular Flavoured iced latte - Hazelnut - 2.75, Regular Flavoured iced latte - Hazelnut - 2.75, Large Flavoured iced latte - Vanilla - 3.25",14.05,CARD,5045592825447449
27/04/2025 15:02,Chesterfield,Laura Davis,"Large Flavoured iced latte - Vanilla - 3.25, Regular Flavoured iced latte - Vanilla - 2.75, Large Flat white - 2.45, Regular Flavoured iced latte - Vanilla - 2.75",11.2,CARD,5437367039185437
27/04/2025 15:03,Chesterfield,Mary Frisbee,Regular Latte - 2.15,2.15,CARD,7278015413351377
27/04/2025 15:05,Chesterfield,Geri Leonard,Large Flavoured iced latte - Hazelnut - 3.25,3.25,CASH,
27/04/2025 15:06,Chesterfield,Monica Tunstall,"Large Flat white - 2.45, Regular Flavoured iced latte - Vanilla - 2.75, Regular Flavoured iced latte - Caramel - 2.75, Regular Flavoured iced latte - Caramel - 2.75, Large Flavoured iced latte - Vanilla - 3.25, Regular Flavoured iced latte - Hazelnut - 2.75",16.7,CARD,9772702184822093
27/04/2025 15:07,Chesterfield,Joesph Mitchell,"Large Flavoured latte - Hazelnut - 2.85, Regular Flavoured iced latte - Caramel - 2.75",5.6,CASH,
27/04/2025 15:08,Chesterfield,David Williamson,"Large Flavoured iced latte - Vanilla - 3.25, Large Flavoured iced latte - Caramel - 3.25, Regular Flat white - 2.15, Large Flavoured iced latte - Vanilla - 3.25, Regular Flavoured latte - Hazelnut - 2.55",14.45,CARD,8158579335675697
27/04/2025 15:10,Chesterfield,Raymond Sires,"Regular Latte - 2.15, Regular Latte - 2.15, Regular Flavoured latte - Hazelnut - 2.55",6.85,CASH,
27/04/2025 15:11,Chesterfield,Samantha Howard,"Large Flavoured iced latte - Caramel - 3.25, Large Flavoured iced latte - Caramel - 3.25, Regular Flat white - 2.15",8.65,CARD,5147340429216757
27/04/2025 15:12,Chesterfield,Donald Hayes,Large Flavoured latte - Hazelnut - 2.85,2.85,CARD,7105104206097684
27/04/2025 15:13,Chesterfield,Marie Bynoe,Regular Latte - 2.15,2.15,CASH,
27/04/2025 15:15,Chesterfield,Karen Rutledge,Large Flavoured iced latte - Caramel - 3.25,3.25,CASH,
27/04/2025 15:16,Chesterfield,Laverne Marshall,"Large Flavoured latte - Hazelnut - 2.85, Large Flavoured iced latte - Hazelnut - 3.25, Large Flavoured iced latte - Caramel - 3.25, Regular Flat white - 2.15, Regular Flat white - 2.15",13.65,CASH,
27/04/2025 15:17,Chesterfield,Martin Heyde,"Regular Flavoured iced latte - Vanilla - 2.75, Large Flavoured iced latte - Caramel - 3.25",6.0,CARD,1668376856608910
27/04/2025 15:18,Chesterfield,Mary Traylor,Regular Flavoured latte - Hazelnut - 2.55,2.55,CARD,9573446645867302
27/04/2025 15:20,Chesterfield,Chad Wauch,"Large Flavoured iced latte - Hazelnut - 3.25, Large Flat white - 2.45",5.7,CARD,6496899999444358
27/04/2025 15:21,Chesterfield,Katherine Gustason,"Large Latte - 2.45, Regular Flat white - 2.15, Regular Flavoured iced latte - Vanilla - 2.75",7.35,CARD,7786290452314672
27/04/2025 15:22,Chesterfield,Michael Williams,"Regular Flat white - 2.15, Regular Flavoured iced latte - Caramel - 2.75",4.9,CASH,
27/04/2025 15:23,Chesterfield,Lawrence Hernandez,"Large Flavoured iced latte - Hazelnut - 3.25, Regular Flavoured latte - Hazelnut - 2.55",5.8,CARD,8062997685271705
27/04/2025 15:25,Chesterfield,Haley Baumler,"Large Latte - 2.45, Regular Flavoured iced latte - Caramel - 2.75, Regular Flavoured latte - Hazelnut - 2.55, Large Flat white - 2.45, Large Flavoured latte - Hazelnut - 2.85, Regular Latte - 2.15",15.2,CARD,9645816243548526
27/04/2025 15:26,Chesterfield,Greg Magsayo,"Regular Flavoured iced latte - Hazelnut - 2.75, Large Flat white - 2.45, Large Flavoured iced latte - Caramel - 3.25, Regular Flavoured latte - Hazelnut - 2.55",11.0,CASH,
27/04/2025 15:27,Chesterfield,Ronnie Harwell,"Large Flavoured latte - Hazelnut - 2.85, Regular Flavoured iced latte - Vanilla - 2.75, Regular Flavoured iced latte - Hazelnut - 2.75, Large Flavoured iced latte - Hazelnut - 3.25, Large Flavoured latte - Hazelnut - 2.85",14.45,CARD,7751271517202038
27/04/2025 15:28,Chesterfield,Elizabeth Hansen,"Regular Flavoured iced latte - Hazelnut - 2.75, Regular Flavoured iced latte - Caramel - 2.75, Regular Latte - 2.15",7.65,CASH,
27/04/2025 15:30,Chesterfield,Kathleen Kuehl,"Large Flat white - 2.45, Regular Flavoured iced latte - Vanilla - 2.75, Regular Flavoured iced latte - Caramel - 2.75, Regular Flat white - 2.15, Large Flavoured latte - Hazelnut - 2.85, Regular Flavoured iced latte - Caramel - 2.75",15.7,CARD,1935049424639444
27/04/2025 15:31,Chesterfield,Mark Dominguez,"Large Flat white - 2.45, Large Latte - 2.45",4.9,CARD,8962968733242714
27/04/2025 15:32,Chesterfield,Joseph Grisham,Regular Flavoured iced latte - Hazelnut - 2.75,2.75,CASH,
27/04/2025 15:33,Chesterfield,Aline Woods,"Large Flavoured iced latte - Caramel - 3.25, Large Flat white - 2.45, Regular Flavoured iced latte - Hazelnut - 2.75",8.45,CARD,9889946732907989
27/04/2025 15:35,Chesterfield,Ted Poole,"Regular Flat white - 2.15, Large Flavoured iced latte - Hazelnut - 3.25, Large Flavoured iced latte - Caramel - 3.25, Regular Flavoured iced latte - Hazelnut - 2.75, Large Flavoured iced latte - Hazelnut - 3.25",14.65,CARD,4120293778954115
27/04/2025 15:36,Chesterfield,Scott Potter,Regular Flat white - 2.15,2.15,CASH,
27/04/2025 15:37,Chesterfield,Ricardo Bergseng,"Regular Flavoured latte - Hazelnut - 2.55, Regular Flavoured iced latte - Hazelnut - 2.75, Large Flavoured iced latte - Hazelnut - 3.25, Regular Flavoured iced latte - Hazelnut - 2.75",11.3,CASH,
27/04/2025 15:38,Chesterfield,Leslee Perry,"Large Flavoured latte - Hazelnut - 2.85, Regular Flavoured iced latte - Hazelnut - 2.75, Regular Flavoured iced latte - Vanilla - 2.75",8.35,CARD,8071608857438036
27/04/2025 15:40,Chesterfield,Joanne Jewett,"Regular Flavoured iced latte - Caramel - 2.75, Regular Flavoured iced latte - Caramel - 2.75",5.5,CARD,8497602605526243
27/04/2025 15:41,Chesterfield,Hang Hernandez,"Regular Flavoured iced latte - Caramel - 2.75, Large Flavoured iced latte - Hazelnut - 3.25, Regular Flavoured iced latte - Vanilla - 2.75, Large Latte - 2.45",11.2,CARD,7782552030975069
27/04/2025 15:42,Chesterfield,Philip Felix,"Large Flavoured iced latte - Caramel - 3.25, Large Flavoured iced latte - Vanilla - 3.25",6.5,CASH,
27/04/2025 15:43,Chesterfield,Jenny Taylor,Regular Flavoured iced latte - Caramel - 2.75,2.75,CARD,3819116495737923
27/04/2025 15:45,Chesterfield,David Hendrix,Large Flavoured iced latte - Vanilla - 3.25,3.25,CARD,3651552717172073
27/04/2025 15:46,Chesterfield,Francisco Smith,"Large Flavoured iced latte - Vanilla - 3.25, Regular Flavoured iced latte - Caramel - 2.75",6.0,CARD,3474748361128500
27/04/2025 15:47,Chesterfield,Jack Rowell,"Regular Flavoured iced latte - Caramel - 2.75, Regular Latte - 2.15",4.9,CARD,8270515041614961
27/04/2025 15:48,Chesterfield,Corinne Marcy,"Regular Flavoured iced latte - Hazelnut - 2.75, Large Flavoured iced latte - Caramel - 3.25",6.0,CARD,8942004590706114
27/04/2025 15:50,Chesterfield,Tony Dickerson,"Large Flavoured latte - Hazelnut - 2.85, Regular Flavoured iced latte - Vanilla - 2.75, Regular Flavoured iced latte - Caramel - 2.75, Large Flavoured iced latte - Caramel - 3.25",11.6,CARD,3717023918245054
27/04/2025 15:51,Chesterfield,Barbara Bealer,"Regular Flat white - 2.15, Regular Flavoured iced latte - Caramel - 2.75",4.9,CARD,6692237725169789
27/04/2025 15:52,Chesterfield,Edward Wong,Large Flavoured iced latte - Hazelnut - 3.25,3.25,CARD,6233668165637296
27/04/2025 15:53,Chesterfield,Wanda Pena,"Regular Flavoured latte - Hazelnut - 2.55, Large Latte - 2.45",5.0,CASH,
27/04/2025 15:55,Chesterfield,Betty Strei,Regular Flat white - 2.15,2.15,CARD,9851155360601413
27/04/2025 15:56,Chesterfield,Greg Smith,"Regular Flavoured iced latte - Vanilla - 2.75, Regular Flavoured iced latte - Caramel - 2.75",5.5,CARD,1098169378693591
27/04/2025 15:57,Chesterfield,Elijah Schacher,Regular Flavoured iced latte - Hazelnut - 2.75,2.75,CASH,
27/04/2025 15:58,Chesterfield,Michael Quella,Regular Flavoured latte - Hazelnut - 2.55,2.55,CASH,
27/04/2025 16:00,Chesterfield,Perry Ackerman,"Regular Flavoured iced latte - Hazelnut - 2.75, Large Latte - 2.45",5.2,CARD,8174603236966682
27/04/2025 16:03,Chesterfield,Evelyn Lawhorne,"Large Flat white - 2.45, Regular Flavoured iced latte - Vanilla - 2.75, Large Latte - 2.45, Large Flat white - 2.45, Regular Latte - 2.15",12.25,CASH,
27/04/2025 16:07,Chesterfield,Lawrence Pieper,"Large Flavoured iced latte - Hazelnut - 3.25, Regular Flavoured iced latte - Caramel - 2.75, Regular Flavoured iced latte - Hazelnut - 2.75, Regular Latte - 2.15",10.9,CASH,
27/04/2025 16:10,Chesterfield,Gretchen Wallace,Large Flavoured iced latte - Vanilla - 3.25,3.25,CARD,3447445848862853
27/04/2025 16:14,Chesterfield,Jason Bates,Regular Flavoured iced latte - Hazelnut - 2.75,2.75,CASH,
27/04/2025 16:17,Chesterfield,Steven Pike,"Large Flavoured iced latte - Caramel - 3.25, Large Latte - 2.45, Large Flavoured iced latte - Caramel - 3.25, Regular Flavoured iced latte - Caramel - 2.75, Large Flat white - 2.45",14.15,CARD,5602690766109259
27/04/2025 16:21,Chesterfield,Wilbert Baker,"Large Flavoured iced latte - Caramel - 3.25, Large Flavoured iced latte - Hazelnut - 3.25, Large Flavoured iced latte - Hazelnut - 3.25",9.75,CASH,
27/04/2025 16:24,Chesterfield,Thomas Paulson,"Regular Flavoured latte - Hazelnut - 2.55, Large Flat white - 2.45",5.0,CARD,3952816667755065
27/04/2025 16:28,Chesterfield,John Young,"Regular Flavoured iced latte - Caramel - 2.75, Regular Flavoured iced latte - Caramel - 2.75",5.5,CARD,9925162329461710
27/04/2025 16:31,Chesterfield,Scott Keating,Regular Flavoured latte - Hazelnut - 2.55,2.55,CASH,
27/04/2025 16:35,Chesterfield,Socorro Motte,"Large Latte - 2.45, Regular Flavoured iced latte - Hazelnut - 2.75, Large Flat white - 2.45, Regular Flat white - 2.15",9.8,CASH,
27/04/2025 16:38,Chesterfield,Robert Jenkins,Large Flavoured iced latte - Hazelnut - 3.25,3.25,CASH,
27/04/2025 16:42,Chesterfield,Antonio Crocker,Regular Flavoured iced latte - Vanilla - 2.75,2.75,CARD,1487353214313481
27/04/2025 16:45,Chesterfield,Marquita Stokley,Large Flavoured iced latte - Hazelnut - 3.25,3.25,CARD,5422111495151990
27/04/2025 16:49,Chesterfield,Gerri Martin,"Large Flavoured iced latte - Hazelnut - 3.25, Large Flavoured latte - Hazelnut - 2.85",6.1,CARD,6702125941867467
27/04/2025 16:52,Chesterfield,John Milligan,"Large Flat white - 2.45, Large Flavoured iced latte - Caramel - 3.25",5.7,CARD,9739232777347768
27/04/2025 16:56,Chesterfield,Ruth Faulkner,Large Flavoured iced latte - Hazelnut - 3.25,3.25,CARD,6320787653079023
27/04/2025 16:59,Chesterfield,Wesley Murphy,"Regular Flavoured latte - Hazelnut - 2.55, Large Flavoured latte - Hazelnut - 2.85",5.4,CARD,2409211596700733
