27/04/2025 09:00,Edinburgh,Derek Thompson,"Regular Smoothies - Carrot Kick - 2.00, Large Flavoured iced latte - Hazelnut - 3.25, Large Flavoured latte - Hazelnut - 2.85, Large Speciality Tea - Earl Grey - 1.60, Large Mocha - 2.70, Regular Flavoured iced latte - Hazelnut - 2.75",15.15,CARD,1407700411878353
27/04/2025 09:01,Edinburgh,Joseph Edwards,Large Speciality Tea - Green - 1.60,1.6,CARD,2916930533324109
27/04/2025 09:03,Edinburgh,Scott Shaw,Large Chai latte - 2.60,2.6,CASH,
27/04/2025 09:05,Edinburgh,Maria Jorgensen,"Large Smoothies - Glowing Greens - 2.50, Large Mocha - 2.70, Large Americano - 2.25, Large Speciality Tea - Green - 1.60, Regular Chai latte - 2.30",11.35,CARD,4622355942634195
27/04/2025 09:07,Edinburgh,Juan Whiteley,Large Flavoured latte - Hazelnut - 2.85,2.85,CASH,
27/04/2025 09:09,Edinburgh,Katherine Layne,Regular Mocha - 2.30,2.3,CARD,9493469259763820
27/04/2025 09:10,Edinburgh,Janet Lopez,Regular Mocha - 2.30,2.3,CASH,
27/04/2025 09:12,Edinburgh,Melissa Lopez,"Regular Flavoured iced latte - Hazelnut - 2.75, Regular Smoothies - Glowing Greens - 2.00, Regular Flavoured iced latte - Hazelnut - 2.75",7.5,CARD,8056899634194925
27/04/2025 09:14,Edinburgh,Keith Anderson,"Regular Speciality Tea - Earl Grey - 1.30, Large Smoothies - Glowing Greens - 2.50, Large Americano - 2.25, Regular Flavoured latte - Hazelnut - 2.55",8.6,CARD,4942298442447175
27/04/2025 09:16,Edinburgh,Stephen Unnasch,"Regular Speciality Tea - Fruit - 1.30, Large Smoothies - Glowing Greens - 2.50, Large Flavoured iced latte - Hazelnut - 3.25, Large Flavoured iced latte - Hazelnut - 3.25",10.3,CARD,3379657677735345
27/04/2025 09:18,Edinburgh,Leigh Hungerford,Large Smoothies - Glowing Greens - 2.50,2.5,CARD,2569752472996389
27/04/2025 09:19,Edinburgh,Whitney Cardenas,Large Flavoured iced latte - Hazelnut - 3.25,3.25,CARD,2744463013644482
27/04/2025 09:21,Edinburgh,Priscilla Saulsberry,"Regular Mocha - 2.30, Regular Speciality Tea - Green - 1.30, Large Speciality Tea - Green - 1.60, Regular Flavoured latte - Hazelnut - 2.55",7.75,CASH,
27/04/2025 09:23,Edinburgh,Lia Mcmichael,"Regular Flavoured iced latte - Hazelnut - 2.75, Large Flavoured latte - Hazelnut - 2.85",5.6,CARD,9095715274923240
27/04/2025 09:25,Edinburgh,Jeffrey Bright,"Regular Speciality Tea - Fruit - 1.30, Large Chai latte - 2.60",3.9,CARD,3860679898705833
27/04/2025 09:27,Edinburgh,Helen Rudd,"Large Smoothies - Glowing Greens - 2.50, Regular Chai latte - 2.30, Regular Mocha - 2.30",7.1,CARD,2065645163375349
27/04/2025 09:29,Edinburgh,Karin Mathson,Large Speciality Tea - Earl Grey - 1.60,1.6,CASH,
27/04/2025 09:30,Edinburgh,Vicki Seeholzer,"Large Smoothies - Glowing Greens - 2.50, Regular Americano - 1.95, Large Smoothies - Glowing Greens - 2.50",6.95,CARD,1363333657245220
27/04/2025 09:32,Edinburgh,Kenneth Teel,"Large Smoothies - Carrot Kick - 2.50, Large Speciality Tea - Earl Grey - 1.60, Regular Speciality Tea - Green - 1.30",5.4,CARD,7633611367043403
27/04/2025 09:34,Edinburgh,Leticia Charles,"Regular Flavoured latte - Hazelnut - 2.55, Large Smoothies - Glowing Greens - 2.50, Regular Smoothies - Glowing Greens - 2.00",7.05,CARD,7389473424425471
27/04/2025 09:36,Edinburgh,Lori Westfall,"Regular Flavoured iced latte - Hazelnut - 2.75, Large Mocha - 2.70",5.45,CASH,
27/04/2025 09:38,Edinburgh,Laura Turner,Large Flavoured iced latte - Hazelnut - 3.25,3.25,CARD,1235641042995142
27/04/2025 09:39,Edinburgh,Ruby Lopez,"Large Speciality Tea - Green - 1.60, Large Smoothies - Glowing Greens - 2.50, Large Speciality Tea - Green - 1.60",5.7,CARD,3086737534744113
27/04/2025 09:41,Edinburgh,Liza Lee,"Regular Flavoured latte - Hazelnut - 2.55, Large Chai latte - 2.60, Regular Smoothies - Glowing Greens - 2.00, Large Flavoured latte - Hazelnut - 2.85",10.0,CARD,7742274336632803
27/04/2025 09:43,Edinburgh,Ryan Mccormick,"Regular Smoothies - Carrot Kick - 2.00, Regular Smoothies - Glowing Greens - 2.00, Large Speciality Tea - Green - 1.60, Large Mocha - 2.70, Large Flavoured iced latte - Hazelnut - 3.25, Large Flavoured latte - Hazelnut - 2.85",14.4,CARD,6929536958243568
27/04/2025 09:45,Edinburgh,Emily Mcclanan,Regular Speciality Tea - Fruit - 1.30,1.3,CARD,5097402789932324
27/04/2025 09:47,Edinburgh,Maryellen Glover,Regular Speciality Tea - Fruit - 1.30,1.3,CARD,6969026492612561
27/04/2025 09:49,Edinburgh,Dianna Young,Large Flavoured iced latte - Hazelnut - 3.25,3.25,CASH,
27/04/2025 09:50,Edinburgh,Debra Hutchinson,"Large Smoothies - Carrot Kick - 2.50, Large Flavoured iced latte - Hazelnut - 3.25",5.75,CARD,4874687729375220
27/04/2025 09:52,Edinburgh,Frank Carpenter,"Regular Speciality Tea - Green - 1.30, Regular Smoothies - Carrot Kick - 2.00, Regular Mocha - 2.30",5.6,CARD,7020854082345436
27/04/2025 09:54,Edinburgh,Margaret Friedt,Large Chai latte - 2.60,2.6,CASH,
27/04/2025 09:56,Edinburgh,Suzy Maxwell,"Regular Speciality Tea - Earl Grey - 1.30, Regular Mocha - 2.30, Large Speciality Tea - Green - 1.60",5.2,CARD,9500390370438352
27/04/2025 09:58,Edinburgh,Rolland Beane,"Regular Chai latte - 2.30, Regular Smoothies - Carrot Kick - 2.00, Regular Speciality Tea - Fruit - 1.30",5.6,CASH,
27/04/2025 09:59,Edinburgh,Jonathan Daly,"Regular Smoothies - Carrot Kick - 2.00, Large Speciality Tea - Fruit - 1.60, Regular Chai latte - 2.30",5.9,CARD,2877249144577445
27/04/2025 10:01,Edinburgh,Paula Turner,"Regular Americano - 1.95, Regular Chai latte - 2.30, Regular Smoothies - Carrot Kick - 2.00, Large Speciality Tea - Green - 1.60",7.85,CASH,
27/04/2025 10:03,Edinburgh,Elizabeth Tyler,"Regular Smoothies - Glowing Greens - 2.00, Large Flavoured latte - Hazelnut - 2.85",4.85,CASH,
27/04/2025 10:04,Edinburgh,Ian Labranche,"Large Speciality Tea - Green - 1.60, Regular Mocha - 2.30, Regular Speciality Tea - Earl Grey - 1.30, Large Mocha - 2.70, Large Chai latte - 2.60",10.5,CASH,
27/04/2025 10:05,Edinburgh,Steve Fonville,"Regular Flavoured iced latte - Hazelnut - 2.75, Large Speciality Tea - Fruit - 1.60, Regular Mocha - 2.30, Large Mocha - 2.70",9.35,CARD,9625612893779438
27/04/2025 10:07,Edinburgh,Crystal West,Regular Chai latte - 2.30,2.3,CARD,3112927133123909
27/04/2025 10:08,Edinburgh,Alan Smith,Regular Flavoured iced latte - Hazelnut - 2.75,2.75,CASH,
27/04/2025 10:09,Edinburgh,Aaron Nine,"Regular Speciality Tea - Fruit - 1.30, Large Speciality Tea - Green - 1.60",2.9,CARD,9360467113162334
27/04/2025 10:11,Edinburgh,Kathleen Greenwood,"Regular Flavoured iced latte - Hazelnut - 2.75, Regular Flavoured iced latte - Hazelnut - 2.75, Large Mocha - 2.70",8.2,CARD,7169117193480219
27/04/2025 10:12,Edinburgh,Morris Marrero,"Large Smoothies - Glowing Greens - 2.50, Regular Speciality Tea - Green - 1.30, Regular Americano - 1.95",5.75,CARD,7175894830142334
27/04/2025 10:13,Edinburgh,Wilma Pino,"Large Smoothies - Carrot Kick - 2.50, Large Chai latte - 2.60, Large Smoothies - Carrot Kick - 2.50, Regular Flavoured latte - Hazelnut - 2.55, Large Smoothies - Glowing Greens - 2.50, Large Chai latte - 2.60",15.25,CASH,
27/04/2025 10:15,Edinburgh,Victor Reed,Regular Flavoured latte - Hazelnut - 2.55,2.55,CASH,
27/04/2025 10:16,Edinburgh,Suzan Diaz,"Regular Mocha - 2.30, Large Flavoured iced latte - Hazelnut - 3.25, Large Chai latte - 2.60, Large Mocha - 2.70",10.85,CARD,1823401669869430
27/04/2025 10:17,Edinburgh,David Jennings,"Large Chai latte - 2.60, Regular Flavoured iced latte - Hazelnut - 2.75",5.35,CASH,
27/04/2025 10:19,Edinburgh,Christy Morgan,"Regular Smoothies - Carrot Kick - 2.00, Large Americano - 2.25, Regular Smoothies - Carrot Kick - 2.00",6.25,CARD,3993050975186244
27/04/2025 10:20,Edinburgh,Cheryl Branham,"Large Speciality Tea - Green - 1.60, Regular Chai latte - 2.30, Regular Speciality Tea - Earl Grey - 1.30",5.2,CASH,
27/04/2025 10:21,Edinburgh,Stacey Terry,"Large Speciality Tea - Fruit - 1.60, Regular Mocha - 2.30, Large Mocha - 2.70, Regular Speciality Tea - Green - 1.30",7.9,CARD,4826991124129307
27/04/2025 10:23,Edinburgh,Wade Martin,"Regular Flavoured latte - Hazelnut - 2.55, Large Flavoured latte - Hazelnut - 2.85",5.4,CASH,
27/04/2025 10:24,Edinburgh,Ronald Siegel,"Large Smoothies - Glowing Greens - 2.50, Regular Chai latte - 2.30, Regular Smoothies - Carrot Kick - 2.00, Large Americano - 2.25, Regular Speciality Tea - Fruit - 1.30",10.35,CARD,8356339669076323
27/04/2025 10:25,Edinburgh,Beverly Bradford,"Large Speciality Tea - Earl Grey - 1.60, Regular Speciality Tea - Green - 1.30",2.9,CARD,4889839232515217
27/04/2025 10:27,Edinburgh,Darlene Burns,"Large Speciality Tea - Green - 1.60, Regular Smoothies - Carrot Kick - 2.00, Large Mocha - 2.70, Regular Smoothies - Glowing Greens - 2.00",8.3,CARD,1342255498024388
27/04/2025 10:28,Edinburgh,Kia Felton,"Large Speciality Tea - Earl Grey - 1.60, Large Speciality Tea - Fruit - 1.60, Regular Americano - 1.95",5.15,CARD,8368569067216503
27/04/2025 10:29,Edinburgh,Rosita White,"Regular Chai latte - 2.30, Large Speciality Tea - Green - 1.60",3.9,CASH,
27/04/2025 10:31,Edinburgh,Alisha Neher,"Regular Smoothies - Carrot Kick - 2.00, Regular Speciality Tea - Green - 1.30, Large Chai latte - 2.60",5.9,CARD,6577382716632661
27/04/2025 10:32,Edinburgh,Gerald Phelps,Large Speciality Tea - Green - 1.60,1.6,CARD,2479010529495689
27/04/2025 10:33,Edinburgh,John Williams,"Regular Smoothies - Carrot Kick - 2.00, Large Flavoured latte - Hazelnut - 2.85, Large Smoothies - Glowing Greens - 2.50, Regular Chai latte - 2.30, Regular Flavoured iced latte - Hazelnut - 2.75",12.4,CARD,9344216923932702
27/04/2025 10:35,Edinburgh,Jason Curtis,"Large Flavoured latte - Hazelnut - 2.85, Regular Speciality Tea - Earl Grey - 1.30, Large Chai latte - 2.60",6.75,CASH,
27/04/2025 10:36,Edinburgh,Daniel Friedman,"Regular Americano - 1.95, Large Speciality Tea - Green - 1.60, Large Speciality Tea - Earl Grey - 1.60, Large Chai latte - 2.60",7.75,CARD,6672258939430591
27/04/2025 10:37,Edinburgh,Ray Hansen,"Large Flavoured latte - Hazelnut - 2.85, Large Speciality Tea - Green - 1.60, Regular Flavoured latte - Hazelnut - 2.55, Regular Americano - 1.95, Regular Speciality Tea - Earl Grey - 1.30",10.25,CARD,9193009560760279
27/04/2025 10:39,Edinburgh,Tiffany Hicks,"Large Flavoured iced latte - Hazelnut - 3.25, Regular Speciality Tea - Earl Grey - 1.30",4.55,CASH,
27/04/2025 10:40,Edinburgh,Kirk Cahill,"Large Flavoured iced latte - Hazelnut - 3.25, Large Speciality Tea - Green - 1.60",4.85,CASH,
27/04/2025 10:41,Edinburgh,Karen Thacker,"Large Smoothies - Carrot Kick - 2.50, Large Speciality Tea - Fruit - 1.60",4.1,CARD,4313228883369141
27/04/2025 10:43,Edinburgh,Kelly Lewis,"Regular Americano - 1.95, Large Speciality Tea - Green - 1.60, Large Speciality Tea - Fruit - 1.60",5.15,CARD,4800777405190718
27/04/2025 10:44,Edinburgh,Kari Phillips,"Regular Mocha - 2.30, Regular Flavoured iced latte - Hazelnut - 2.75",5.05,CASH,
27/04/2025 10:45,Edinburgh,Sally Rogers,"Regular Smoothies - Glowing Greens - 2.00, Large Speciality Tea - Fruit - 1.60",3.6,CARD,1115638097215987
27/04/2025 10:47,Edinburgh,Katheryn Firkins,"Large Speciality Tea - Earl Grey - 1.60, Regular Flavoured latte - Hazelnut - 2.55, Regular Mocha - 2.30, Large Smoothies - Carrot Kick - 2.50, Large Smoothies - Carrot Kick - 2.50",11.45,CARD,5306936436391212
27/04/2025 10:48,Edinburgh,Nancy Gregory,"Regular Flavoured iced latte - Hazelnut - 2.75, Regular Chai latte - 2.30, Large Smoothies - Carrot Kick - 2.50",7.55,CARD,6679962940704539
27/04/2025 10:49,Edinburgh,Elizabeth Owens,"Regular Smoothies - Glowing Greens - 2.00, Large Chai latte - 2.60, Regular Flavoured latte - Hazelnut - 2.55",7.15,CARD,7332457668638044
27/04/2025 10:51,Edinburgh,Steve Jones,"Regular Flavoured latte - Hazelnut - 2.55, Regular Speciality Tea - Green - 1.30, Large Speciality Tea - Green - 1.60",5.45,CASH,
27/04/2025 10:52,Edinburgh,Calvin Edlin,"Regular Smoothies - Glowing Greens - 2.00, Large Mocha - 2.70",4.7,CARD,8396335684761527
27/04/2025 10:53,Edinburgh,William Batchelor,Large Smoothies - Carrot Kick - 2.50,2.5,CARD,6829867989430702
27/04/2025 10:55,Edinburgh,Lawrence Graham,"Large Chai latte - 2.60, Regular Speciality Tea - Earl Grey - 1.30, Large Chai latte - 2.60, Large Speciality Tea - Fruit - 1.60, Regular Speciality Tea - Earl Grey - 1.30",9.4,CARD,8948861943551451
27/04/2025 10:56,Edinburgh,Beulah Bellamy,Regular Smoothies - Carrot Kick - 2.00,2.0,CARD,3672461788309528
27/04/2025 10:57,Edinburgh,Bobby Blank,Regular Americano - 1.95,1.95,CARD,7624317687349614
27/04/2025 10:59,Edinburgh,Michael Hodgson,"Large Speciality Tea - Fruit - 1.60, Regular Mocha - 2.30, Large Smoothies - Glowing Greens - 2.50, Large Chai latte - 2.60",9.0,CARD,4372625664973625
27/04/2025 11:00,Edinburgh,Beverly Meadows,"Regular Smoothies - Glowing Greens - 2.00, Large Flavoured iced latte - Hazelnut - 3.25",5.25,CARD,6593440209345324
27/04/2025 11:02,Edinburgh,Jesus Glover,Large Speciality Tea - Earl Grey - 1.60,1.6,CASH,
27/04/2025 11:05,Edinburgh,Christina Washington,"Large Mocha - 2.70, Large Chai latte - 2.60",5.3,CARD,1170868252761786
27/04/2025 11:07,Edinburgh,Olivia Sin,"Regular Chai latte - 2.30, Regular Speciality Tea - Fruit - 1.30",3.6,CARD,3799039256922049
27/04/2025 11:10,Edinburgh,Christopher Noman,Regular Speciality Tea - Fruit - 1.30,1.3,CARD,5558170914959050
27/04/2025 11:12,Edinburgh,Michael Anderson,Regular Flavoured latte - Hazelnut - 2.55,2.55,CARD,2601052582330857
27/04/2025 11:15,Edinburgh,Lilia Lacey,Large Americano - 2.25,2.25,CARD,6582142267052187
27/04/2025 11:17,Edinburgh,Brenda Stoll,"Regular Smoothies - Carrot Kick - 2.00, Regular Flavoured iced latte - Hazelnut - 2.75, Regular Americano - 1.95, Large Mocha - 2.70",9.4,CASH,
27/04/2025 11:20,Edinburgh,Mary Towne,"Regular Flavoured latte - Hazelnut - 2.55, Large Smoothies - Glowing Greens - 2.50, Large Chai latte - 2.60",7.65,CARD,4678573410409991
27/04/2025 11:22,Edinburgh,Frances Tarkington,"Large Smoothies - Glowing Greens - 2.50, Large Speciality Tea - Earl Grey - 1.60, Large Americano - 2.25, Regular Flavoured iced latte - Hazelnut - 2.75, Regular Speciality Tea - Earl Grey - 1.30",10.4,CASH,
27/04/2025 11:25,Edinburgh,Josefa Glenn,"Large Speciality Tea - Green - 1.60, Regular Flavoured iced latte - Hazelnut - 2.75",4.35,CARD,6351383762308754
27/04/2025 11:27,Edinburgh,David Jackson,Large Chai latte - 2.60,2.6,CARD,6023284338751823
27/04/2025 11:30,Edinburgh,Joseph Crutcher,"Large Smoothies - Carrot Kick - 2.50, Regular Mocha - 2.30",4.8,CARD,8185651596514041
27/04/2025 11:32,Edinburgh,Jim Gold,Large Flavoured latte - Hazelnut - 2.85,2.85,CARD,6583136611346124
27/04/2025 11:35,Edinburgh,Frances Buller,"Regular Chai latte - 2.30, Regular Mocha - 2.30, Large Flavoured latte - Hazelnut - 2.85, Regular Speciality Tea - Earl Grey - 1.30, Large Flavoured iced latte - Hazelnut - 3.25",12.0,CARD,7558239157637087
27/04/2025 11:37,Edinburgh,David Garris,"Large Smoothies - Glowing Greens - 2.50, Regular Smoothies - Glowing Greens - 2.00, Regular Mocha - 2.30, Large Speciality Tea - Fruit - 1.60, Large Smoothies - Glowing Greens - 2.50, Large Flavoured iced latte - Hazelnut - 3.25",14.15,CASH,
27/04/2025 11:40,Edinburgh,Rosemary Cooper,"Regular Speciality Tea - Earl Grey - 1.30, Regular Chai latte - 2.30, Large Flavoured iced latte - Hazelnut - 3.25",6.85,CARD,6882598681822228
27/04/2025 11:42,Edinburgh,Paula Fletcher,"Regular Speciality Tea - Earl Grey - 1.30, Regular Americano - 1.95",3.25,CARD,1606510104646819
27/04/2025 11:45,Edinburgh,Emily Collins,"Regular Flavoured latte - Hazelnut - 2.55, Regular Mocha - 2.30",4.85,CARD,3220299266121867
27/04/2025 11:47,Edinburgh,Susan Folden,"Large Speciality Tea - Green - 1.60, Regular Speciality Tea - Earl Grey - 1.30, Regular Chai latte - 2.30, Large Americano - 2.25, Regular Flavoured latte - Hazelnut - 2.55",10.0,CARD,5100337282094152
27/04/2025 11:50,Edinburgh,Jessie Smith,"Regular Speciality Tea - Earl Grey - 1.30, Regular Flavoured latte - Hazelnut - 2.55, Large Speciality Tea - Green - 1.60",5.45,CARD,9273762846072407
27/04/2025 11:52,Edinburgh,Kenneth Anderson,Regular Speciality Tea - Earl Grey - 1.30,1.3,CASH,
27/04/2025 11:55,Edinburgh,Charlotte Ibarra,"Large Americano - 2.25, Large Smoothies - Carrot Kick - 2.50, Regular Americano - 1.95",6.7,CARD,9453034004174727
27/04/2025 11:57,Edinburgh,Luis Barron,Large Flavoured latte - Hazelnut - 2.85,2.85,CASH,
27/04/2025 12:00,Edinburgh,Walter Ferguson,"Regular Speciality Tea - Earl Grey - 1.30, Regular Speciality Tea - Fruit - 1.30, Large Flavoured iced latte - Hazelnut - 3.25",5.85,CARD,4563493945139981
27/04/2025 12:12,Edinburgh,Kenneth Lavoie,Large Smoothies - Glowing Greens - 2.50,2.5,CARD,1160969048235337
27/04/2025 12:24,Edinburgh,Zachary Werth,"Large Speciality Tea - Earl Grey - 1.60, Large Chai latte - 2.60, Regular Flavoured iced latte - Hazelnut - 2.75, Large Chai latte - 2.60, Large Chai latte - 2.60, Large Chai latte - 2.60",14.75,CARD,5698482712354379
27/04/2025 12:36,Edinburgh,Victor Jackson,"Large Speciality Tea - Green - 1.60, Regular Americano - 1.95, Regular Mocha - 2.30, Large Chai latte - 2.60",8.45,CARD,6011570562949659
27/04/2025 12:48,Edinburgh,Robert Witek,Large Smoothies - Glowing Greens - 2.50,2.5,CARD,8396198255271039
27/04/2025 13:00,Edinburgh,Matthew Scott,Large Mocha - 2.70,2.7,CARD,8401276277891430
27/04/2025 13:01,Edinburgh,Ollie Hansen,"Regular Flavoured iced latte - Hazelnut - 2.75, Regular Mocha - 2.30, Regular Speciality Tea - Green - 1.30, Regular Speciality Tea - Fruit - 1.30, Regular Smoothies - Carrot Kick - 2.00, Regular Chai latte - 2.30",11.95,CARD,7272776423373899
27/04/2025 13:02,Edinburgh,Joyce Anastasiades,Regular Chai latte - 2.30,2.3,CASH,
27/04/2025 13:03,Edinburgh,Joseph Hairr,Regular Mocha - 2.30,2.3,CARD,9188898153243464
27/04/2025 13:04,Edinburgh,Roberta Devora,Large Chai latte - 2.60,2.6,CARD,8253968627025446
27/04/2025 13:05,Edinburgh,Roxanne Ulcena,Regular Mocha - 2.30,2.3,CARD,9500283410629759
27/04/2025 13:06,Edinburgh,Linda Green,"Large Americano - 2.25, Regular Americano - 1.95, Regular Smoothies - Glowing Greens - 2.00",6.2,CASH,
27/04/2025 13:07,Edinburgh,Dianna Pierce,"Large Mocha - 2.70, Large Speciality Tea - Green - 1.60, Regular Flavoured iced latte - Hazelnut - 2.75, Regular Mocha - 2.30",9.35,CARD,4995731415084536
27/04/2025 13:08,Edinburgh,Lashawnda Ohara,"Large Flavoured iced latte - Hazelnut - 3.25, Regular Smoothies - Glowing Greens - 2.00",5.25,CARD,8398426633073707
27/04/2025 13:09,Edinburgh,Clara Vandenbosch,"Regular Flavoured iced latte - Hazelnut - 2.75, Large Americano - 2.25, Large Smoothies - Carrot Kick - 2.50",7.5,CASH,
27/04/2025 13:10,Edinburgh,Yetta Davis,"Regular Speciality Tea - Earl Grey - 1.30, Large Americano - 2.25",3.55,CASH,
27/04/2025 13:11,Edinburgh,Harold Fairey,"Regular Flavoured latte - Hazelnut - 2.55, Large Americano - 2.25",4.8,CARD,4626719449202597
27/04/2025 13:13,Edinburgh,Annette Guinan,"Large Smoothies - Glowing Greens - 2.50, Regular Flavoured latte - Hazelnut - 2.55, Regular Chai latte - 2.30",7.35,CARD,1949186726834883
27/04/2025 13:14,Edinburgh,Donnie Morales,"Large Smoothies - Carrot Kick - 2.50, Regular Speciality Tea - Fruit - 1.30, Regular Smoothies - Glowing Greens - 2.00",5.8,CARD,8432329630989516
27/04/2025 13:15,Edinburgh,Gina Crespo,"Large Americano - 2.25, Regular Americano - 1.95",4.2,CARD,7233967426932274
27/04/2025 13:16,Edinburgh,Robert Pike,"Regular Smoothies - Glowing Greens - 2.00, Large Flavoured iced latte - Hazelnut - 3.25, Regular Flavoured latte - Hazelnut - 2.55",7.8,CARD,3756443033458236
27/04/2025 13:17,Edinburgh,Dewey Wilson,"Regular Speciality Tea - Earl Grey - 1.30, Regular Smoothies - Glowing Greens - 2.00, Large Mocha - 2.70, Large Chai latte - 2.60, Regular Flavoured latte - Hazelnut - 2.55, Regular Americano - 1.95",13.1,CASH,
27/04/2025 13:18,Edinburgh,Kenneth Robinson,"Regular Smoothies - Glowing Greens - 2.00, Large Flavoured iced latte - Hazelnut - 3.25, Regular Americano - 1.95, Regular Mocha - 2.30",9.5,CARD,1329982594757395
27/04/2025 13:19,Edinburgh,Jan Allen,"Large Speciality Tea - Fruit - 1.60, Regular Smoothies - Glowing Greens - 2.00",3.6,CARD,8515553526418593
27/04/2025 13:20,Edinburgh,Rodrigo Smith,"Regular Smoothies - Glowing Greens - 2.00, Regular Speciality Tea - Earl Grey - 1.30, Regular Flavoured iced latte - Hazelnut - 2.75",6.05,CARD,9896903842289844
27/04/2025 13:21,Edinburgh,Phil Hoppe,"Regular Chai latte - 2.30, Regular Flavoured iced latte - Hazelnut - 2.75, Large Smoothies - Carrot Kick - 2.50, Regular Americano - 1.95, Large Smoothies - Glowing Greens - 2.50, Regular Speciality Tea - Earl Grey - 1.30",13.3,CARD,7866179836607627
27/04/2025 13:22,Edinburgh,Margie Ramos,"Regular Speciality Tea - Earl Grey - 1.30, Regular Flavoured iced latte - Hazelnut - 2.75, Regular Speciality Tea - Fruit - 1.30, Large Chai latte - 2.60",7.95,CARD,3943946809141927
27/04/2025 13:23,Edinburgh,Mimi Evans,"Large Chai latte - 2.60, Regular Speciality Tea - Fruit - 1.30, Regular Smoothies - Carrot Kick - 2.00",5.9,CASH,
27/04/2025 13:24,Edinburgh,Kimberly Cruz,"Regular Flavoured latte - Hazelnut - 2.55, Regular Speciality Tea - Green - 1.30",3.85,CARD,5570404032015340
27/04/2025 13:25,Edinburgh,Cindy Jordan,Large Smoothies - Carrot Kick - 2.50,2.5,CASH,
27/04/2025 13:26,Edinburgh,Jody Murphy,"Regular Chai latte - 2.30, Regular Speciality Tea - Fruit - 1.30",3.6,CASH,
27/04/2025 13:27,Edinburgh,Melissa Shehee,"Regular Speciality Tea - Fruit - 1.30, Large Smoothies - Glowing Greens - 2.50",3.8,CARD,3698748566232778
27/04/2025 13:28,Edinburgh,Ralph Garrett,Regular Mocha - 2.30,2.3,CARD,7626485956242952
27/04/2025 13:29,Edinburgh,Marvin Mcbride,"Large Mocha - 2.70, Large Flavoured iced latte - Hazelnut - 3.25, Large Chai latte - 2.60, Large Flavoured iced latte - Hazelnut - 3.25, Regular Chai latte - 2.30",14.1,CARD,6088659362384280
27/04/2025 13:30,Edinburgh,Donald Spitz,"Regular Smoothies - Carrot Kick - 2.00, Large Flavoured latte - Hazelnut - 2.85, Regular Smoothies - Carrot Kick - 2.00, Large Mocha - 2.70",9.55,CARD,2067491043911834
27/04/2025 13:31,Edinburgh,Bernadette Heitz,Large Smoothies - Carrot Kick - 2.50,2.5,CARD,5778326546746602
27/04/2025 13:32,Edinburgh,John Swink,Large Speciality Tea - Earl Grey - 1.60,1.6,CASH,
27/04/2025 13:34,Edinburgh,Janice Maldanado,Large Speciality Tea - Earl Grey - 1.60,1.6,CARD,1825758023727621
27/04/2025 13:35,Edinburgh,Ricardo Mitchell,"Large Speciality Tea - Green - 1.60, Regular Speciality Tea - Green - 1.30, Regular Smoothies - Glowing Greens - 2.00",4.9,CARD,2461084703141004
27/04/2025 13:36,Edinburgh,Barry Frey,"Large Speciality Tea - Fruit - 1.60, Large Americano - 2.25",3.85,CARD,4790389111213738
27/04/2025 13:37,Edinburgh,Michelle Leake,"Large Mocha - 2.70, Large Flavoured latte - Hazelnut - 2.85, Regular Flavoured latte - Hazelnut - 2.55, Regular Smoothies - Glowing Greens - 2.00, Large Smoothies - Carrot Kick - 2.50",12.6,CASH,
27/04/2025 13:38,Edinburgh,Rose Wilkes,"Regular Chai latte - 2.30, Large Speciality Tea - Fruit - 1.60, Large Mocha - 2.70",6.6,CASH,
27/04/2025 13:39,Edinburgh,Ruth Vogel,"Large Speciality Tea - Earl Grey - 1.60, Regular Mocha - 2.30, Regular Speciality Tea - Earl Grey - 1.30, Large Americano - 2.25",7.45,CARD,1406243477426343
27/04/2025 13:40,Edinburgh,Robin Little,"Large Flavoured iced latte - Hazelnut - 3.25, Regular Mocha - 2.30, Large Mocha - 2.70",8.25,CARD,3520382208750784
27/04/2025 13:41,Edinburgh,Elizabeth Lewis,"Regular Speciality Tea - Earl Grey - 1.30, Large Flavoured latte - Hazelnut - 2.85",4.15,CARD,3032919112903036
27/04/2025 13:42,Edinburgh,Richard Barr,"Regular Speciality Tea - Earl Grey - 1.30, Regular Flavoured latte - Hazelnut - 2.55",3.85,CARD,1324028411012780
27/04/2025 13:43,Edinburgh,Larry Strickland,"Regular Mocha - 2.30, Large Smoothies - Carrot Kick - 2.50, Regular Speciality Tea - Green - 1.30, Regular Smoothies - Glowing Greens - 2.00",8.1,CARD,3168932635797879
27/04/2025 13:44,Edinburgh,Jason Garrett,"Large Mocha - 2.70, Large Mocha - 2.70, Regular Speciality Tea - Earl Grey - 1.30, Large Speciality Tea - Earl Grey - 1.60, Regular Americano - 1.95, Large Chai latte - 2.60",12.85,CARD,3143813742804098
27/04/2025 13:45,Edinburgh,Ashley Calder,"Regular Chai latte - 2.30, Large Americano - 2.25, Large Flavoured latte - Hazelnut - 2.85",7.4,CASH,
27/04/2025 13:46,Edinburgh,Robert Leusink,Regular Americano - 1.95,1.95,CARD,3259485863974850
27/04/2025 13:47,Edinburgh,Charles Mendoza,"Regular Speciality Tea - Fruit - 1.30, Large Speciality Tea - Fruit - 1.60",2.9,CARD,1851647328281617
27/04/2025 13:48,Edinburgh,Hilda Hu,Regular Chai latte - 2.30,2.3,CASH,
27/04/2025 13:49,Edinburgh,Chery Scott,Regular Smoothies - Glowing Greens - 2.00,2.0,CASH,
27/04/2025 13:50,Edinburgh,Joseph Cronk,Regular Flavoured latte - Hazelnut - 2.55,2.55,CARD,8345087536385858
27/04/2025 13:51,Edinburgh,Althea Smiley,"Large Speciality Tea - Fruit - 1.60, Regular Americano - 1.95",3.55,CARD,3248010458245767
27/04/2025 13:52,Edinburgh,Augustine Davis,"Regular Smoothies - Carrot Kick - 2.00, Regular Speciality Tea - Green - 1.30",3.3,CASH,
27/04/2025 13:53,Edinburgh,Flossie Briski,"Large Chai latte - 2.60, Regular Mocha - 2.30, Regular Speciality Tea - Earl Grey - 1.30, Regular Americano - 1.95",8.15,CARD,3567931816156042
27/04/2025 13:55,Edinburgh,Mike Rodriguez,"Large Mocha - 2.70, Regular Americano - 1.95",4.65,CASH,
27/04/2025 13:56,Edinburgh,Judy Pattison,"Large Speciality Tea - Earl Grey - 1.60, Large Speciality Tea - Earl Grey - 1.60, Large Speciality Tea - Earl Grey - 1.60, Regular Chai latte - 2.30, Regular Speciality Tea - Green - 1.30",8.4,CARD,4637047210024010
27/04/2025 13:57,Edinburgh,Rachel Garvin,Large Chai latte - 2.60,2.6,CASH,
27/04/2025 13:58,Edinburgh,William Longo,"Regular Speciality Tea - Green - 1.30, Regular Chai latte - 2.30, Regular Speciality Tea - Earl Grey - 1.30",4.9,CARD,5733981457051651
27/04/2025 13:59,Edinburgh,Esther Gore,Large Chai latte - 2.60,2.6,CARD,5480514691688277
27/04/2025 14:00,Edinburgh,John Love,"Large Flavoured iced latte - Hazelnut - 3.25, Large Mocha - 2.70",5.95,CASH,
27/04/2025 14:01,Edinburgh,Vernon Harkins,"Large Smoothies - Glowing Greens - 2.50, Large Flavoured iced latte - Hazelnut - 3.25, Large Chai latte - 2.60",8.35,CARD,1708971792452423
27/04/2025 14:02,Edinburgh,June Russ,"Regular Americano - 1.95, Large Mocha - 2.70, Regular Americano - 1.95",6.6,CARD,7795761564047357
27/04/2025 14:03,Edinburgh,Lillian Fernandez,"Regular Speciality Tea - Earl Grey - 1.30, Regular Americano - 1.95, Regular Flavoured latte - Hazelnut - 2.55, Large Speciality Tea - Fruit - 1.60, Regular Flavoured iced latte - Hazelnut - 2.75",10.15,CARD,2922433277299097
27/04/2025 14:04,Edinburgh,Preston Mccreary,"Regular Speciality Tea - Fruit - 1.30, Regular Smoothies - Carrot Kick - 2.00, Large Speciality Tea - Green - 1.60, Large Flavoured latte - Hazelnut - 2.85",7.75,CARD,3725930985803526
27/04/2025 14:04,Edinburgh,Eva Brixey,"Regular Flavoured iced latte - Hazelnut - 2.75, Regular Speciality Tea - Green - 1.30, Regular Speciality Tea - Green - 1.30, Regular Speciality Tea - Earl Grey - 1.30, Large Speciality Tea - Green - 1.60",8.25,CASH,
27/04/2025 14:05,Edinburgh,Lisa Brucker,"Large Smoothies - Carrot Kick - 2.50, Regular Smoothies - Carrot Kick - 2.00",4.5,CARD,8627348271872339
27/04/2025 14:06,Edinburgh,Gary Ramos,"Regular Speciality Tea - Fruit - 1.30, Large Smoothies - Carrot Kick - 2.50",3.8,CARD,8981916176620690
27/04/2025 14:07,Edinburgh,Brittany Duvall,"Regular Speciality Tea - Green - 1.30, Regular Speciality Tea - Green - 1.30",2.6,CASH,
27/04/2025 14:08,Edinburgh,Rachael Cullen,"Large Speciality Tea - Fruit - 1.60, Large Mocha - 2.70, Large Mocha - 2.70, Regular Mocha - 2.30",9.3,CASH,
27/04/2025 14:09,Edinburgh,Karen James,"Large Flavoured iced latte - Hazelnut - 3.25, Large Smoothies - Glowing Greens - 2.50, Regular Flavoured iced latte - Hazelnut - 2.75",8.5,CASH,
27/04/2025 14:10,Edinburgh,Ida Ramos,"Regular Speciality Tea - Fruit - 1.30, Large Flavoured iced latte - Hazelnut - 3.25, Regular Flavoured latte - Hazelnut - 2.55",7.1,CARD,9876424658533536
27/04/2025 14:11,Edinburgh,Christine Wesley,"Regular Flavoured latte - Hazelnut - 2.55, Regular Speciality Tea - Fruit - 1.30, Large Americano - 2.25, Regular Americano - 1.95",8.05,CARD,2632091813726346
27/04/2025 14:12,Edinburgh,Cynthia Shay,"Large Flavoured latte - Hazelnut - 2.85, Regular Flavoured latte - Hazelnut - 2.55, Regular Americano - 1.95, Regular Mocha - 2.30, Regular Speciality Tea - Earl Grey - 1.30",10.95,CASH,
27/04/2025 14:13,Edinburgh,Joshua Davis,"Regular Mocha - 2.30, Regular Speciality Tea - Green - 1.30, Large Flavoured iced latte - Hazelnut - 3.25, Large Speciality Tea - Green - 1.60, Large Americano - 2.25",10.7,CARD,6905756037250989
27/04/2025 14:14,Edinburgh,Marta Otis,Regular Smoothies - Carrot Kick - 2.00,2.0,CARD,1684840906875352
27/04/2025 14:15,Edinburgh,Marie Wilson,"Regular Mocha - 2.30, Large Flavoured iced latte - Hazelnut - 3.25, Regular Speciality Tea - Green - 1.30",6.85,CARD,8615340142290160
27/04/2025 14:16,Edinburgh,David Rodriguez,"Regular Speciality Tea - Green - 1.30, Regular Chai latte - 2.30, Regular Flavoured iced latte - Hazelnut - 2.75, Regular Speciality Tea - Fruit - 1.30, Large Speciality Tea - Earl Grey - 1.60, Large Flavoured latte - Hazelnut - 2.85",12.1,CASH,
27/04/2025 14:17,Edinburgh,Ngoc Adams,"Large Speciality Tea - Fruit - 1.60, Large Flavoured latte - Hazelnut - 2.85, Large Speciality Tea - Fruit - 1.60, Regular Smoothies - Carrot Kick - 2.00, Large Speciality Tea - Fruit - 1.60, Regular Smoothies - Glowing Greens - 2.00",11.65,CARD,2667685139450226
27/04/2025 14:18,Edinburgh,Amy Smith,"Large Speciality Tea - Green - 1.60, Regular Flavoured latte - Hazelnut - 2.55",4.15,CASH,
27/04/2025 14:18,Edinburgh,Luis Seaton,"Large Flavoured latte - Hazelnut - 2.85, Regular Smoothies - Glowing Greens - 2.00",4.85,CASH,
27/04/2025 14:19,Edinburgh,Rebecca Moore,"Large Chai latte - 2.60, Regular Chai latte - 2.30, Regular Speciality Tea - Green - 1.30, Large Speciality Tea - Green - 1.60",7.8,CARD,8574463151568964
27/04/2025 14:20,Edinburgh,Marcus Cazares,"Regular Mocha - 2.30, Regular Speciality Tea - Earl Grey - 1.30, Regular Speciality Tea - Fruit - 1.30",4.9,CARD,2566481663045308
27/04/2025 14:21,Edinburgh,Todd Hershberger,"Large Speciality Tea - Green - 1.60, Large Americano - 2.25, Regular Mocha - 2.30, Large Chai latte - 2.60, Large Flavoured latte - Hazelnut - 2.85, Large Speciality Tea - Earl Grey - 1.60",13.2,CARD,7744768011932466
27/04/2025 14:22,Edinburgh,John Martin,"Regular Americano - 1.95, Large Speciality Tea - Fruit - 1.60, Regular Americano - 1.95, Large Flavoured iced latte - Hazelnut - 3.25",8.75,CARD,3016959187324867
27/04/2025 14:23,Edinburgh,William Gendreau,"Regular Flavoured latte - Hazelnut - 2.55, Large Speciality Tea - Fruit - 1.60",4.15,CASH,
27/04/2025 14:24,Edinburgh,Charles King,"Regular Smoothies - Glowing Greens - 2.00, Regular Speciality Tea - Earl Grey - 1.30, Large Speciality Tea - Fruit - 1.60, Large Smoothies - Glowing Greens - 2.50",7.4,CASH,
27/04/2025 14:25,Edinburgh,Martha Parris,Regular Chai latte - 2.30,2.3,CASH,
27/04/2025 14:26,Edinburgh,Ruth Patton,"Regular Speciality Tea - Fruit - 1.30, Regular Speciality Tea - Earl Grey - 1.30",2.6,CARD,4963244538037199
27/04/2025 14:27,Edinburgh,Bryan Allen,"Large Flavoured iced latte - Hazelnut - 3.25, Large Chai latte - 2.60, Large Smoothies - Glowing Greens - 2.50",8.35,CARD,1151814853913095
27/04/2025 14:28,Edinburgh,Gary Gentery,"Regular Americano - 1.95, Large Flavoured iced latte - Hazelnut - 3.25, Regular Mocha - 2.30",7.5,CASH,
27/04/2025 14:29,Edinburgh,Christopher Otis,Regular Flavoured latte - Hazelnut - 2.55,2.55,CARD,3283247922520920
27/04/2025 14:30,Edinburgh,Dolly Wilkins,"Large Speciality Tea - Green - 1.60, Large Speciality Tea - Green - 1.60",3.2,CASH,
27/04/2025 14:31,Edinburgh,Susan Surrett,"Large Smoothies - Glowing Greens - 2.50, Large Mocha - 2.70, Large Flavoured latte - Hazelnut - 2.85, Large Flavoured iced latte - Hazelnut - 3.25, Large Americano - 2.25, Large Flavoured iced latte - Hazelnut - 3.25",16.8,CARD,8049796810642341
27/04/2025 14:32,Edinburgh,Carla Davis,"Large Americano - 2.25, Regular Mocha - 2.30",4.55,CARD,3955897125153813
27/04/2025 14:32,Edinburgh,Mary Redd,"Large Flavoured latte - Hazelnut - 2.85, Large Smoothies - Carrot Kick - 2.50",5.35,CASH,
27/04/2025 14:33,Edinburgh,David Wise,"Regular Americano - 1.95, Large Smoothies - Carrot Kick - 2.50, Regular Smoothies - Carrot Kick - 2.00, Large Flavoured iced latte - Hazelnut - 3.25, Regular Flavoured iced latte - Hazelnut - 2.75",12.45,CARD,3939868744801519
27/04/2025 14:34,Edinburgh,Richelle Breeden,"Regular Speciality Tea - Earl Grey - 1.30, Large Flavoured latte - Hazelnut - 2.85, Large Americano - 2.25, Regular Speciality Tea - Earl Grey - 1.30",7.7,CARD,1636267969534602
27/04/2025 14:35,Edinburgh,Kyle Gray,"Regular Flavoured latte - Hazelnut - 2.55, Large Mocha - 2.70",5.25,CASH,
27/04/2025 14:36,Edinburgh,Rosemary Pessin,"Regular Smoothies - Glowing Greens - 2.00, Large Speciality Tea - Green - 1.60, Large Flavoured iced latte - Hazelnut - 3.25",6.85,CASH,
27/04/2025 14:37,Edinburgh,Gladys Johnson,"Large Speciality Tea - Green - 1.60, Regular Speciality Tea - Fruit - 1.30, Regular Chai latte - 2.30",5.2,CARD,2904895258693117
27/04/2025 14:38,Edinburgh,Mary Carrillo,"Regular Smoothies - Carrot Kick - 2.00, Regular Flavoured iced latte - Hazelnut - 2.75",4.75,CARD,1709019896863989
27/04/2025 14:39,Edinburgh,Nicole Torres,"Regular Americano - 1.95, Regular Chai latte - 2.30, Regular Chai latte - 2.30, Regular Mocha - 2.30",8.85,CARD,9320209586538129
27/04/2025 14:40,Edinburgh,David Moss,"Regular Mocha - 2.30, Regular Mocha - 2.30, Large Speciality Tea - Earl Grey - 1.60, Regular Smoothies - Carrot Kick - 2.00",8.2,CARD,6151079442548695
27/04/2025 14:41,Edinburgh,Bradley Hudson,Regular Flavoured iced latte - Hazelnut - 2.75,2.75,CARD,1359584459810893
27/04/2025 14:42,Edinburgh,Ann Montgomery,Large Mocha - 2.70,2.7,CARD,3561342310262141
27/04/2025 14:43,Edinburgh,Mary Campbell,"Regular Flavoured latte - Hazelnut - 2.55, Regular Speciality Tea - Fruit - 1.30",3.85,CARD,4227964363778702
27/04/2025 14:44,Edinburgh,Todd Torres,Regular Mocha - 2.30,2.3,CARD,3490766006378099
27/04/2025 14:45,Edinburgh,Herbert Macvane,"Regular Mocha - 2.30, Regular Mocha - 2.30",4.6,CARD,8698607781818271
27/04/2025 14:46,Edinburgh,Ramona Mason,"Regular Flavoured iced latte - Hazelnut - 2.75, Regular Smoothies - Glowing Greens - 2.00",4.75,CARD,6434572990733898
27/04/2025 14:46,Edinburgh,Karen James,"Regular Mocha - 2.30, Large Speciality Tea - Green - 1.60, Regular Smoothies - Glowing Greens - 2.00, Regular Smoothies - Carrot Kick - 2.00, Large Mocha - 2.70",10.6,CASH,
27/04/2025 14:47,Edinburgh,Virginia Spells,"Regular Speciality Tea - Green - 1.30, Regular Smoothies - Carrot Kick - 2.00, Large Americano - 2.25",5.55,CARD,3642581706289603
27/04/2025 14:48,Edinburgh,Richard Bruner,"Large Speciality Tea - Fruit - 1.60, Large Chai latte - 2.60, Large Speciality Tea - Earl Grey - 1.60, Regular Speciality Tea - Green - 1.30",7.1,CARD,9375619930791777
27/04/2025 14:49,Edinburgh,Lois Ford,Regular Speciality Tea - Green - 1.30,1.3,CARD,6487964621793060
27/04/2025 14:50,Edinburgh,Naomi Teasley,Regular Smoothies - Carrot Kick - 2.00,2.0,CARD,1979218407438897
27/04/2025 14:51,Edinburgh,Jorge Poarch,"Large Flavoured iced latte - Hazelnut - 3.25, Large Speciality Tea - Green - 1.60, Regular Speciality Tea - Earl Grey - 1.30",6.15,CASH,
27/04/2025 14:52,Edinburgh,Ashley Coward,"Large Smoothies - Carrot Kick - 2.50, Regular Chai latte - 2.30, Large Flavoured latte - Hazelnut - 2.85, Large Flavoured iced latte - Hazelnut - 3.25, Regular Flavoured latte - Hazelnut - 2.55",13.45,CARD,6374367210555342
27/04/2025 14:53,Edinburgh,Stacey Plater,"Regular Smoothies - Glowing Greens - 2.00, Large Smoothies - Carrot Kick - 2.50",4.5,CARD,7424511844492468
27/04/2025 14:54,Edinburgh,Felix Callahan,"Large Speciality Tea - Fruit - 1.60, Large Smoothies - Carrot Kick - 2.50, Regular Flavoured iced latte - Hazelnut - 2.75, Large Chai latte - 2.60, Large Chai latte - 2.60, Large Speciality Tea - Green - 1.60",13.65,CASH,
27/04/2025 14:55,Edinburgh,Alice Castro,"Regular Speciality Tea - Fruit - 1.30, Large Chai latte - 2.60",3.9,CASH,
27/04/2025 14:56,Edinburgh,Ruby Cox,"Large Mocha - 2.70, Regular Flavoured iced latte - Hazelnut - 2.75, Regular Flavoured iced latte - Hazelnut - 2.75",8.2,CASH,
27/04/2025 14:57,Edinburgh,Derek Shroyer,"Regular Speciality Tea - Fruit - 1.30, Regular Speciality Tea - Earl Grey - 1.30, Large Flavoured iced latte - Hazelnut - 3.25, Large Speciality Tea - Earl Grey - 1.60, Regular Speciality Tea - Green - 1.30, Regular Flavoured latte - Hazelnut - 2.55",11.3,CASH,
27/04/2025 14:58,Edinburgh,Beverly Haley,Large Flavoured iced latte - Hazelnut - 3.25,3.25,CARD,3317932152260871
27/04/2025 14:59,Edinburgh,Charlotte Edwards,Large Flavoured iced latte - Hazelnut - 3.25,3.25,CARD,9830241736357429
27/04/2025 15:00,Edinburgh,Tony Barbee,"Large Chai latte - 2.60, Large Mocha - 2.70, Regular Speciality Tea - Earl Grey - 1.30, Large Mocha - 2.70",9.3,CARD,2884223593699489
27/04/2025 15:00,Edinburgh,Robin Ruch,Regular Smoothies - Glowing Greens - 2.00,2.0,CARD,9581612085654088
27/04/2025 15:01,Edinburgh,Richard Nunez,Large Mocha - 2.70,2.7,CARD,3449170355663638
27/04/2025 15:02,Edinburgh,William Shaw,"Large Speciality Tea - Fruit - 1.60, Large Flavoured iced latte - Hazelnut - 3.25, Large Smoothies - Glowing Greens - 2.50",7.35,CASH,
27/04/2025 15:03,Edinburgh,Darrell Lemasters,Large Mocha - 2.70,2.7,CARD,6573515181280691
27/04/2025 15:04,Edinburgh,Michaela James,Large Flavoured latte - Hazelnut - 2.85,2.85,CASH,
27/04/2025 15:04,Edinburgh,John Fiala,"Regular Americano - 1.95, Regular Flavoured iced latte - Hazelnut - 2.75",4.7,CARD,1800781370308678
27/04/2025 15:05,Edinburgh,Bobby Walker,"Regular Speciality Tea - Earl Grey - 1.30, Regular Americano - 1.95, Large Speciality Tea - Fruit - 1.60, Large Mocha - 2.70, Large Flavoured iced latte - Hazelnut - 3.25",10.8,CASH,
27/04/2025 15:06,Edinburgh,Cathy Halla,"Large Flavoured iced latte - Hazelnut - 3.25, Regular Speciality Tea - Green - 1.30",4.55,CASH,
27/04/2025 15:07,Edinburgh,James Irvin,"Large Flavoured iced latte - Hazelnut - 3.25, Regular Flavoured latte - Hazelnut - 2.55",5.8,CARD,6852800786386544
27/04/2025 15:08,Edinburgh,Leonard Beahm,"Large Smoothies - Glowing Greens - 2.50, Large Flavoured iced latte - Hazelnut - 3.25",5.75,CASH,
27/04/2025 15:09,Edinburgh,George Collins,Large Speciality Tea - Fruit - 1.60,1.6,CARD,1376679974322291
27/04/2025 15:09,Edinburgh,Barbara Rich,"Regular Mocha - 2.30, Large Mocha - 2.70, Large Chai latte - 2.60",7.6,CASH,
27/04/2025 15:10,Edinburgh,Carolyn Day,Regular Mocha - 2.30,2.3,CARD,1360298756640995
27/04/2025 15:11,Edinburgh,Terry Coronado,"Large Speciality Tea - Fruit - 1.60, Large Americano - 2.25, Large Flavoured iced latte - Hazelnut - 3.25",7.1,CASH,
27/04/2025 15:12,Edinburgh,James Gilmore,"Regular Speciality Tea - Green - 1.30, Regular Mocha - 2.30, Large Flavoured latte - Hazelnut - 2.85",6.45,CARD,7029980715142401
27/04/2025 15:13,Edinburgh,James Roeske,"Large Mocha - 2.70, Regular Flavoured iced latte - Hazelnut - 2.75, Large Speciality Tea - Earl Grey - 1.60, Regular Flavoured iced latte - Hazelnut - 2.75",9.8,CARD,1977049249875400
27/04/2025 15:13,Edinburgh,David Roberts,"Regular Smoothies - Glowing Greens - 2.00, Regular Chai latte - 2.30",4.3,CASH,
27/04/2025 15:14,Edinburgh,Michael Stillman,Large Speciality Tea - Earl Grey - 1.60,1.6,CARD,7513506608409859
27/04/2025 15:15,Edinburgh,Walton Shepherd,"Regular Speciality Tea - Earl Grey - 1.30, Large Americano - 2.25, Regular Chai latte - 2.30",5.85,CARD,5003927525351206
27/04/2025 15:16,Edinburgh,Jean Mapes,"Regular Mocha - 2.30, Large Speciality Tea - Fruit - 1.60",3.9,CARD,5396484942057236
27/04/2025 15:17,Edinburgh,Michael Banks,"Large Flavoured iced latte - Hazelnut - 3.25, Regular Speciality Tea - Green - 1.30",4.55,CASH,
27/04/2025 15:17,Edinburgh,Ben Segovia,"Large Speciality Tea - Green - 1.60, Regular Smoothies - Glowing Greens - 2.00",3.6,CARD,6904999683400539
27/04/2025 15:18,Edinburgh,Caridad Quinones,"Regular Speciality Tea - Green - 1.30, Large Americano - 2.25, Large Chai latte - 2.60, Large Flavoured latte - Hazelnut - 2.85",9.0,CASH,
27/04/2025 15:19,Edinburgh,Coral Lumpkin,"Large Mocha - 2.70, Large Flavoured iced latte - Hazelnut - 3.25",5.95,CARD,6715187317907517
27/04/2025 15:20,Edinburgh,Tracie Broadway,"Large Speciality Tea - Fruit - 1.60, Large Chai latte - 2.60",4.2,CASH,
27/04/2025 15:21,Edinburgh,Rudolph Rivera,"Large Chai latte - 2.60, Large Mocha - 2.70, Regular Speciality Tea - Fruit - 1.30, Regular Smoothies - Glowing Greens - 2.00",8.6,CARD,5182411831004398
27/04/2025 15:22,Edinburgh,Roxana Roy,"Regular Speciality Tea - Fruit - 1.30, Regular Smoothies - Carrot Kick - 2.00, Regular Speciality Tea - Fruit - 1.30, Regular Flavoured iced latte - Hazelnut - 2.75, Regular Flavoured latte - Hazelnut - 2.55, Large Flavoured iced latte - Hazelnut - 3.25",13.15,CARD,4289191431273946
27/04/2025 15:22,Edinburgh,Kathleen Wood,"Regular Smoothies - Glowing Greens - 2.00, Regular Speciality Tea - Fruit - 1.30, Regular Smoothies - Glowing Greens - 2.00, Large Flavoured iced latte - Hazelnut - 3.25, Regular Smoothies - Glowing Greens - 2.00",10.55,CASH,
27/04/2025 15:23,Edinburgh,Nancy Newton,Regular Mocha - 2.30,2.3,CASH,
27/04/2025 15:24,Edinburgh,April Graf,"Regular Speciality Tea - Earl Grey - 1.30, Large Flavoured latte - Hazelnut - 2.85, Large Speciality Tea - Green - 1.60, Large Flavoured iced latte - Hazelnut - 3.25",9.0,CASH,
27/04/2025 15:25,Edinburgh,Jamie Hefner,"Large Mocha - 2.70, Regular Americano - 1.95",4.65,CASH,
27/04/2025 15:26,Edinburgh,Lizzie Estes,Regular Speciality Tea - Fruit - 1.30,1.3,CARD,6698799933524711
27/04/2025 15:26,Edinburgh,Gregory Chan,"Regular Speciality Tea - Green - 1.30, Regular Speciality Tea - Earl Grey - 1.30",2.6,CARD,5169119780972571
27/04/2025 15:27,Edinburgh,Laverne James,"Regular Speciality Tea - Earl Grey - 1.30, Large Chai latte - 2.60",3.9,CARD,5055606086283399
27/04/2025 15:28,Edinburgh,Delores Gamble,"Regular Flavoured latte - Hazelnut - 2.55, Regular Speciality Tea - Fruit - 1.30",3.85,CARD,3094823500451277
27/04/2025 15:29,Edinburgh,Virginia Long,Regular Speciality Tea - Earl Grey - 1.30,1.3,CASH,
27/04/2025 15:30,Edinburgh,Tracy Livley,Regular Smoothies - Glowing Greens - 2.00,2.0,CASH,
27/04/2025 15:31,Edinburgh,Ryan Worthley,"Large Speciality Tea - Fruit - 1.60, Regular Chai latte - 2.30",3.9,CARD,9366470292219530
27/04/2025 15:31,Edinburgh,Susan Shannon,"Regular Flavoured iced latte - Hazelnut - 2.75, Regular Speciality Tea - Green - 1.30, Regular Speciality Tea - Earl Grey - 1.30, Large Flavoured iced latte - Hazelnut - 3.25",8.6,CARD,1891154390534781
27/04/2025 15:32,Edinburgh,Christine Johnson,Regular Smoothies - Carrot Kick - 2.00,2.0,CARD,8444254943370587
27/04/2025 15:33,Edinburgh,Andrea Totty,"Large Flavoured iced latte - Hazelnut - 3.25, Large Flavoured iced latte - Hazelnut - 3.25, Regular Flavoured iced latte - Hazelnut - 2.75, Large Speciality Tea - Green - 1.60, Regular Flavoured latte - Hazelnut - 2.55, Regular Flavoured iced latte - Hazelnut - 2.75",16.15,CASH,
27/04/2025 15:34,Edinburgh,Christina Crisp,"Regular Chai latte - 2.30, Regular Mocha - 2.30, Large Chai latte - 2.60",7.2,CARD,6726928836321280
27/04/2025 15:35,Edinburgh,Jeremiah Mcleary,Regular Smoothies - Carrot Kick - 2.00,2.0,CARD,4326278680007357
27/04/2025 15:35,Edinburgh,Alan Mcnish,"Large Mocha - 2.70, Regular Flavoured iced latte - Hazelnut - 2.75, Large Americano - 2.25",7.7,CARD,5409562713419629
27/04/2025 15:36,Edinburgh,Karl Henriques,"Regular Chai latte - 2.30, Regular Flavoured latte - Hazelnut - 2.55, Large Mocha - 2.70",7.55,CASH,
27/04/2025 15:37,Edinburgh,Jacquelyn Whitley,"Large Smoothies - Carrot Kick - 2.50, Large Smoothies - Glowing Greens - 2.50, Large Mocha - 2.70",7.7,CASH,
27/04/2025 15:38,Edinburgh,Kendall Mcclain,"Large Smoothies - Carrot Kick - 2.50, Large Chai latte - 2.60, Regular Americano - 1.95, Regular Speciality Tea - Green - 1.30",8.35,CARD,2854928439290689
27/04/2025 15:39,Edinburgh,Sheila Corcoran,Regular Smoothies - Glowing Greens - 2.00,2.0,CARD,3386405428998524
27/04/2025 15:40,Edinburgh,John Kessler,"Regular Speciality Tea - Earl Grey - 1.30, Large Speciality Tea - Earl Grey - 1.60",2.9,CARD,5755225608030173
27/04/2025 15:40,Edinburgh,Kevin Mcfalls,"Large Americano - 2.25, Regular Flavoured latte - Hazelnut - 2.55, Regular Flavoured iced latte - Hazelnut - 2.75, Regular Smoothies - Carrot Kick - 2.00, Large Flavoured iced latte - Hazelnut - 3.25",12.8,CARD,6593465420341304
27/04/2025 15:41,Edinburgh,Mia Martel,"Large Chai latte - 2.60, Regular Chai latte - 2.30",4.9,CARD,4986465778856240
27/04/2025 15:42,Edinburgh,Bill Haynes,"Large Chai latte - 2.60, Large Mocha - 2.70",5.3,CARD,2776172943451289
27/04/2025 15:43,Edinburgh,Ila Boggess,"Large Chai latte - 2.60, Regular Speciality Tea - Fruit - 1.30",3.9,CARD,8421614720884353
27/04/2025 15:44,Edinburgh,Laura Vargas,"Regular Speciality Tea - Fruit - 1.30, Regular Flavoured latte - Hazelnut - 2.55, Regular Americano - 1.95, Large Flavoured iced latte - Hazelnut - 3.25",9.05,CASH,
27/04/2025 15:44,Edinburgh,Dorothy Jennings,"Large Chai latte - 2.60, Large Speciality Tea - Green - 1.60, Regular Smoothies - Glowing Greens - 2.00",6.2,CARD,7596744103720171
27/04/2025 15:45,Edinburgh,Jonathan Flores,"Large Flavoured latte - Hazelnut - 2.85, Regular Smoothies - Carrot Kick - 2.00, Regular Speciality Tea - Earl Grey - 1.30, Large Mocha - 2.70",8.85,CARD,7609028364274756
27/04/2025 15:46,Edinburgh,Duane Winchenbach,Large Speciality Tea - Earl Grey - 1.60,1.6,CARD,8347120027534130
27/04/2025 15:47,Edinburgh,Bernie Mccusker,"Large Smoothies - Carrot Kick - 2.50, Large Mocha - 2.70",5.2,CASH,
27/04/2025 15:48,Edinburgh,Larry Simmons,"Regular Smoothies - Carrot Kick - 2.00, Regular Flavoured iced latte - Hazelnut - 2.75, Large Smoothies - Glowing Greens - 2.50, Large Flavoured iced latte - Hazelnut - 3.25, Large Flavoured iced latte - Hazelnut - 3.25",13.75,CASH,
27/04/2025 15:49,Edinburgh,Katharine Howard,"Large Flavoured latte - Hazelnut - 2.85, Regular Mocha - 2.30, Large Smoothies - Glowing Greens - 2.50, Regular Mocha - 2.30, Large Mocha - 2.70",12.65,CASH,
27/04/2025 15:49,Edinburgh,James Souza,"Large Smoothies - Carrot Kick - 2.50, Large Smoothies - Carrot Kick - 2.50",5.0,CARD,9637354249476431
27/04/2025 15:50,Edinburgh,Scott Merriam,"Large Flavoured latte - Hazelnut - 2.85, Large Americano - 2.25",5.1,CARD,3642239803536844
27/04/2025 15:51,Edinburgh,Joanne Wickings,"Regular Flavoured iced latte - Hazelnut - 2.75, Large Flavoured iced latte - Hazelnut - 3.25, Regular Smoothies - Glowing Greens - 2.00, Large Chai latte - 2.60",10.6,CARD,1216039950860722
27/04/2025 15:52,Edinburgh,Roberto Donahoe,Regular Chai latte - 2.30,2.3,CASH,
27/04/2025 15:53,Edinburgh,Cecelia Nash,"Regular Speciality Tea - Fruit - 1.30, Large Smoothies - Carrot Kick - 2.50",3.8,CARD,7450394793101538
27/04/2025 15:53,Edinburgh,Ruby Stevens,"Regular Speciality Tea - Fruit - 1.30, Regular Speciality Tea - Green - 1.30, Large Americano - 2.25",4.85,CARD,8858103717469413
27/04/2025 15:54,Edinburgh,Ken Payne,"Regular Smoothies - Carrot Kick - 2.00, Regular Speciality Tea - Earl Grey - 1.30, Large Flavoured iced latte - Hazelnut - 3.25, Regular Smoothies - Carrot Kick - 2.00, Regular Speciality Tea - Earl Grey - 1.30, Large Speciality Tea - Fruit - 1.60",11.45,CARD,9241985661787906
27/04/2025 15:55,Edinburgh,Sandra Burroughs,"Large Flavoured iced latte - Hazelnut - 3.25, Regular Smoothies - Carrot Kick - 2.00",5.25,CARD,3984045643196510
27/04/2025 15:56,Edinburgh,Marian Mcinnis,"Regular Chai latte - 2.30, Regular Americano - 1.95",4.25,CARD,3103946847366524
27/04/2025 15:57,Edinburgh,Alexis Kisner,"Large Mocha - 2.70, Large Flavoured latte - Hazelnut - 2.85, Large Chai latte - 2.60",8.15,CARD,1055720116363449
27/04/2025 15:58,Edinburgh,Alda Ferguson,"Regular Chai latte - 2.30, Large Smoothies - Carrot Kick - 2.50, Large Speciality Tea - Green - 1.60",6.4,CASH,
27/04/2025 15:58,Edinburgh,Eva Mcnamara,"Regular Mocha - 2.30, Large Smoothies - Carrot Kick - 2.50",4.8,CARD,1315634998518359
27/04/2025 15:59,Edinburgh,Arlene Tarr,"Large Flavoured latte - Hazelnut - 2.85, Regular Smoothies - Carrot Kick - 2.00, Regular Speciality Tea - Green - 1.30",6.15,CARD,6205078333457508
27/04/2025 16:00,Edinburgh,Robert Mcmilliam,"Large Americano - 2.25, Large Flavoured latte - Hazelnut - 2.85, Large Americano - 2.25, Regular Americano - 1.95, Regular Flavoured iced latte - Hazelnut - 2.75",12.05,CARD,8954085521380507
27/04/2025 16:03,Edinburgh,Amy Davila,"Large Flavoured latte - Hazelnut - 2.85, Large Speciality Tea - Green - 1.60, Large Speciality Tea - Fruit - 1.60",6.05,CASH,
27/04/2025 16:06,Edinburgh,Kendall Silva,"Large Mocha - 2.70, Large Smoothies - Glowing Greens - 2.50, Large Chai latte - 2.60",7.8,CASH,
27/04/2025 16:09,Edinburgh,Alan Ward,"Regular Flavoured iced latte - Hazelnut - 2.75, Regular Flavoured iced latte - Hazelnut - 2.75, Regular Americano - 1.95",7.45,CARD,3486887819794299
27/04/2025 16:13,Edinburgh,Lance Mccartney,Regular Speciality Tea - Earl Grey - 1.30,1.3,CASH,
27/04/2025 16:16,Edinburgh,Richard Strawderman,"Regular Smoothies - Glowing Greens - 2.00, Large Americano - 2.25, Regular Chai latte - 2.30",6.55,CARD,6168276199631200
27/04/2025 16:19,Edinburgh,Robert Friedman,"Large Flavoured iced latte - Hazelnut - 3.25, Large Speciality Tea - Fruit - 1.60, Regular Speciality Tea - Fruit - 1.30",6.15,CASH,
27/04/2025 16:22,Edinburgh,Susan Mcelroy,"Regular Speciality Tea - Earl Grey - 1.30, Large Speciality Tea - Earl Grey - 1.60, Regular Flavoured iced latte - Hazelnut - 2.75, Regular Speciality Tea - Green - 1.30",6.95,CARD,2705668038267981
27/04/2025 16:25,Edinburgh,Elanor Skipper,Regular Americano - 1.95,1.95,CARD,3292217339994954
27/04/2025 16:28,Edinburgh,Kristen Wilkes,"Large Flavoured iced latte - Hazelnut - 3.25, Regular Flavoured iced latte - Hazelnut - 2.75, Large Flavoured latte - Hazelnut - 2.85",8.85,CARD,3747433743488127
27/04/2025 16:31,Edinburgh,Charles Zuchowski,"Large Mocha - 2.70, Large Smoothies - Glowing Greens - 2.50, Large Speciality Tea - Fruit - 1.60, Large Chai latte - 2.60",9.4,CASH,
27/04/2025 16:35,Edinburgh,Lan Menendez,"Large Chai latte - 2.60, Regular Smoothies - Glowing Greens - 2.00, Regular Chai latte - 2.30, Large Chai latte - 2.60",9.5,CARD,6074653932490997
27/04/2025 16:38,Edinburgh,Ted Reece,Large Smoothies - Glowing Greens - 2.50,2.5,CARD,5266608481737154
27/04/2025 16:41,Edinburgh,Jason Cross,Large Flavoured latte - Hazelnut - 2.85,2.85,CASH,
27/04/2025 16:44,Edinburgh,Mary Henderson,"Regular Smoothies - Glowing Greens - 2.00, Regular Americano - 1.95, Large Americano - 2.25, Large Mocha - 2.70",8.9,CASH,
27/04/2025 16:47,Edinburgh,Gregg Bies,"Regular Speciality Tea - Green - 1.30, Regular Flavoured latte - Hazelnut - 2.55",3.85,CARD,1300769008635886
27/04/2025 16:50,Edinburgh,Florence Hubbard,Large Mocha - 2.70,2.7,CARD,1216185810528089
27/04/2025 16:54,Edinburgh,Kenneth Wilkinson,"Large Mocha - 2.70, Regular Flavoured latte - Hazelnut - 2.55",5.25,CARD,4522088228190349
27/04/2025 16:57,Edinburgh,Michael Herring,"Regular Speciality Tea - Fruit - 1.30, Regular Speciality Tea - Green - 1.30",2.6,CASH,
