27/04/2025 09:00,Middlesbrough,Jose Alston,Regular Glass of milk - 0.70,0.7,CASH,
27/04/2025 09:01,Middlesbrough,Kelli Bushaw,"Large Cortado - 2.35, Large Glass of milk - 1.10, Regular Glass of milk - 0.70",4.15,CARD,3255492161097287
27/04/2025 09:03,Middlesbrough,Thomas Caldwell,Regular Cortado - 2.05,2.05,CARD,1827187927454322
27/04/2025 09:05,Middlesbrough,Michael Naughton,"Large Glass of milk - 1.10, Regular Glass of milk - 0.70, Regular Cortado - 2.05, Regular Iced latte - 2.35",6.2,CASH,
27/04/2025 09:06,Middlesbrough,Earnest Blakemore,"Regular Chai latte - 2.30, Regular Iced latte - 2.35, Regular Iced latte - 2.35",7.0,CARD,4750410599555169
27/04/2025 09:08,Middlesbrough,Vickie Venezia,"Regular Cortado - 2.05, Large Chai latte - 2.60, Regular Glass of milk - 0.70, Large Speciality Tea - Fruit - 1.60, Regular Cortado - 2.05, Large Iced latte - 2.85",11.85,CARD,3496335379704290
27/04/2025 09:10,Middlesbrough,Michael Pickering,"Large Cortado - 2.35, Large Speciality Tea - Fruit - 1.60, Large Glass of milk - 1.10",5.05,CARD,4586940503491192
27/04/2025 09:11,Middlesbrough,Arturo Poteete,"Large Iced latte - 2.85, Large Glass of milk - 1.10, Regular Iced latte - 2.35, Regular Speciality Tea - Fruit - 1.30, Large Iced latte - 2.85",10.45,CARD,6872616400693838
27/04/2025 09:13,Middlesbrough,Regina Horne,Regular Glass of milk - 0.70,0.7,CARD,9510187757862776
27/04/2025 09:15,Middlesbrough,William Riddell,"Large Iced latte - 2.85, Large Speciality Tea - Fruit - 1.60, Large Chai latte - 2.60, Regular Iced latte - 2.35, Large Speciality Tea - Fruit - 1.60",11.0,CASH,
27/04/2025 09:17,Middlesbrough,Donald Wood,"Regular Cortado - 2.05, Regular Chai latte - 2.30",4.35,CARD,2855095453825253
27/04/2025 09:18,Middlesbrough,Ralph Silva,"Large Chai latte - 2.60, Regular Chai latte - 2.30, Large Chai latte - 2.60, Regular Chai latte - 2.30, Large Cortado - 2.35",12.15,CASH,
27/04/2025 09:20,Middlesbrough,Chris Logan,"Large Chai latte - 2.60, Large Speciality Tea - Fruit - 1.60, Large Chai latte - 2.60, Regular Glass of milk - 0.70",7.5,CARD,5481768244949170
27/04/2025 09:22,Middlesbrough,Betty Dreese,Regular Iced latte - 2.35,2.35,CARD,5111004977922375
27/04/2025 09:23,Middlesbrough,Errol Crandall,Regular Iced latte - 2.35,2.35,CASH,
27/04/2025 09:25,Middlesbrough,Evan English,"Regular Speciality Tea - Fruit - 1.30, Large Cortado - 2.35, Regular Speciality Tea - Fruit - 1.30",4.95,CARD,7434401507896248
27/04/2025 09:27,Middlesbrough,Twana Wainer,"Large Speciality Tea - Fruit - 1.60, Large Iced latte - 2.85, Regular Cortado - 2.05, Regular Iced latte - 2.35",8.85,CASH,
27/04/2025 09:28,Middlesbrough,Lawerence Johnson,"Large Iced latte - 2.85, Large Iced latte - 2.85",5.7,CASH,
27/04/2025 09:30,Middlesbrough,Mary Chowenhill,"Large Speciality Tea - Fruit - 1.60, Regular Iced latte - 2.35, Regular Iced latte - 2.35, Large Iced latte - 2.85, Large Glass of milk - 1.10",10.25,CARD,5650844229809566
27/04/2025 09:32,Middlesbrough,Helena Mackey,"Regular Chai latte - 2.30, Large Chai latte - 2.60, Large Chai latte - 2.60",7.5,CARD,2809732868959993
27/04/2025 09:34,Middlesbrough,Peggy Crowe,"Regular Glass of milk - 0.70, Regular Iced latte - 2.35, Regular Chai latte - 2.30",5.35,CASH,
27/04/2025 09:35,Middlesbrough,Jeffrey Kinder,"Large Chai latte - 2.60, Regular Iced latte - 2.35, Large Chai latte - 2.60, Regular Glass of milk - 0.70",8.25,CARD,6041947012316367
27/04/2025 09:37,Middlesbrough,Melissa Moton,"Regular Chai latte - 2.30, Large Chai latte - 2.60",4.9,CARD,7434461451575979
27/04/2025 09:39,Middlesbrough,Linda Cornish,"Regular Chai latte - 2.30, Large Chai latte - 2.60, Regular Cortado - 2.05, Regular Glass of milk - 0.70, Regular Iced latte - 2.35, Large Speciality Tea - Fruit - 1.60",11.6,CARD,7479275366242748
27/04/2025 09:40,Middlesbrough,Thomas Blank,"Regular Speciality Tea - Fruit - 1.30, Regular Glass of milk - 0.70",2.0,CARD,3175295913352023
27/04/2025 09:42,Middlesbrough,Louis Gibbs,Large Chai latte - 2.60,2.6,CARD,9636142395642981
27/04/2025 09:44,Middlesbrough,William Williams,"Regular Chai latte - 2.30, Regular Iced latte - 2.35, Large Chai latte - 2.60, Regular Glass of milk - 0.70, Large Iced latte - 2.85",10.8,CASH,
27/04/2025 09:46,Middlesbrough,Carl Shelley,"Regular Cortado - 2.05, Large Cortado - 2.35, Large Speciality Tea - Fruit - 1.60",6.0,CARD,3703941960256083
27/04/2025 09:47,Middlesbrough,Micheal Valentine,"Large Iced latte - 2.85, Large Glass of milk - 1.10",3.95,CARD,3877624952446570
27/04/2025 09:49,Middlesbrough,Albert Ramos,Regular Cortado - 2.05,2.05,CASH,
27/04/2025 09:51,Middlesbrough,Dennis Cassidy,"Large Chai latte - 2.60, Regular Chai latte - 2.30, Regular Iced latte - 2.35, Regular Speciality Tea - Fruit - 1.30",8.55,CASH,
27/04/2025 09:52,Middlesbrough,Regina Mace,"Regular Glass of milk - 0.70, Large Speciality Tea - Fruit - 1.60, Regular Speciality Tea - Fruit - 1.30, Regular Chai latte - 2.30, Large Glass of milk - 1.10",7.0,CARD,6656356876455073
27/04/2025 09:54,Middlesbrough,Derek Beaver,"Regular Glass of milk - 0.70, Large Speciality Tea - Fruit - 1.60, Regular Cortado - 2.05",4.35,CARD,7886427749586410
27/04/2025 09:56,Middlesbrough,Fernando Gibbons,Regular Iced latte - 2.35,2.35,CARD,9696654552783893
27/04/2025 09:58,Middlesbrough,Robin David,Regular Iced latte - 2.35,2.35,CASH,
27/04/2025 09:59,Middlesbrough,Mindy Bretthauer,Large Cortado - 2.35,2.35,CARD,1653777904956629
27/04/2025 10:01,Middlesbrough,Tonya Fryar,"Large Cortado - 2.35, Regular Cortado - 2.05, Large Cortado - 2.35",6.75,CASH,
27/04/2025 10:02,Middlesbrough,Margaret Otto,"Large Chai latte - 2.60, Large Speciality Tea - Fruit - 1.60",4.2,CARD,8842112289060179
27/04/2025 10:03,Middlesbrough,Anita Fritz,"Regular Glass of milk - 0.70, Large Chai latte - 2.60, Regular Iced latte - 2.35, Regular Cortado - 2.05, Large Iced latte - 2.85",10.55,CARD,9763769314611597
27/04/2025 10:05,Middlesbrough,Rene Dean,"Large Cortado - 2.35, Regular Iced latte - 2.35, Large Speciality Tea - Fruit - 1.60, Regular Glass of milk - 0.70, Regular Iced latte - 2.35",9.35,CASH,
27/04/2025 10:06,Middlesbrough,Michael Sticker,"Regular Speciality Tea - Fruit - 1.30, Large Iced latte - 2.85",4.15,CASH,
27/04/2025 10:07,Middlesbrough,Richard Bowling,"Regular Chai latte - 2.30, Large Iced latte - 2.85, Large Glass of milk - 1.10, Large Glass of milk - 1.10, Regular Glass of milk - 0.70",8.05,CARD,1087494114231459
27/04/2025 10:08,Middlesbrough,Ryan Holloway,"Regular Cortado - 2.05, Regular Cortado - 2.05, Large Chai latte - 2.60, Large Glass of milk - 1.10, Large Cortado - 2.35",10.15,CARD,2199785211938557
27/04/2025 10:09,Middlesbrough,Dennis Stephens,"Large Chai latte - 2.60, Large Chai latte - 2.60, Regular Chai latte - 2.30, Regular Cortado - 2.05",9.55,CASH,
27/04/2025 10:11,Middlesbrough,Michele Roy,"Large Iced latte - 2.85, Large Iced latte - 2.85, Large Glass of milk - 1.10",6.8,CARD,3058353472201179
27/04/2025 10:12,Middlesbrough,Ezekiel Carder,Regular Cortado - 2.05,2.05,CARD,6360126733971191
27/04/2025 10:13,Middlesbrough,Sylvia Plank,"Regular Chai latte - 2.30, Large Iced latte - 2.85, Large Chai latte - 2.60",7.75,CASH,
27/04/2025 10:14,Middlesbrough,Paul Ferland,"Large Iced latte - 2.85, Regular Speciality Tea - Fruit - 1.30",4.15,CASH,
27/04/2025 10:15,Middlesbrough,Stephanie Mcfee,Regular Speciality Tea - Fruit - 1.30,1.3,CARD,2690830447121729
27/04/2025 10:17,Middlesbrough,Helen Black,"Large Cortado - 2.35, Regular Iced latte - 2.35, Regular Cortado - 2.05",6.75,CARD,1474551954366244
27/04/2025 10:18,Middlesbrough,Chelsea Tanner,"Large Glass of milk - 1.10, Regular Cortado - 2.05, Large Cortado - 2.35, Large Chai latte - 2.60",8.1,CARD,6723643538744750
27/04/2025 10:19,Middlesbrough,James Vogus,Regular Cortado - 2.05,2.05,CASH,
27/04/2025 10:20,Middlesbrough,Beatrice Wellard,"Regular Chai latte - 2.30, Large Cortado - 2.35",4.65,CARD,8780228392995667
27/04/2025 10:21,Middlesbrough,Frances Murphy,Large Cortado - 2.35,2.35,CASH,
27/04/2025 10:23,Middlesbrough,Charles Robinson,Large Glass of milk - 1.10,1.1,CARD,9036217134292953
27/04/2025 10:24,Middlesbrough,Robert Fowler,"Regular Iced latte - 2.35, Regular Chai latte - 2.30, Regular Glass of milk - 0.70",5.35,CARD,1516925292835909
27/04/2025 10:25,Middlesbrough,Lela England,"Large Chai latte - 2.60, Large Chai latte - 2.60, Large Speciality Tea - Fruit - 1.60, Large Iced latte - 2.85, Large Speciality Tea - Fruit - 1.60, Large Iced latte - 2.85",14.1,CARD,5078966406095295
27/04/2025 10:26,Middlesbrough,Cristal Ovitt,Large Cortado - 2.35,2.35,CARD,7334042111565936
27/04/2025 10:27,Middlesbrough,John Schnader,"Large Cortado - 2.35, Large Cortado - 2.35, Regular Glass of milk - 0.70",5.4,CARD,3889828341357162
27/04/2025 10:29,Middlesbrough,Krista Boswell,"Large Chai latte - 2.60, Regular Iced latte - 2.35",4.95,CASH,
27/04/2025 10:30,Middlesbrough,Patricia Caison,"Large Chai latte - 2.60, Regular Chai latte - 2.30, Regular Chai latte - 2.30",7.2,CASH,
27/04/2025 10:31,Middlesbrough,Gene Mendoza,"Large Cortado - 2.35, Large Speciality Tea - Fruit - 1.60, Large Glass of milk - 1.10, Large Speciality Tea - Fruit - 1.60, Large Iced latte - 2.85, Large Glass of milk - 1.10",10.6,CARD,9913134227064915
27/04/2025 10:32,Middlesbrough,Linda Stultz,"Regular Chai latte - 2.30, Large Glass of milk - 1.10, Large Chai latte - 2.60",6.0,CARD,1621779090713963
27/04/2025 10:33,Middlesbrough,Frederick Merida,Regular Cortado - 2.05,2.05,CARD,7751227639480478
27/04/2025 10:35,Middlesbrough,Henry Perry,"Large Speciality Tea - Fruit - 1.60, Regular Iced latte - 2.35",3.95,CARD,6675482401258605
27/04/2025 10:36,Middlesbrough,Kenneth Ruis,"Regular Iced latte - 2.35, Large Glass of milk - 1.10, Regular Glass of milk - 0.70, Regular Glass of milk - 0.70",4.85,CASH,
27/04/2025 10:37,Middlesbrough,Kim Marroquin,"Regular Chai latte - 2.30, Large Cortado - 2.35",4.65,CASH,
27/04/2025 10:38,Middlesbrough,Robert Shortell,"Regular Cortado - 2.05, Regular Speciality Tea - Fruit - 1.30, Large Cortado - 2.35, Large Chai latte - 2.60, Regular Speciality Tea - Fruit - 1.30",9.6,CARD,5139898455517798
27/04/2025 10:39,Middlesbrough,Donna Faulkner,"Regular Iced latte - 2.35, Large Cortado - 2.35, Regular Speciality Tea - Fruit - 1.30",6.0,CASH,
27/04/2025 10:41,Middlesbrough,Mary Ensing,"Large Speciality Tea - Fruit - 1.60, Large Glass of milk - 1.10, Large Cortado - 2.35",5.05,CARD,3894685239315729
27/04/2025 10:42,Middlesbrough,Dawn Pratt,"Regular Speciality Tea - Fruit - 1.30, Large Glass of milk - 1.10",2.4,CASH,
27/04/2025 10:43,Middlesbrough,Albert Monachino,"Large Iced latte - 2.85, Large Glass of milk - 1.10, Regular Iced latte - 2.35, Regular Iced latte - 2.35",8.65,CASH,
27/04/2025 10:44,Middlesbrough,Terry Dubose,Large Speciality Tea - Fruit - 1.60,1.6,CARD,8309149885514242
27/04/2025 10:45,Middlesbrough,Stephanie Stout,Regular Chai latte - 2.30,2.3,CASH,
27/04/2025 10:47,Middlesbrough,Antonio Hazan,"Regular Speciality Tea - Fruit - 1.30, Large Iced latte - 2.85, Large Glass of milk - 1.10",5.25,CARD,3158068041548225
27/04/2025 10:48,Middlesbrough,William Robinson,Large Speciality Tea - Fruit - 1.60,1.6,CASH,
27/04/2025 10:49,Middlesbrough,Paul Cross,Large Cortado - 2.35,2.35,CARD,6954790683678323
27/04/2025 10:50,Middlesbrough,Theresa Bell,Large Iced latte - 2.85,2.85,CARD,6483161991731907
27/04/2025 10:51,Middlesbrough,Adam Castellana,Regular Chai latte - 2.30,2.3,CARD,1733459714311230
27/04/2025 10:53,Middlesbrough,Edna Narine,"Regular Cortado - 2.05, Regular Speciality Tea - Fruit - 1.30",3.35,CARD,9081160796480021
27/04/2025 10:54,Middlesbrough,Emily Mays,"Large Speciality Tea - Fruit - 1.60, Large Iced latte - 2.85",4.45,CARD,4384602668641543
27/04/2025 10:55,Middlesbrough,George Hires,"Regular Cortado - 2.05, Regular Chai latte - 2.30, Large Speciality Tea - Fruit - 1.60, Regular Cortado - 2.05",8.0,CASH,
27/04/2025 10:56,Middlesbrough,Monica Troendle,Large Iced latte - 2.85,2.85,CASH,
27/04/2025 10:57,Middlesbrough,Nancy Ochoa,"Regular Speciality Tea - Fruit - 1.30, Large Chai latte - 2.60, Regular Iced latte - 2.35",6.25,CARD,6630919664517567
27/04/2025 10:59,Middlesbrough,John Dedmon,"Large Iced latte - 2.85, Large Glass of milk - 1.10, Large Iced latte - 2.85, Large Chai latte - 2.60, Large Iced latte - 2.85",12.25,CARD,8358579989367973
27/04/2025 11:00,Middlesbrough,Thomas Oates,"Large Cortado - 2.35, Large Speciality Tea - Fruit - 1.60, Regular Cortado - 2.05",6.0,CARD,8242831308567286
27/04/2025 11:02,Middlesbrough,Leanne Shor,Regular Speciality Tea - Fruit - 1.30,1.3,CARD,7779913306918497
27/04/2025 11:05,Middlesbrough,Barbara James,"Large Cortado - 2.35, Regular Glass of milk - 0.70",3.05,CARD,7190405709231879
27/04/2025 11:07,Middlesbrough,Edward Adams,Large Chai latte - 2.60,2.6,CARD,3300515653466940
27/04/2025 11:10,Middlesbrough,Jacob Manning,"Regular Glass of milk - 0.70, Large Glass of milk - 1.10",1.8,CARD,2111626771444549
27/04/2025 11:12,Middlesbrough,Suzanne Mackey,Large Iced latte - 2.85,2.85,CASH,
27/04/2025 11:15,Middlesbrough,Christopher Sutton,"Regular Glass of milk - 0.70, Large Glass of milk - 1.10, Regular Iced latte - 2.35",4.15,CARD,2515325242053281
27/04/2025 11:17,Middlesbrough,William Carter,"Large Cortado - 2.35, Large Glass of milk - 1.10, Large Speciality Tea - Fruit - 1.60, Regular Chai latte - 2.30",7.35,CARD,7235760337517381
27/04/2025 11:20,Middlesbrough,Charlie Mondragon,"Large Cortado - 2.35, Regular Iced latte - 2.35",4.7,CARD,1457174029268663
27/04/2025 11:22,Middlesbrough,Pat Ortiz,"Large Cortado - 2.35, Regular Cortado - 2.05, Large Cortado - 2.35, Large Iced latte - 2.85, Regular Speciality Tea - Fruit - 1.30",10.9,CASH,
27/04/2025 11:25,Middlesbrough,Melissa Derr,Large Speciality Tea - Fruit - 1.60,1.6,CASH,
27/04/2025 11:27,Middlesbrough,Teresa Hass,"Regular Cortado - 2.05, Regular Speciality Tea - Fruit - 1.30, Regular Glass of milk - 0.70, Regular Chai latte - 2.30, Regular Iced latte - 2.35",8.7,CASH,
27/04/2025 11:30,Middlesbrough,Leigh Ames,"Regular Chai latte - 2.30, Large Iced latte - 2.85",5.15,CARD,4208533480605239
27/04/2025 11:32,Middlesbrough,Beverly Conde,"Regular Cortado - 2.05, Large Iced latte - 2.85, Regular Glass of milk - 0.70, Large Glass of milk - 1.10, Regular Speciality Tea - Fruit - 1.30, Large Cortado - 2.35",10.35,CASH,
27/04/2025 11:35,Middlesbrough,Diana Alvarado,"Regular Iced latte - 2.35, Large Cortado - 2.35, Large Glass of milk - 1.10, Regular Cortado - 2.05",7.85,CASH,
27/04/2025 11:37,Middlesbrough,Frank Brown,"Regular Cortado - 2.05, Regular Speciality Tea - Fruit - 1.30",3.35,CARD,1361585320100235
27/04/2025 11:40,Middlesbrough,Ted Kent,"Large Glass of milk - 1.10, Regular Glass of milk - 0.70, Regular Glass of milk - 0.70, Large Speciality Tea - Fruit - 1.60, Regular Glass of milk - 0.70, Large Cortado - 2.35",7.15,CARD,3085675514450290
27/04/2025 11:42,Middlesbrough,Kathleen Smith,"Large Cortado - 2.35, Regular Cortado - 2.05, Large Iced latte - 2.85",7.25,CASH,
27/04/2025 11:45,Middlesbrough,James Lucy,"Large Cortado - 2.35, Large Chai latte - 2.60, Large Glass of milk - 1.10, Large Speciality Tea - Fruit - 1.60",7.65,CARD,3221354684994060
27/04/2025 11:47,Middlesbrough,Glen Laird,Regular Glass of milk - 0.70,0.7,CARD,6583008099226749
27/04/2025 11:50,Middlesbrough,Lisa Haith,"Large Speciality Tea - Fruit - 1.60, Large Cortado - 2.35, Regular Speciality Tea - Fruit - 1.30",5.25,CARD,2056345238833921
27/04/2025 11:52,Middlesbrough,Cheryl Koger,"Large Glass of milk - 1.10, Large Cortado - 2.35",3.45,CASH,
27/04/2025 11:55,Middlesbrough,Patsy Libby,"Regular Cortado - 2.05, Large Iced latte - 2.85, Regular Chai latte - 2.30, Large Cortado - 2.35",9.55,CARD,6946361339639674
27/04/2025 11:57,Middlesbrough,James Robinson,"Regular Glass of milk - 0.70, Large Cortado - 2.35, Regular Chai latte - 2.30, Regular Glass of milk - 0.70",6.05,CARD,9564068334810069
27/04/2025 12:00,Middlesbrough,Billie Rose,"Large Chai latte - 2.60, Large Iced latte - 2.85, Regular Iced latte - 2.35",7.8,CARD,1333363872812513
27/04/2025 12:12,Middlesbrough,Harlan Lopez,"Regular Glass of milk - 0.70, Large Iced latte - 2.85, Large Cortado - 2.35, Large Speciality Tea - Fruit - 1.60, Regular Glass of milk - 0.70",8.2,CARD,6335689432380518
27/04/2025 12:24,Middlesbrough,Colin Garner,Large Cortado - 2.35,2.35,CASH,
27/04/2025 12:36,Middlesbrough,Hugh Nail,Regular Cortado - 2.05,2.05,CARD,7085098533541118
27/04/2025 12:48,Middlesbrough,Ida Norris,"Regular Cortado - 2.05, Regular Speciality Tea - Fruit - 1.30",3.35,CARD,5382297730312332
27/04/2025 13:00,Middlesbrough,Gail Rigney,Regular Glass of milk - 0.70,0.7,CARD,7518479652622978
27/04/2025 13:02,Middlesbrough,Larry Washington,"Regular Glass of milk - 0.70, Large Iced latte - 2.85",3.55,CARD,5069622291024858
27/04/2025 13:04,Middlesbrough,Rita Bursley,"Regular Iced latte - 2.35, Large Speciality Tea - Fruit - 1.60, Regular Chai latte - 2.30",6.25,CASH,
27/04/2025 13:07,Middlesbrough,Jocelyn Young,Large Cortado - 2.35,2.35,CARD,3060855654844483
27/04/2025 13:09,Middlesbrough,Lester Lawton,Regular Cortado - 2.05,2.05,CARD,9302066429968526
27/04/2025 13:11,Middlesbrough,Dionne Wilson,"Large Iced latte - 2.85, Large Iced latte - 2.85",5.7,CARD,3710249724571953
27/04/2025 13:14,Middlesbrough,Kathleen Brown,"Large Glass of milk - 1.10, Large Cortado - 2.35, Regular Glass of milk - 0.70",4.15,CARD,9471673506458325
27/04/2025 13:16,Middlesbrough,Jaclyn Hamer,"Large Chai latte - 2.60, Regular Chai latte - 2.30, Large Chai latte - 2.60",7.5,CARD,4040780947671430
27/04/2025 13:18,Middlesbrough,Vernon Ballard,"Large Cortado - 2.35, Large Glass of milk - 1.10",3.45,CASH,
27/04/2025 13:20,Middlesbrough,Kelly White,Regular Chai latte - 2.30,2.3,CARD,9702543940689928
27/04/2025 13:23,Middlesbrough,Betty Martinez,"Large Chai latte - 2.60, Regular Cortado - 2.05, Large Iced latte - 2.85, Large Glass of milk - 1.10, Large Chai latte - 2.60",11.2,CARD,1195012074997044
27/04/2025 13:25,Middlesbrough,Yvette Mabon,"Regular Cortado - 2.05, Regular Iced latte - 2.35, Regular Cortado - 2.05, Regular Chai latte - 2.30",8.75,CARD,5192350034616839
27/04/2025 13:27,Middlesbrough,Christopher Lopez,"Regular Cortado - 2.05, Regular Speciality Tea - Fruit - 1.30",3.35,CARD,8121102782631469
27/04/2025 13:30,Middlesbrough,Josephine Barreto,Regular Cortado - 2.05,2.05,CASH,
27/04/2025 13:32,Middlesbrough,Georgia Mcdonald,"Large Cortado - 2.35, Regular Cortado - 2.05, Large Speciality Tea - Fruit - 1.60, Large Cortado - 2.35, Large Cortado - 2.35",10.7,CARD,7723674373156724
27/04/2025 13:34,Middlesbrough,David Weiss,"Regular Cortado - 2.05, Large Glass of milk - 1.10, Large Cortado - 2.35, Regular Cortado - 2.05, Large Cortado - 2.35, Regular Speciality Tea - Fruit - 1.30",11.2,CARD,5321665792444409
27/04/2025 13:37,Middlesbrough,Gary Miles,Large Chai latte - 2.60,2.6,CARD,4196330550657826
27/04/2025 13:39,Middlesbrough,Carmela Keenan,"Large Glass of milk - 1.10, Regular Chai latte - 2.30, Regular Glass of milk - 0.70",4.1,CARD,2921092079752024
27/04/2025 13:41,Middlesbrough,Etta Stewart,Regular Speciality Tea - Fruit - 1.30,1.3,CARD,5896141450208471
27/04/2025 13:43,Middlesbrough,Clarence Canary,Large Chai latte - 2.60,2.6,CASH,
27/04/2025 13:46,Middlesbrough,Stephen Libby,"Regular Cortado - 2.05, Regular Glass of milk - 0.70, Regular Iced latte - 2.35, Large Iced latte - 2.85, Large Chai latte - 2.60, Large Cortado - 2.35",12.9,CARD,2949611041222075
27/04/2025 13:48,Middlesbrough,Robert Cole,"Large Glass of milk - 1.10, Large Speciality Tea - Fruit - 1.60, Large Glass of milk - 1.10, Regular Speciality Tea - Fruit - 1.30",5.1,CASH,
27/04/2025 13:50,Middlesbrough,Willie Flynn,"Regular Speciality Tea - Fruit - 1.30, Regular Cortado - 2.05, Large Cortado - 2.35, Large Iced latte - 2.85, Regular Speciality Tea - Fruit - 1.30, Regular Cortado - 2.05",11.9,CARD,3383180334767537
27/04/2025 13:53,Middlesbrough,Tammy Sievers,Large Iced latte - 2.85,2.85,CARD,2664710619408815
27/04/2025 13:55,Middlesbrough,Shaneka Payne,Regular Iced latte - 2.35,2.35,CARD,4844708243829813
27/04/2025 13:57,Middlesbrough,Richard North,Regular Cortado - 2.05,2.05,CASH,
27/04/2025 14:00,Middlesbrough,Thomas Gonzalez,"Large Glass of milk - 1.10, Regular Iced latte - 2.35",3.45,CARD,2545371608285926
27/04/2025 14:01,Middlesbrough,Patrick Balla,"Large Speciality Tea - Fruit - 1.60, Large Iced latte - 2.85",4.45,CARD,9936175780746001
27/04/2025 14:02,Middlesbrough,Margaret Reyes,"Regular Iced latte - 2.35, Large Glass of milk - 1.10, Regular Glass of milk - 0.70, Large Speciality Tea - Fruit - 1.60",5.75,CARD,4023034855347082
27/04/2025 14:04,Middlesbrough,Fran Jackson,"Large Iced latte - 2.85, Large Chai latte - 2.60",5.45,CASH,
27/04/2025 14:05,Middlesbrough,Delores Ogle,Large Chai latte - 2.60,2.6,CARD,8810875421991688
27/04/2025 14:06,Middlesbrough,Joshua Beren,"Large Chai latte - 2.60, Large Iced latte - 2.85, Regular Chai latte - 2.30, Regular Chai latte - 2.30",10.05,CARD,9328854784339157
27/04/2025 14:08,Middlesbrough,Joel Zahar,"Regular Cortado - 2.05, Large Cortado - 2.35, Large Chai latte - 2.60, Large Cortado - 2.35, Regular Iced latte - 2.35",11.7,CARD,2033556625799074
27/04/2025 14:09,Middlesbrough,Richard Graves,"Regular Glass of milk - 0.70, Large Iced latte - 2.85, Large Iced latte - 2.85, Regular Iced latte - 2.35",8.75,CARD,2226388834489729
27/04/2025 14:10,Middlesbrough,Heather Hubbard,Regular Iced latte - 2.35,2.35,CARD,8679153368546300
27/04/2025 14:12,Middlesbrough,Dan Story,"Regular Cortado - 2.05, Regular Iced latte - 2.35, Regular Speciality Tea - Fruit - 1.30, Regular Speciality Tea - Fruit - 1.30, Regular Glass of milk - 0.70",7.7,CARD,5412495102543088
27/04/2025 14:13,Middlesbrough,Teresa Clark,Large Speciality Tea - Fruit - 1.60,1.6,CASH,
27/04/2025 14:14,Middlesbrough,Kerry Petersen,Large Speciality Tea - Fruit - 1.60,1.6,CARD,7280787275057513
27/04/2025 14:16,Middlesbrough,Jeffery Rodriguez,Regular Iced latte - 2.35,2.35,CARD,7763234136627023
27/04/2025 14:17,Middlesbrough,Chad Matlock,Regular Speciality Tea - Fruit - 1.30,1.3,CASH,
27/04/2025 14:18,Middlesbrough,James Bullard,"Large Chai latte - 2.60, Large Speciality Tea - Fruit - 1.60",4.2,CARD,9808952179922586
27/04/2025 14:20,Middlesbrough,Richard Huitt,"Regular Speciality Tea - Fruit - 1.30, Regular Glass of milk - 0.70, Large Cortado - 2.35, Large Glass of milk - 1.10",5.45,CARD,5400478144677246
27/04/2025 14:21,Middlesbrough,Linda Jones,Regular Cortado - 2.05,2.05,CASH,
27/04/2025 14:22,Middlesbrough,Andrew Walls,Large Glass of milk - 1.10,1.1,CARD,3773309932233367
27/04/2025 14:24,Middlesbrough,Bryan Lemley,"Regular Chai latte - 2.30, Large Speciality Tea - Fruit - 1.60",3.9,CASH,
27/04/2025 14:25,Middlesbrough,Goldie Hackett,"Regular Chai latte - 2.30, Regular Cortado - 2.05",4.35,CARD,1358244683691459
27/04/2025 14:26,Middlesbrough,Steven Smith,"Regular Cortado - 2.05, Large Speciality Tea - Fruit - 1.60, Regular Chai latte - 2.30, Large Chai latte - 2.60",8.55,CARD,2932454257945736
27/04/2025 14:28,Middlesbrough,Mara Simmons,"Regular Speciality Tea - Fruit - 1.30, Large Speciality Tea - Fruit - 1.60, Regular Chai latte - 2.30, Large Speciality Tea - Fruit - 1.60, Large Cortado - 2.35, Large Speciality Tea - Fruit - 1.60",10.75,CARD,8744556292960059
27/04/2025 14:29,Middlesbrough,William Deluca,Regular Speciality Tea - Fruit - 1.30,1.3,CASH,
27/04/2025 14:30,Middlesbrough,Emilia Casteel,"Large Speciality Tea - Fruit - 1.60, Regular Cortado - 2.05, Regular Speciality Tea - Fruit - 1.30, Large Speciality Tea - Fruit - 1.60",6.55,CARD,8918718262755287
27/04/2025 14:32,Middlesbrough,Lois Walden,"Regular Chai latte - 2.30, Regular Glass of milk - 0.70, Large Cortado - 2.35",5.35,CASH,
27/04/2025 14:33,Middlesbrough,Yvonne Sherman,Large Speciality Tea - Fruit - 1.60,1.6,CARD,9171855728057884
27/04/2025 14:34,Middlesbrough,Georgia Mclain,"Large Iced latte - 2.85, Regular Chai latte - 2.30",5.15,CASH,
27/04/2025 14:36,Middlesbrough,Teresa Jenkins,"Large Chai latte - 2.60, Regular Speciality Tea - Fruit - 1.30",3.9,CARD,5845067265571356
27/04/2025 14:37,Middlesbrough,Frederick Craig,"Regular Chai latte - 2.30, Large Speciality Tea - Fruit - 1.60, Large Speciality Tea - Fruit - 1.60",5.5,CARD,5795311458067072
27/04/2025 14:38,Middlesbrough,Tara White,"Regular Chai latte - 2.30, Large Iced latte - 2.85, Large Glass of milk - 1.10, Regular Chai latte - 2.30",8.55,CARD,5806007881746552
27/04/2025 14:40,Middlesbrough,Elisa Gatlin,Regular Glass of milk - 0.70,0.7,CARD,4198539197479608
27/04/2025 14:41,Middlesbrough,Tonya Ridings,"Regular Iced latte - 2.35, Regular Chai latte - 2.30, Large Chai latte - 2.60, Large Iced latte - 2.85, Regular Iced latte - 2.35",12.45,CARD,9074286293973377
27/04/2025 14:42,Middlesbrough,Andrew Mccoy,Regular Cortado - 2.05,2.05,CARD,3446607362929457
27/04/2025 14:44,Middlesbrough,Robin Barnard,"Large Iced latte - 2.85, Regular Iced latte - 2.35",5.2,CARD,8453307526551790
27/04/2025 14:45,Middlesbrough,Amanda Hensley,"Regular Speciality Tea - Fruit - 1.30, Regular Iced latte - 2.35, Regular Cortado - 2.05, Regular Iced latte - 2.35, Regular Speciality Tea - Fruit - 1.30",9.35,CASH,
27/04/2025 14:46,Middlesbrough,Richard Riojas,"Regular Glass of milk - 0.70, Large Cortado - 2.35, Large Cortado - 2.35",5.4,CARD,3306246897732317
27/04/2025 14:48,Middlesbrough,John Boocks,"Large Iced latte - 2.85, Large Cortado - 2.35, Regular Cortado - 2.05, Regular Iced latte - 2.35, Large Iced latte - 2.85",12.45,CARD,4676171999018072
27/04/2025 14:49,Middlesbrough,Deloris Cast,"Large Chai latte - 2.60, Large Cortado - 2.35, Large Cortado - 2.35, Large Cortado - 2.35",9.65,CARD,8559755422311677
27/04/2025 14:50,Middlesbrough,Kim Murphy,"Regular Iced latte - 2.35, Regular Cortado - 2.05, Regular Speciality Tea - Fruit - 1.30",5.7,CARD,7142268518986080
27/04/2025 14:52,Middlesbrough,Van Thomson,"Large Iced latte - 2.85, Large Chai latte - 2.60",5.45,CASH,
27/04/2025 14:53,Middlesbrough,Randy Rooney,"Regular Speciality Tea - Fruit - 1.30, Regular Chai latte - 2.30, Regular Speciality Tea - Fruit - 1.30",4.9,CASH,
27/04/2025 14:54,Middlesbrough,Jacqueline Hoggard,Regular Glass of milk - 0.70,0.7,CARD,7032376582573539
27/04/2025 14:56,Middlesbrough,Carolyn Mckenna,Regular Cortado - 2.05,2.05,CARD,7609662131241530
27/04/2025 14:57,Middlesbrough,Jessie James,"Regular Glass of milk - 0.70, Large Iced latte - 2.85",3.55,CASH,
27/04/2025 14:58,Middlesbrough,Suzanne Dykes,"Regular Cortado - 2.05, Large Speciality Tea - Fruit - 1.60, Large Cortado - 2.35, Regular Chai latte - 2.30, Large Chai latte - 2.60",10.9,CASH,
27/04/2025 15:00,Middlesbrough,Scott Moore,"Large Speciality Tea - Fruit - 1.60, Regular Speciality Tea - Fruit - 1.30, Large Glass of milk - 1.10, Regular Iced latte - 2.35, Large Cortado - 2.35, Large Speciality Tea - Fruit - 1.60",10.3,CARD,9390813383429086
27/04/2025 15:01,Middlesbrough,Everette Ridge,"Regular Chai latte - 2.30, Large Chai latte - 2.60",4.9,CARD,1804140256618603
27/04/2025 15:02,Middlesbrough,Elizabeth Johnson,"Large Cortado - 2.35, Regular Iced latte - 2.35, Regular Iced latte - 2.35, Large Chai latte - 2.60, Large Iced latte - 2.85",12.5,CARD,9281415650270002
27/04/2025 15:03,Middlesbrough,Christina Smith,"Large Chai latte - 2.60, Regular Cortado - 2.05, Regular Chai latte - 2.30, Regular Speciality Tea - Fruit - 1.30, Large Iced latte - 2.85",11.1,CARD,1646579568377938
27/04/2025 15:04,Middlesbrough,Elliot Hinrichs,"Large Cortado - 2.35, Large Glass of milk - 1.10, Large Iced latte - 2.85, Regular Speciality Tea - Fruit - 1.30",7.6,CARD,4949228248644719
27/04/2025 15:05,Middlesbrough,Darren Anderson,"Regular Speciality Tea - Fruit - 1.30, Regular Iced latte - 2.35",3.65,CASH,
27/04/2025 15:06,Middlesbrough,Norris Mellis,"Regular Speciality Tea - Fruit - 1.30, Large Chai latte - 2.60, Regular Chai latte - 2.30, Regular Cortado - 2.05",8.25,CASH,
27/04/2025 15:07,Middlesbrough,Leonardo Stone,"Regular Chai latte - 2.30, Large Speciality Tea - Fruit - 1.60",3.9,CARD,2101065192517420
27/04/2025 15:08,Middlesbrough,Irma Henrie,"Regular Glass of milk - 0.70, Large Iced latte - 2.85, Regular Chai latte - 2.30",5.85,CARD,4894603645455303
27/04/2025 15:09,Middlesbrough,Peggy Holbrook,Large Chai latte - 2.60,2.6,CARD,5194259896384100
27/04/2025 15:10,Middlesbrough,Jerri Williams,Large Chai latte - 2.60,2.6,CARD,8327815157730910
27/04/2025 15:11,Middlesbrough,Lucy Rusko,"Large Iced latte - 2.85, Regular Iced latte - 2.35",5.2,CASH,
27/04/2025 15:12,Middlesbrough,Colleen Sing,"Large Chai latte - 2.60, Regular Glass of milk - 0.70, Regular Cortado - 2.05, Regular Cortado - 2.05",7.4,CARD,9436407902050567
27/04/2025 15:13,Middlesbrough,Dorothy Powell,"Large Glass of milk - 1.10, Regular Iced latte - 2.35",3.45,CASH,
27/04/2025 15:14,Middlesbrough,George Sincell,Large Cortado - 2.35,2.35,CARD,1826689489072842
27/04/2025 15:15,Middlesbrough,Bridget Blair,"Regular Iced latte - 2.35, Regular Chai latte - 2.30, Large Speciality Tea - Fruit - 1.60",6.25,CARD,1296478721441710
27/04/2025 15:16,Middlesbrough,Gloria Haynie,"Large Cortado - 2.35, Regular Iced latte - 2.35, Regular Iced latte - 2.35",7.05,CARD,7075566292063207
27/04/2025 15:17,Middlesbrough,Rodolfo Lester,"Large Cortado - 2.35, Regular Chai latte - 2.30",4.65,CASH,
27/04/2025 15:18,Middlesbrough,Daniel Wiggins,"Large Glass of milk - 1.10, Large Glass of milk - 1.10, Large Speciality Tea - Fruit - 1.60, Regular Speciality Tea - Fruit - 1.30",5.1,CARD,5322521656878945
27/04/2025 15:19,Middlesbrough,Sharon Powell,"Regular Iced latte - 2.35, Large Chai latte - 2.60, Regular Cortado - 2.05, Regular Speciality Tea - Fruit - 1.30, Large Speciality Tea - Fruit - 1.60",9.9,CARD,8952562816150241
27/04/2025 15:21,Middlesbrough,Hannah Robinson,"Regular Iced latte - 2.35, Regular Chai latte - 2.30",4.65,CARD,5717247025883292
27/04/2025 15:22,Middlesbrough,Cathy Rivard,"Regular Chai latte - 2.30, Regular Cortado - 2.05",4.35,CARD,2566265536338542
27/04/2025 15:23,Middlesbrough,Robert Alvarado,"Large Glass of milk - 1.10, Large Chai latte - 2.60, Large Glass of milk - 1.10",4.8,CARD,7856020395906718
27/04/2025 15:24,Middlesbrough,Helen Amorosi,"Large Cortado - 2.35, Large Cortado - 2.35",4.7,CARD,7102268816795984
27/04/2025 15:25,Middlesbrough,Fred Johnson,"Large Iced latte - 2.85, Regular Cortado - 2.05, Regular Chai latte - 2.30",7.2,CARD,2235344410842407
27/04/2025 15:26,Middlesbrough,Virginia Gordon,"Large Speciality Tea - Fruit - 1.60, Regular Iced latte - 2.35",3.95,CARD,4378739097415483
27/04/2025 15:27,Middlesbrough,Mark Kelly,"Regular Glass of milk - 0.70, Regular Glass of milk - 0.70, Large Chai latte - 2.60",4.0,CASH,
27/04/2025 15:28,Middlesbrough,Geraldine Sneed,"Regular Chai latte - 2.30, Large Cortado - 2.35, Regular Iced latte - 2.35",7.0,CASH,
27/04/2025 15:29,Middlesbrough,Addie Ahmadi,"Regular Speciality Tea - Fruit - 1.30, Regular Iced latte - 2.35",3.65,CASH,
27/04/2025 15:30,Middlesbrough,Cheryl Christner,Large Speciality Tea - Fruit - 1.60,1.6,CASH,
27/04/2025 15:31,Middlesbrough,Larry Bayers,"Regular Glass of milk - 0.70, Large Glass of milk - 1.10",1.8,CASH,
27/04/2025 15:32,Middlesbrough,Joe Jones,"Regular Chai latte - 2.30, Large Cortado - 2.35, Regular Speciality Tea - Fruit - 1.30, Regular Iced latte - 2.35, Regular Glass of milk - 0.70, Regular Chai latte - 2.30",11.3,CARD,2852137138675950
27/04/2025 15:33,Middlesbrough,Julie Maier,"Large Iced latte - 2.85, Large Cortado - 2.35, Regular Glass of milk - 0.70, Regular Chai latte - 2.30",8.2,CARD,9591608542348283
27/04/2025 15:34,Middlesbrough,Jason Lane,"Regular Cortado - 2.05, Large Glass of milk - 1.10",3.15,CASH,
27/04/2025 15:35,Middlesbrough,Jacqueline Boulerice,"Large Iced latte - 2.85, Regular Speciality Tea - Fruit - 1.30, Regular Speciality Tea - Fruit - 1.30, Large Iced latte - 2.85, Large Glass of milk - 1.10, Large Iced latte - 2.85",12.25,CARD,6999311842899655
27/04/2025 15:36,Middlesbrough,Jeremy Alaniz,"Regular Speciality Tea - Fruit - 1.30, Regular Cortado - 2.05, Large Speciality Tea - Fruit - 1.60",4.95,CARD,4290291162191202
27/04/2025 15:37,Middlesbrough,James Yost,"Regular Glass of milk - 0.70, Large Cortado - 2.35",3.05,CASH,
27/04/2025 15:38,Middlesbrough,Wilda Colon,"Large Cortado - 2.35, Regular Iced latte - 2.35",4.7,CARD,5612784378219857
27/04/2025 15:39,Middlesbrough,Mary Halcomb,Large Cortado - 2.35,2.35,CARD,7324399663603209
27/04/2025 15:40,Middlesbrough,James Neal,"Regular Glass of milk - 0.70, Large Iced latte - 2.85, Regular Chai latte - 2.30",5.85,CARD,7148008100958667
27/04/2025 15:42,Middlesbrough,Ryan Duncan,Large Iced latte - 2.85,2.85,CARD,5258027277692592
27/04/2025 15:43,Middlesbrough,Tori Vitale,"Large Cortado - 2.35, Regular Chai latte - 2.30",4.65,CASH,
27/04/2025 15:44,Middlesbrough,Thelma Lyles,"Regular Iced latte - 2.35, Regular Glass of milk - 0.70",3.05,CARD,2472530852325037
27/04/2025 15:45,Middlesbrough,Lillian Williams,Large Glass of milk - 1.10,1.1,CASH,
27/04/2025 15:46,Middlesbrough,Virginia Gibbons,Large Iced latte - 2.85,2.85,CASH,
27/04/2025 15:47,Middlesbrough,Stanley Wilkinson,"Large Cortado - 2.35, Large Iced latte - 2.85, Regular Speciality Tea - Fruit - 1.30",6.5,CARD,9021280561983513
27/04/2025 15:48,Middlesbrough,Margarita Miesch,Regular Glass of milk - 0.70,0.7,CARD,5585974568593148
27/04/2025 15:49,Middlesbrough,Jayne Forker,"Large Speciality Tea - Fruit - 1.60, Regular Glass of milk - 0.70, Regular Chai latte - 2.30, Large Cortado - 2.35",6.95,CARD,6497493889048095
27/04/2025 15:50,Middlesbrough,Shirley Smith,"Regular Chai latte - 2.30, Regular Cortado - 2.05",4.35,CARD,2782130572884229
27/04/2025 15:51,Middlesbrough,Tracy Kimbro,"Large Iced latte - 2.85, Regular Speciality Tea - Fruit - 1.30, Large Glass of milk - 1.10, Large Glass of milk - 1.10",6.35,CASH,
27/04/2025 15:52,Middlesbrough,Madelyn Armstrong,Large Speciality Tea - Fruit - 1.60,1.6,CARD,2242995708998800
27/04/2025 15:53,Middlesbrough,Hattie Flemming,Large Glass of milk - 1.10,1.1,CARD,1255099736261565
27/04/2025 15:54,Middlesbrough,Russell Fuller,"Large Cortado - 2.35, Regular Iced latte - 2.35, Large Cortado - 2.35, Regular Cortado - 2.05",9.1,CASH,
27/04/2025 15:55,Middlesbrough,Luther Latney,"Large Cortado - 2.35, Large Cortado - 2.35",4.7,CARD,6131655249508497
27/04/2025 15:56,Middlesbrough,Margarita Williford,"Regular Cortado - 2.05, Large Glass of milk - 1.10, Large Cortado - 2.35, Large Iced latte - 2.85",8.35,CARD,7026698740229667
27/04/2025 15:57,Middlesbrough,Charles Edwards,"Large Iced latte - 2.85, Regular Speciality Tea - Fruit - 1.30, Large Chai latte - 2.60, Large Iced latte - 2.85, Regular Iced latte - 2.35",11.95,CARD,9481988530745946
27/04/2025 15:58,Middlesbrough,Brooke Ray,Large Speciality Tea - Fruit - 1.60,1.6,CARD,6685387849827442
27/04/2025 15:59,Middlesbrough,Kevin Parsons,"Regular Cortado - 2.05, Large Chai latte - 2.60, Regular Iced latte - 2.35, Regular Chai latte - 2.30",9.3,CARD,7853435303564311
27/04/2025 16:00,Middlesbrough,Richard Chidester,"Regular Iced latte - 2.35, Large Cortado - 2.35, Large Cortado - 2.35, Regular Glass of milk - 0.70, Large Chai latte - 2.60, Large Cortado - 2.35",12.7,CASH,
27/04/2025 16:03,Middlesbrough,Linda Clawson,Large Cortado - 2.35,2.35,CASH,
27/04/2025 16:05,Middlesbrough,Megan Sharp,"Regular Cortado - 2.05, Large Iced latte - 2.85, Large Speciality Tea - Fruit - 1.60",6.5,CASH,
27/04/2025 16:08,Middlesbrough,Jeffrey Janak,"Large Cortado - 2.35, Large Chai latte - 2.60, Regular Cortado - 2.05, Regular Glass of milk - 0.70",7.7,CARD,6463223744325729
27/04/2025 16:10,Middlesbrough,Vicki Smith,Large Speciality Tea - Fruit - 1.60,1.6,CARD,9929130093391887
27/04/2025 16:13,Middlesbrough,Ernest Breton,"Large Iced latte - 2.85, Large Glass of milk - 1.10, Regular Iced latte - 2.35, Regular Cortado - 2.05",8.35,CARD,6457617892387833
27/04/2025 16:15,Middlesbrough,Kathy Childress,"Large Iced latte - 2.85, Regular Speciality Tea - Fruit - 1.30, Large Glass of milk - 1.10",5.25,CARD,2623947384955970
27/04/2025 16:18,Middlesbrough,Allene Abbott,Large Speciality Tea - Fruit - 1.60,1.6,CARD,8883641324212892
27/04/2025 16:20,Middlesbrough,Mildred Dean,Large Cortado - 2.35,2.35,CASH,
27/04/2025 16:23,Middlesbrough,Travis Chambers,"Large Glass of milk - 1.10, Regular Chai latte - 2.30, Regular Iced latte - 2.35, Large Iced latte - 2.85",8.6,CARD,8129205133740432
27/04/2025 16:25,Middlesbrough,Jeremy Manning,"Large Glass of milk - 1.10, Large Speciality Tea - Fruit - 1.60, Regular Iced latte - 2.35",5.05,CASH,
27/04/2025 16:28,Middlesbrough,Walter Tenney,"Regular Speciality Tea - Fruit - 1.30, Regular Speciality Tea - Fruit - 1.30, Large Speciality Tea - Fruit - 1.60, Large Cortado - 2.35, Large Cortado - 2.35",8.9,CARD,6396563850463621
27/04/2025 16:30,Middlesbrough,John Banks,"Regular Glass of milk - 0.70, Large Speciality Tea - Fruit - 1.60, Regular Glass of milk - 0.70",3.0,CARD,3080219355972956
27/04/2025 16:33,Middlesbrough,Samuel Bacurin,"Regular Iced latte - 2.35, Large Chai latte - 2.60, Regular Speciality Tea - Fruit - 1.30, Large Speciality Tea - Fruit - 1.60",7.85,CASH,
27/04/2025 16:35,Middlesbrough,Debra Moore,"Regular Speciality Tea - Fruit - 1.30, Regular Cortado - 2.05",3.35,CARD,6711978313398776
27/04/2025 16:38,Middlesbrough,Bradley Mcniell,Large Iced latte - 2.85,2.85,CARD,1679367715189988
27/04/2025 16:40,Middlesbrough,Salvador Montoya,"Large Chai latte - 2.60, Large Speciality Tea - Fruit - 1.60, Large Cortado - 2.35",6.55,CARD,7078861257136598
27/04/2025 16:43,Middlesbrough,Everett Kelley,Large Glass of milk - 1.10,1.1,CARD,3065716642901518
27/04/2025 16:45,Middlesbrough,Brett White,"Regular Glass of milk - 0.70, Large Iced latte - 2.85, Regular Cortado - 2.05, Large Chai latte - 2.60, Regular Iced latte - 2.35, Large Iced latte - 2.85",13.4,CASH,
27/04/2025 16:48,Middlesbrough,Eric Hardy,Large Iced latte - 2.85,2.85,CARD,1809620842527721
27/04/2025 16:50,Middlesbrough,Ashley Jackson,Regular Cortado - 2.05,2.05,CARD,5165248762584912
27/04/2025 16:53,Middlesbrough,Caitlin Curi,"Regular Glass of milk - 0.70, Large Iced latte - 2.85, Regular Cortado - 2.05",5.6,CASH,
27/04/2025 16:55,Middlesbrough,Mellisa Boyer,"Regular Glass of milk - 0.70, Regular Glass of milk - 0.70, Regular Glass of milk - 0.70, Regular Speciality Tea - Fruit - 1.30",3.4,CARD,8469435362184616
27/04/2025 16:58,Middlesbrough,Dylan Stapler,"Large Cortado - 2.35, Large Speciality Tea - Fruit - 1.60, Large Speciality Tea - Fruit - 1.60",5.55,CARD,7712418741934280
