27/04/2025 08:00,Newcastle upon Tyne,Hazel Ham,Regular Speciality Tea - Camomile - 1.30,1.3,CASH,
27/04/2025 08:01,Newcastle upon Tyne,Bennett Salazar,"Regular Americano - 1.95, Large Speciality Tea - Camomile - 1.60",3.55,CARD,4012806661133220
27/04/2025 08:02,Newcastle upon Tyne,Micheal Eisenman,"Large Smoothies - Glowing Greens - 2.50, Regular Smoothies - Glowing Greens - 2.00, Regular Iced latte - 2.35",6.85,CARD,7548792086851566
27/04/2025 08:03,Newcastle upon Tyne,Evelyn Devoe,"Regular Americano - 1.95, Regular Smoothies - Glowing Greens - 2.00, Large Smoothies - Glowing Greens - 2.50, Large Americano - 2.25, Large Americano - 2.25, Regular Speciality Tea - English breakfast - 1.30",12.25,CARD,3650309425965506
27/04/2025 08:04,Newcastle upon Tyne,Ruth Cano,"Regular Speciality Tea - Camomile - 1.30, Large Smoothies - Glowing Greens - 2.50, Regular Speciality Tea - Camomile - 1.30, Regular Smoothies - Glowing Greens - 2.00, Regular Smoothies - Glowing Greens - 2.00",9.1,CARD,4942503660093857
27/04/2025 08:06,Newcastle upon Tyne,Thomas Taylor,Regular Speciality Tea - Camomile - 1.30,1.3,CARD,7866737746077010
27/04/2025 08:07,Newcastle upon Tyne,Quinn Walker,"Regular Americano - 1.95, Large Speciality Tea - English breakfast - 1.60, Regular Speciality Tea - Camomile - 1.30, Regular Americano - 1.95, Regular Americano - 1.95, Regular Speciality Tea - Camomile - 1.30",10.05,CARD,4509588603865946
27/04/2025 08:08,Newcastle upon Tyne,Wade Roland,"Regular Smoothies - Glowing Greens - 2.00, Regular Smoothies - Glowing Greens - 2.00",4.0,CARD,2329666755105454
27/04/2025 08:09,Newcastle upon Tyne,Janine Hunt,"Large Americano - 2.25, Regular Speciality Tea - Camomile - 1.30, Regular Speciality Tea - English breakfast - 1.30, Large Speciality Tea - English breakfast - 1.60, Large Speciality Tea - English breakfast - 1.60",8.05,CASH,
27/04/2025 08:10,Newcastle upon Tyne,Edna Seals,"Regular Americano - 1.95, Regular Americano - 1.95, Regular Speciality Tea - Camomile - 1.30, Large Americano - 2.25, Regular Speciality Tea - Camomile - 1.30",8.75,CARD,7398085911368373
27/04/2025 08:12,Newcastle upon Tyne,Lala Hampton,"Regular Speciality Tea - Camomile - 1.30, Regular Iced latte - 2.35, Large Speciality Tea - Camomile - 1.60",5.25,CASH,
27/04/2025 08:13,Newcastle upon Tyne,Caroline Nunnenkamp,"Large Speciality Tea - English breakfast - 1.60, Large Speciality Tea - Camomile - 1.60, Regular Iced latte - 2.35",5.55,CARD,6755824019849807
27/04/2025 08:14,Newcastle upon Tyne,Teresa Mueller,"Large Smoothies - Glowing Greens - 2.50, Large Speciality Tea - Camomile - 1.60",4.1,CASH,
27/04/2025 08:15,Newcastle upon Tyne,Louise Davis,"Large Speciality Tea - English breakfast - 1.60, Large Americano - 2.25",3.85,CASH,
27/04/2025 08:17,Newcastle upon Tyne,Horace Davis,Large Iced latte - 2.85,2.85,CARD,1086597274804971
27/04/2025 08:18,Newcastle upon Tyne,Shirley Mayo,"Regular Speciality Tea - Camomile - 1.30, Regular Smoothies - Glowing Greens - 2.00, Large Americano - 2.25",5.55,CARD,8086235171740090
27/04/2025 08:19,Newcastle upon Tyne,Scott Francis,"Large Americano - 2.25, Large Speciality Tea - Camomile - 1.60",3.85,CARD,9629983153593898
27/04/2025 08:20,Newcastle upon Tyne,Clifton Ek,"Large Americano - 2.25, Large Americano - 2.25, Regular Americano - 1.95, Large Speciality Tea - English breakfast - 1.60",8.05,CASH,
27/04/2025 08:21,Newcastle upon Tyne,William Davis,Regular Speciality Tea - English breakfast - 1.30,1.3,CASH,
27/04/2025 08:23,Newcastle upon Tyne,Vernon Smith,"Large Speciality Tea - English breakfast - 1.60, Regular Speciality Tea - Camomile - 1.30, Large Iced latte - 2.85",5.75,CARD,6354322511325419
27/04/2025 08:24,Newcastle upon Tyne,Shawna Reuter,"Regular Speciality Tea - Camomile - 1.30, Large Iced latte - 2.85, Large Smoothies - Glowing Greens - 2.50",6.65,CARD,1608884443257409
27/04/2025 08:25,Newcastle upon Tyne,Barbara Rodriguez,Large Speciality Tea - English breakfast - 1.60,1.6,CARD,7657291700767904
27/04/2025 08:26,Newcastle upon Tyne,Willie Godfrey,"Large Speciality Tea - Camomile - 1.60, Regular Americano - 1.95, Regular Speciality Tea - English breakfast - 1.30",4.85,CARD,6770277185685444
27/04/2025 08:27,Newcastle upon Tyne,Mary Demarais,"Large Iced latte - 2.85, Regular Speciality Tea - English breakfast - 1.30, Large Speciality Tea - Camomile - 1.60, Regular Speciality Tea - Camomile - 1.30",7.05,CARD,1533536807641566
27/04/2025 08:29,Newcastle upon Tyne,Ricky Hayes,"Regular Smoothies - Glowing Greens - 2.00, Regular Iced latte - 2.35, Regular Americano - 1.95",6.3,CARD,6339485547519373
27/04/2025 08:30,Newcastle upon Tyne,Barbara King,Large Iced latte - 2.85,2.85,CASH,
27/04/2025 08:31,Newcastle upon Tyne,Howard Ogden,"Large Iced latte - 2.85, Large Smoothies - Glowing Greens - 2.50",5.35,CASH,
27/04/2025 08:32,Newcastle upon Tyne,Derek Criss,"Large Speciality Tea - Camomile - 1.60, Regular Speciality Tea - English breakfast - 1.30, Large Americano - 2.25, Regular Iced latte - 2.35, Regular Iced latte - 2.35",9.85,CARD,3650033526043751
27/04/2025 08:34,Newcastle upon Tyne,Jeanette Coe,"Regular Speciality Tea - Camomile - 1.30, Regular Iced latte - 2.35",3.65,CARD,1948013063113772
27/04/2025 08:35,Newcastle upon Tyne,Everett Zickefoose,"Large Smoothies - Glowing Greens - 2.50, Regular Smoothies - Glowing Greens - 2.00, Large Smoothies - Glowing Greens - 2.50, Large Smoothies - Glowing Greens - 2.50, Regular Speciality Tea - Camomile - 1.30, Regular Speciality Tea - English breakfast - 1.30",12.1,CARD,1279308267692574
27/04/2025 08:36,Newcastle upon Tyne,Thomas Morton,"Regular Smoothies - Glowing Greens - 2.00, Large Speciality Tea - Camomile - 1.60",3.6,CARD,6329249983752281
27/04/2025 08:37,Newcastle upon Tyne,Martha Aldridge,"Regular Americano - 1.95, Large Smoothies - Glowing Greens - 2.50, Large Americano - 2.25, Regular Speciality Tea - English breakfast - 1.30",8.0,CARD,7331201879522452
27/04/2025 08:38,Newcastle upon Tyne,Rufina Burton,"Large Iced latte - 2.85, Large Iced latte - 2.85, Large Iced latte - 2.85, Large Americano - 2.25, Regular Speciality Tea - Camomile - 1.30, Large Americano - 2.25",14.35,CASH,
27/04/2025 08:40,Newcastle upon Tyne,Pamela Shockley,Regular Americano - 1.95,1.95,CARD,6879274283871479
27/04/2025 08:41,Newcastle upon Tyne,Francisco Murphy,"Regular Americano - 1.95, Regular Speciality Tea - Camomile - 1.30, Regular Speciality Tea - Camomile - 1.30, Regular Iced latte - 2.35, Large Smoothies - Glowing Greens - 2.50",9.4,CARD,4691024735518065
27/04/2025 08:42,Newcastle upon Tyne,Charlene Gear,"Regular Speciality Tea - English breakfast - 1.30, Regular Smoothies - Glowing Greens - 2.00, Regular Smoothies - Glowing Greens - 2.00, Large Smoothies - Glowing Greens - 2.50",7.8,CARD,1695943584497473
27/04/2025 08:43,Newcastle upon Tyne,Alfredo Lima,"Large Smoothies - Glowing Greens - 2.50, Regular Speciality Tea - Camomile - 1.30, Large Americano - 2.25",6.05,CARD,7571431145973497
27/04/2025 08:45,Newcastle upon Tyne,Michael Baoloy,"Large Speciality Tea - Camomile - 1.60, Regular Iced latte - 2.35",3.95,CARD,9949481300882445
27/04/2025 08:46,Newcastle upon Tyne,Angela Harms,Large Americano - 2.25,2.25,CASH,
27/04/2025 08:47,Newcastle upon Tyne,Deloris Hunter,"Large Iced latte - 2.85, Regular Iced latte - 2.35",5.2,CARD,8702810798739951
27/04/2025 08:48,Newcastle upon Tyne,Jamie Harmon,"Large Speciality Tea - Camomile - 1.60, Regular Smoothies - Glowing Greens - 2.00",3.6,CARD,2708541435636882
27/04/2025 08:49,Newcastle upon Tyne,Archie Gallegos,"Large Iced latte - 2.85, Regular Speciality Tea - Camomile - 1.30",4.15,CASH,
27/04/2025 08:51,Newcastle upon Tyne,Wendy Mcclellan,"Regular Americano - 1.95, Large Americano - 2.25",4.2,CARD,8020975903427160
27/04/2025 08:52,Newcastle upon Tyne,Hazel Limberg,"Regular Smoothies - Glowing Greens - 2.00, Large Speciality Tea - English breakfast - 1.60, Large Iced latte - 2.85, Regular Iced latte - 2.35",8.8,CASH,
27/04/2025 08:53,Newcastle upon Tyne,Elbert Smith,Regular Speciality Tea - Camomile - 1.30,1.3,CARD,2509378134598914
27/04/2025 08:54,Newcastle upon Tyne,Joseph Johnson,Large Iced latte - 2.85,2.85,CASH,
27/04/2025 08:55,Newcastle upon Tyne,James Fowler,"Large Iced latte - 2.85, Large Smoothies - Glowing Greens - 2.50, Large Speciality Tea - Camomile - 1.60, Regular Americano - 1.95",8.9,CARD,2883214339065284
27/04/2025 08:57,Newcastle upon Tyne,Roger Barton,"Large Smoothies - Glowing Greens - 2.50, Large Speciality Tea - Camomile - 1.60",4.1,CARD,6036496680795523
27/04/2025 08:58,Newcastle upon Tyne,Melissa Doyle,Large Iced latte - 2.85,2.85,CARD,9456314466573365
27/04/2025 08:59,Newcastle upon Tyne,Elizabeth Burdette,"Regular Speciality Tea - English breakfast - 1.30, Large Iced latte - 2.85",4.15,CASH,
27/04/2025 09:00,Newcastle upon Tyne,Jessie Johnson,"Regular Smoothies - Glowing Greens - 2.00, Regular Speciality Tea - Camomile - 1.30, Large Americano - 2.25",5.55,CARD,6235989378781469
27/04/2025 09:01,Newcastle upon Tyne,Kaye Martinez,Large Speciality Tea - Camomile - 1.60,1.6,CASH,
27/04/2025 09:02,Newcastle upon Tyne,David Kitchen,"Large Speciality Tea - Camomile - 1.60, Regular Iced latte - 2.35",3.95,CARD,5141382098352342
27/04/2025 09:03,Newcastle upon Tyne,Luz Davison,"Large Americano - 2.25, Large Iced latte - 2.85",5.1,CARD,3773974807113116
27/04/2025 09:04,Newcastle upon Tyne,Roy Mitchell,"Regular Smoothies - Glowing Greens - 2.00, Regular Americano - 1.95",3.95,CASH,
27/04/2025 09:05,Newcastle upon Tyne,James Billings,"Large Iced latte - 2.85, Large Speciality Tea - English breakfast - 1.60, Regular Americano - 1.95",6.4,CARD,3042710414212682
27/04/2025 09:06,Newcastle upon Tyne,Louis Genther,"Large Americano - 2.25, Regular Smoothies - Glowing Greens - 2.00, Regular Americano - 1.95, Regular Speciality Tea - English breakfast - 1.30",7.5,CARD,3344821091740765
27/04/2025 09:07,Newcastle upon Tyne,James Weinhold,"Large Speciality Tea - Camomile - 1.60, Regular Iced latte - 2.35, Large Speciality Tea - English breakfast - 1.60, Regular Americano - 1.95, Large Americano - 2.25, Large Speciality Tea - English breakfast - 1.60",11.35,CARD,9125030693715853
27/04/2025 09:08,Newcastle upon Tyne,Mercedes Kale,"Large Americano - 2.25, Regular Smoothies - Glowing Greens - 2.00, Regular Speciality Tea - Camomile - 1.30, Large Iced latte - 2.85, Large Speciality Tea - Camomile - 1.60, Regular Smoothies - Glowing Greens - 2.00",12.0,CARD,2896885545397027
27/04/2025 09:09,Newcastle upon Tyne,Laura Sims,"Large Speciality Tea - Camomile - 1.60, Large Americano - 2.25, Large Speciality Tea - Camomile - 1.60, Large Speciality Tea - English breakfast - 1.60",7.05,CASH,
27/04/2025 09:11,Newcastle upon Tyne,Virginia Grant,Regular Iced latte - 2.35,2.35,CASH,
27/04/2025 09:12,Newcastle upon Tyne,Richard Griffin,Large Speciality Tea - Camomile - 1.60,1.6,CASH,
27/04/2025 09:13,Newcastle upon Tyne,Beatrice Battle,"Large Smoothies - Glowing Greens - 2.50, Large Americano - 2.25, Large Speciality Tea - Camomile - 1.60",6.35,CARD,9673733710030795
27/04/2025 09:14,Newcastle upon Tyne,Peter Ellis,"Large Americano - 2.25, Regular Iced latte - 2.35, Large Smoothies - Glowing Greens - 2.50",7.1,CASH,
27/04/2025 09:15,Newcastle upon Tyne,Jeremy Wheeler,Large Iced latte - 2.85,2.85,CARD,2230452720021507
27/04/2025 09:16,Newcastle upon Tyne,Robbin Stouffer,"Regular Smoothies - Glowing Greens - 2.00, Large Speciality Tea - English breakfast - 1.60, Regular Americano - 1.95, Regular Speciality Tea - Camomile - 1.30",6.85,CASH,
27/04/2025 09:17,Newcastle upon Tyne,Harlan Casey,Large Iced latte - 2.85,2.85,CARD,8634281023136444
27/04/2025 09:18,Newcastle upon Tyne,Sandra Saxton,"Regular Speciality Tea - English breakfast - 1.30, Regular Speciality Tea - Camomile - 1.30, Regular Speciality Tea - English breakfast - 1.30, Regular Smoothies - Glowing Greens - 2.00",5.9,CASH,
27/04/2025 09:19,Newcastle upon Tyne,Alexander Phelps,"Regular Americano - 1.95, Regular Smoothies - Glowing Greens - 2.00, Regular Iced latte - 2.35",6.3,CARD,8522392955155845
27/04/2025 09:20,Newcastle upon Tyne,Carl Marsh,"Large Speciality Tea - Camomile - 1.60, Large Iced latte - 2.85",4.45,CASH,
27/04/2025 09:21,Newcastle upon Tyne,Robert Noel,Large Speciality Tea - Camomile - 1.60,1.6,CASH,
27/04/2025 09:22,Newcastle upon Tyne,Doris Coutee,"Regular Speciality Tea - Camomile - 1.30, Regular Speciality Tea - English breakfast - 1.30",2.6,CARD,8253952303103517
27/04/2025 09:23,Newcastle upon Tyne,Misty Smith,"Large Americano - 2.25, Large Speciality Tea - English breakfast - 1.60",3.85,CARD,8138318829471414
27/04/2025 09:24,Newcastle upon Tyne,Ann Isbell,"Regular Smoothies - Glowing Greens - 2.00, Large Speciality Tea - Camomile - 1.60, Large Speciality Tea - Camomile - 1.60, Large Iced latte - 2.85, Regular Americano - 1.95",10.0,CARD,2726087066874280
27/04/2025 09:25,Newcastle upon Tyne,Norma Powell,"Large Speciality Tea - Camomile - 1.60, Regular Speciality Tea - English breakfast - 1.30, Large Americano - 2.25",5.15,CARD,5258561554020686
27/04/2025 09:26,Newcastle upon Tyne,Carl Blackwell,Large Speciality Tea - English breakfast - 1.60,1.6,CARD,9641875872675287
27/04/2025 09:27,Newcastle upon Tyne,Donald Day,"Regular Smoothies - Glowing Greens - 2.00, Regular Speciality Tea - Camomile - 1.30",3.3,CARD,8785186434417205
27/04/2025 09:28,Newcastle upon Tyne,Dorene Lovato,Large Speciality Tea - English breakfast - 1.60,1.6,CASH,
27/04/2025 09:29,Newcastle upon Tyne,Susan Talaga,"Regular Smoothies - Glowing Greens - 2.00, Regular Speciality Tea - English breakfast - 1.30, Regular Speciality Tea - Camomile - 1.30",4.6,CASH,
27/04/2025 09:30,Newcastle upon Tyne,Virginia Lindall,"Large Iced latte - 2.85, Large Speciality Tea - English breakfast - 1.60, Regular Smoothies - Glowing Greens - 2.00",6.45,CARD,7808623636464896
27/04/2025 09:31,Newcastle upon Tyne,Amanda Rohr,"Regular Speciality Tea - English breakfast - 1.30, Regular Speciality Tea - Camomile - 1.30, Large Smoothies - Glowing Greens - 2.50",5.1,CARD,1486906620686597
27/04/2025 09:32,Newcastle upon Tyne,Lloyd Kennon,Large Americano - 2.25,2.25,CARD,4712400750885135
27/04/2025 09:33,Newcastle upon Tyne,Adolph Caul,Regular Smoothies - Glowing Greens - 2.00,2.0,CARD,8746808592781943
27/04/2025 09:34,Newcastle upon Tyne,Ricky Reavis,Regular Americano - 1.95,1.95,CASH,
27/04/2025 09:35,Newcastle upon Tyne,Louise Greer,"Regular Speciality Tea - English breakfast - 1.30, Regular Speciality Tea - Camomile - 1.30, Regular Speciality Tea - English breakfast - 1.30, Large Iced latte - 2.85, Regular Speciality Tea - English breakfast - 1.30",8.05,CARD,4444059051871219
27/04/2025 09:36,Newcastle upon Tyne,Donna Scott,"Large Speciality Tea - Camomile - 1.60, Large Speciality Tea - English breakfast - 1.60, Large Americano - 2.25",5.45,CARD,8353628446047330
27/04/2025 09:37,Newcastle upon Tyne,Rachel Brown,"Regular Smoothies - Glowing Greens - 2.00, Regular Speciality Tea - English breakfast - 1.30, Large Speciality Tea - English breakfast - 1.60, Large Speciality Tea - Camomile - 1.60",6.5,CASH,
27/04/2025 09:38,Newcastle upon Tyne,Andy Cooper,"Regular Speciality Tea - Camomile - 1.30, Large Iced latte - 2.85",4.15,CARD,8368160323337332
27/04/2025 09:39,Newcastle upon Tyne,Jason Breeden,"Regular Smoothies - Glowing Greens - 2.00, Large Iced latte - 2.85, Large Speciality Tea - Camomile - 1.60, Large Smoothies - Glowing Greens - 2.50, Regular Smoothies - Glowing Greens - 2.00",10.95,CARD,5389815455741424
27/04/2025 09:40,Newcastle upon Tyne,Mary Yap,Regular Speciality Tea - Camomile - 1.30,1.3,CASH,
27/04/2025 09:41,Newcastle upon Tyne,Jerry Wentworth,Regular Speciality Tea - Camomile - 1.30,1.3,CARD,8653286103569925
27/04/2025 09:42,Newcastle upon Tyne,Michael Duke,"Large Speciality Tea - English breakfast - 1.60, Regular Americano - 1.95",3.55,CARD,4107401761749349
27/04/2025 09:43,Newcastle upon Tyne,Luz Brown,"Large Iced latte - 2.85, Regular Smoothies - Glowing Greens - 2.00, Large Speciality Tea - Camomile - 1.60, Regular Smoothies - Glowing Greens - 2.00",8.45,CARD,5850635484032110
27/04/2025 09:44,Newcastle upon Tyne,Leo Matteson,"Large Speciality Tea - Camomile - 1.60, Large Speciality Tea - Camomile - 1.60, Regular Iced latte - 2.35, Regular Iced latte - 2.35, Large Speciality Tea - Camomile - 1.60, Regular Americano - 1.95",11.45,CARD,7901934803037407
27/04/2025 09:45,Newcastle upon Tyne,Delores Garcia,"Regular Speciality Tea - Camomile - 1.30, Regular Americano - 1.95, Regular Smoothies - Glowing Greens - 2.00",5.25,CARD,5009762209125604
27/04/2025 09:46,Newcastle upon Tyne,Brittany Edwards,"Large Smoothies - Glowing Greens - 2.50, Large Iced latte - 2.85, Large Iced latte - 2.85, Regular Americano - 1.95",10.15,CARD,4017658575493189
27/04/2025 09:47,Newcastle upon Tyne,Charlotte Watson,Large Speciality Tea - English breakfast - 1.60,1.6,CARD,6076468034372459
27/04/2025 09:48,Newcastle upon Tyne,Julius Howard,"Large Speciality Tea - English breakfast - 1.60, Large Americano - 2.25, Regular Smoothies - Glowing Greens - 2.00",5.85,CASH,
27/04/2025 09:49,Newcastle upon Tyne,Denise Monroe,"Regular Speciality Tea - Camomile - 1.30, Large Smoothies - Glowing Greens - 2.50",3.8,CARD,3931392806039214
27/04/2025 09:50,Newcastle upon Tyne,Jerry Barden,"Large Iced latte - 2.85, Large Iced latte - 2.85, Regular Speciality Tea - English breakfast - 1.30, Regular Americano - 1.95, Large Smoothies - Glowing Greens - 2.50",11.45,CASH,
27/04/2025 09:51,Newcastle upon Tyne,Phillip Swaim,"Large Smoothies - Glowing Greens - 2.50, Regular Speciality Tea - English breakfast - 1.30",3.8,CARD,8949155687275597
27/04/2025 09:52,Newcastle upon Tyne,Claire Nanasy,"Regular Speciality Tea - Camomile - 1.30, Regular Americano - 1.95, Large Speciality Tea - Camomile - 1.60",4.85,CARD,6078883331501724
27/04/2025 09:53,Newcastle upon Tyne,Kathy Holder,"Large Smoothies - Glowing Greens - 2.50, Large Iced latte - 2.85, Large Americano - 2.25, Regular Americano - 1.95",9.55,CASH,
27/04/2025 09:54,Newcastle upon Tyne,Clarence Forsman,"Large Iced latte - 2.85, Large Americano - 2.25",5.1,CARD,8071344044715728
27/04/2025 09:55,Newcastle upon Tyne,John Harris,Regular Americano - 1.95,1.95,CASH,
27/04/2025 09:56,Newcastle upon Tyne,Anita Kirk,"Large Americano - 2.25, Regular Smoothies - Glowing Greens - 2.00",4.25,CASH,
27/04/2025 09:57,Newcastle upon Tyne,Louis Russell,"Large Smoothies - Glowing Greens - 2.50, Regular Americano - 1.95, Large Smoothies - Glowing Greens - 2.50, Large Speciality Tea - English breakfast - 1.60, Large Speciality Tea - Camomile - 1.60, Regular Speciality Tea - Camomile - 1.30",11.45,CASH,
27/04/2025 09:58,Newcastle upon Tyne,Carmen Savell,"Regular Smoothies - Glowing Greens - 2.00, Regular Smoothies - Glowing Greens - 2.00, Regular Americano - 1.95, Regular Smoothies - Glowing Greens - 2.00, Large Speciality Tea - Camomile - 1.60, Large Iced latte - 2.85",12.4,CARD,4824619043642499
27/04/2025 09:59,Newcastle upon Tyne,Donald Gamboa,"Large Iced latte - 2.85, Large Smoothies - Glowing Greens - 2.50, Large Smoothies - Glowing Greens - 2.50",7.85,CARD,6305445146938016
27/04/2025 10:00,Newcastle upon Tyne,Alan Greene,"Large Smoothies - Glowing Greens - 2.50, Regular Americano - 1.95, Regular Speciality Tea - Camomile - 1.30",5.75,CASH,
27/04/2025 10:02,Newcastle upon Tyne,Loretta Stillwagon,"Regular Americano - 1.95, Regular Americano - 1.95",3.9,CARD,9641991337617600
27/04/2025 10:04,Newcastle upon Tyne,Tina Esperanza,"Large Speciality Tea - Camomile - 1.60, Regular Americano - 1.95",3.55,CARD,7398414886039457
27/04/2025 10:05,Newcastle upon Tyne,Audrey Nagle,Regular Americano - 1.95,1.95,CARD,5677264894343355
27/04/2025 10:07,Newcastle upon Tyne,Gary Harriss,"Regular Smoothies - Glowing Greens - 2.00, Regular Smoothies - Glowing Greens - 2.00, Large Americano - 2.25",6.25,CARD,2393518599964041
27/04/2025 10:09,Newcastle upon Tyne,Willa Reyna,"Large Speciality Tea - Camomile - 1.60, Large Speciality Tea - English breakfast - 1.60, Regular Iced latte - 2.35, Regular Americano - 1.95",7.5,CARD,2315917110618491
27/04/2025 10:10,Newcastle upon Tyne,Christie Sears,"Regular Speciality Tea - Camomile - 1.30, Regular Speciality Tea - Camomile - 1.30, Large Smoothies - Glowing Greens - 2.50, Regular Americano - 1.95, Regular Speciality Tea - Camomile - 1.30",8.35,CARD,6567238152931806
27/04/2025 10:12,Newcastle upon Tyne,Steven Floyd,"Regular Speciality Tea - Camomile - 1.30, Large Smoothies - Glowing Greens - 2.50, Large Speciality Tea - English breakfast - 1.60, Regular Smoothies - Glowing Greens - 2.00, Large Smoothies - Glowing Greens - 2.50",9.9,CARD,4135723337598465
27/04/2025 10:14,Newcastle upon Tyne,Eugene Waites,Regular Smoothies - Glowing Greens - 2.00,2.0,CASH,
27/04/2025 10:15,Newcastle upon Tyne,James Sanchez,"Large Americano - 2.25, Regular Speciality Tea - Camomile - 1.30",3.55,CASH,
27/04/2025 10:17,Newcastle upon Tyne,Alma Park,"Regular Iced latte - 2.35, Large Speciality Tea - Camomile - 1.60",3.95,CARD,8208781795479292
27/04/2025 10:19,Newcastle upon Tyne,Anita Burt,"Large Smoothies - Glowing Greens - 2.50, Regular Americano - 1.95, Regular Speciality Tea - Camomile - 1.30, Regular Iced latte - 2.35, Large Speciality Tea - Camomile - 1.60",9.7,CARD,4836400411557694
27/04/2025 10:20,Newcastle upon Tyne,Keith Miera,Large Speciality Tea - Camomile - 1.60,1.6,CARD,9018303615905003
27/04/2025 10:22,Newcastle upon Tyne,Wayne Mowles,"Large Speciality Tea - Camomile - 1.60, Regular Smoothies - Glowing Greens - 2.00, Regular Speciality Tea - Camomile - 1.30",4.9,CASH,
27/04/2025 10:24,Newcastle upon Tyne,Delia Mancine,"Large Speciality Tea - English breakfast - 1.60, Large Speciality Tea - English breakfast - 1.60, Large Smoothies - Glowing Greens - 2.50, Large Iced latte - 2.85",8.55,CASH,
27/04/2025 10:25,Newcastle upon Tyne,Amie Rains,"Regular Iced latte - 2.35, Large Smoothies - Glowing Greens - 2.50, Large Iced latte - 2.85, Large Speciality Tea - Camomile - 1.60, Large Smoothies - Glowing Greens - 2.50, Regular Speciality Tea - Camomile - 1.30",13.1,CARD,3162022979825206
27/04/2025 10:27,Newcastle upon Tyne,Ann Smith,"Regular Speciality Tea - English breakfast - 1.30, Regular Speciality Tea - English breakfast - 1.30, Regular Americano - 1.95, Regular Iced latte - 2.35",6.9,CARD,2106160254822038
27/04/2025 10:29,Newcastle upon Tyne,Charles Tinkler,"Regular Speciality Tea - Camomile - 1.30, Regular Americano - 1.95, Regular Speciality Tea - Camomile - 1.30",4.55,CARD,9375260447602308
27/04/2025 10:30,Newcastle upon Tyne,Gertrude Urban,"Large Smoothies - Glowing Greens - 2.50, Regular Speciality Tea - English breakfast - 1.30, Regular Speciality Tea - English breakfast - 1.30, Regular Iced latte - 2.35",7.45,CARD,6287087092607213
27/04/2025 10:32,Newcastle upon Tyne,Carol Williams,Regular Americano - 1.95,1.95,CASH,
27/04/2025 10:34,Newcastle upon Tyne,Russell Turner,Regular Americano - 1.95,1.95,CASH,
27/04/2025 10:35,Newcastle upon Tyne,Catherine Whitfield,"Large Iced latte - 2.85, Regular Americano - 1.95",4.8,CARD,4265072053492920
27/04/2025 10:37,Newcastle upon Tyne,Adam Hines,Large Speciality Tea - Camomile - 1.60,1.6,CARD,7977668954431281
27/04/2025 10:39,Newcastle upon Tyne,Marcus Wenger,Regular Americano - 1.95,1.95,CARD,9462774631464754
27/04/2025 10:40,Newcastle upon Tyne,Mary Griggs,"Large Speciality Tea - English breakfast - 1.60, Regular Smoothies - Glowing Greens - 2.00, Large Smoothies - Glowing Greens - 2.50, Regular Speciality Tea - Camomile - 1.30",7.4,CARD,7250270883782770
27/04/2025 10:42,Newcastle upon Tyne,Paul Tovey,"Large Speciality Tea - Camomile - 1.60, Regular Americano - 1.95, Large Speciality Tea - Camomile - 1.60, Large Speciality Tea - Camomile - 1.60",6.75,CARD,3689755155913870
27/04/2025 10:44,Newcastle upon Tyne,Wayne Woolard,"Large Americano - 2.25, Large Speciality Tea - English breakfast - 1.60",3.85,CARD,1264639935500816
27/04/2025 10:45,Newcastle upon Tyne,Noble Marrero,Large Americano - 2.25,2.25,CASH,
27/04/2025 10:47,Newcastle upon Tyne,Michael Frye,Large Iced latte - 2.85,2.85,CARD,1833586496834951
27/04/2025 10:49,Newcastle upon Tyne,Ruth Lamoureux,"Large Americano - 2.25, Large Speciality Tea - English breakfast - 1.60, Regular Smoothies - Glowing Greens - 2.00",5.85,CARD,4259855483317819
27/04/2025 10:50,Newcastle upon Tyne,April Turpen,Regular Speciality Tea - Camomile - 1.30,1.3,CARD,9538880707967531
27/04/2025 10:52,Newcastle upon Tyne,Luella Wilson,"Large Speciality Tea - English breakfast - 1.60, Large Americano - 2.25, Large Speciality Tea - English breakfast - 1.60",5.45,CASH,
27/04/2025 10:54,Newcastle upon Tyne,Charles Cortez,"Regular Americano - 1.95, Regular Iced latte - 2.35, Regular Speciality Tea - English breakfast - 1.30",5.6,CARD,6801267049296030
27/04/2025 10:55,Newcastle upon Tyne,Melvin Reed,"Large Smoothies - Glowing Greens - 2.50, Large Speciality Tea - English breakfast - 1.60",4.1,CARD,4356186105544471
27/04/2025 10:57,Newcastle upon Tyne,Young Moss,"Large Smoothies - Glowing Greens - 2.50, Regular Smoothies - Glowing Greens - 2.00, Regular Americano - 1.95, Regular Americano - 1.95, Large Iced latte - 2.85, Regular Speciality Tea - Camomile - 1.30",12.55,CARD,4723930038733844
27/04/2025 10:59,Newcastle upon Tyne,Kenneth Mcmanus,"Large Iced latte - 2.85, Regular Americano - 1.95",4.8,CARD,6324234949482894
27/04/2025 11:00,Newcastle upon Tyne,Rebecca Torres,Regular Speciality Tea - Camomile - 1.30,1.3,CARD,2218928535065722
27/04/2025 11:05,Newcastle upon Tyne,Ella Johnson,Regular Iced latte - 2.35,2.35,CASH,
27/04/2025 11:10,Newcastle upon Tyne,Paola Cordero,"Regular Speciality Tea - English breakfast - 1.30, Large Speciality Tea - English breakfast - 1.60",2.9,CASH,
27/04/2025 11:15,Newcastle upon Tyne,Roger Larowe,"Large Iced latte - 2.85, Regular Iced latte - 2.35, Large Speciality Tea - Camomile - 1.60",6.8,CARD,2395628379374252
27/04/2025 11:20,Newcastle upon Tyne,Ammie Vaughn,Large Speciality Tea - Camomile - 1.60,1.6,CARD,4652812994600370
27/04/2025 11:25,Newcastle upon Tyne,Matthew Doss,"Large Iced latte - 2.85, Regular Americano - 1.95",4.8,CARD,1409900510056564
27/04/2025 11:30,Newcastle upon Tyne,Denise Martin,"Large Iced latte - 2.85, Regular Iced latte - 2.35",5.2,CARD,9909842682712842
27/04/2025 11:35,Newcastle upon Tyne,Assunta Chain,Large Iced latte - 2.85,2.85,CARD,4555884820863357
27/04/2025 11:40,Newcastle upon Tyne,Jeanne Jones,"Regular Speciality Tea - English breakfast - 1.30, Regular Speciality Tea - English breakfast - 1.30",2.6,CARD,2070953191819591
27/04/2025 11:45,Newcastle upon Tyne,Mickie Mahoney,"Regular Smoothies - Glowing Greens - 2.00, Large Speciality Tea - Camomile - 1.60, Large Iced latte - 2.85",6.45,CARD,2054162954280118
27/04/2025 11:50,Newcastle upon Tyne,Jason Jenkins,"Large Speciality Tea - Camomile - 1.60, Large Speciality Tea - Camomile - 1.60",3.2,CARD,4625506643445184
27/04/2025 11:55,Newcastle upon Tyne,Russell Walker,Large Smoothies - Glowing Greens - 2.50,2.5,CARD,6935527891252015
27/04/2025 12:00,Newcastle upon Tyne,Grace Clasen,"Regular Speciality Tea - English breakfast - 1.30, Large Smoothies - Glowing Greens - 2.50, Large Smoothies - Glowing Greens - 2.50",6.3,CARD,3904261143349237
27/04/2025 12:04,Newcastle upon Tyne,Andrew Mcnamara,"Large Smoothies - Glowing Greens - 2.50, Regular Iced latte - 2.35",4.85,CARD,5197374147036326
27/04/2025 12:08,Newcastle upon Tyne,Don Green,Regular Americano - 1.95,1.95,CARD,1073380312157824
27/04/2025 12:12,Newcastle upon Tyne,Leslie Balderrama,"Large Iced latte - 2.85, Regular Iced latte - 2.35, Large Smoothies - Glowing Greens - 2.50, Large Smoothies - Glowing Greens - 2.50, Regular Americano - 1.95",12.15,CARD,8661865995328256
27/04/2025 12:16,Newcastle upon Tyne,Robert Hernandez,"Large Smoothies - Glowing Greens - 2.50, Regular Iced latte - 2.35, Regular Smoothies - Glowing Greens - 2.00",6.85,CARD,4876925217469142
27/04/2025 12:20,Newcastle upon Tyne,Thomas Robinson,"Regular Americano - 1.95, Large Americano - 2.25, Large Speciality Tea - Camomile - 1.60",5.8,CARD,2300608503255330
27/04/2025 12:24,Newcastle upon Tyne,Brian Braun,"Large Speciality Tea - Camomile - 1.60, Regular Speciality Tea - Camomile - 1.30",2.9,CASH,
27/04/2025 12:28,Newcastle upon Tyne,John Schweitzer,"Large Iced latte - 2.85, Large Smoothies - Glowing Greens - 2.50, Regular Americano - 1.95, Regular Speciality Tea - Camomile - 1.30",8.6,CARD,9072710152352588
27/04/2025 12:32,Newcastle upon Tyne,Patricia Felder,Regular Speciality Tea - Camomile - 1.30,1.3,CASH,
27/04/2025 12:36,Newcastle upon Tyne,Chelsey Curry,Large Americano - 2.25,2.25,CASH,
27/04/2025 12:40,Newcastle upon Tyne,Beverly Gibson,"Large Americano - 2.25, Large Smoothies - Glowing Greens - 2.50",4.75,CARD,8452608529254424
27/04/2025 12:44,Newcastle upon Tyne,Lola Johnson,"Regular Speciality Tea - English breakfast - 1.30, Large Iced latte - 2.85, Regular Smoothies - Glowing Greens - 2.00, Large Americano - 2.25",8.4,CARD,6689011900158910
27/04/2025 12:48,Newcastle upon Tyne,Margaret Lawson,"Regular Americano - 1.95, Regular Iced latte - 2.35, Large Iced latte - 2.85, Large Speciality Tea - Camomile - 1.60",8.75,CARD,9691318471554944
27/04/2025 12:52,Newcastle upon Tyne,Thomas Grunau,Regular Americano - 1.95,1.95,CARD,8945664341951977
27/04/2025 12:56,Newcastle upon Tyne,Carl Mcfarland,"Regular Iced latte - 2.35, Large Iced latte - 2.85",5.2,CARD,2515227716940555
27/04/2025 13:00,Newcastle upon Tyne,Mary Thomas,Regular Iced latte - 2.35,2.35,CASH,
27/04/2025 13:02,Newcastle upon Tyne,Richard Bowman,Regular Speciality Tea - Camomile - 1.30,1.3,CARD,2380414566193500
27/04/2025 13:04,Newcastle upon Tyne,Herbert Legette,"Large Smoothies - Glowing Greens - 2.50, Large Smoothies - Glowing Greens - 2.50, Large Americano - 2.25",7.25,CARD,7448614578223496
27/04/2025 13:06,Newcastle upon Tyne,Richard Ramsey,Large Americano - 2.25,2.25,CASH,
27/04/2025 13:07,Newcastle upon Tyne,Marjorie Wilson,"Regular Smoothies - Glowing Greens - 2.00, Large Iced latte - 2.85",4.85,CARD,9122188426264766
27/04/2025 13:09,Newcastle upon Tyne,Cynthia Moore,Large Speciality Tea - Camomile - 1.60,1.6,CASH,
27/04/2025 13:11,Newcastle upon Tyne,Ben Pinson,"Regular Speciality Tea - Camomile - 1.30, Regular Iced latte - 2.35, Regular Smoothies - Glowing Greens - 2.00, Large Americano - 2.25, Regular Speciality Tea - English breakfast - 1.30, Regular Americano - 1.95",11.15,CARD,4152742256047204
27/04/2025 13:13,Newcastle upon Tyne,Maria Williams,Large Smoothies - Glowing Greens - 2.50,2.5,CASH,
27/04/2025 13:14,Newcastle upon Tyne,Rita Howell,Regular Speciality Tea - English breakfast - 1.30,1.3,CASH,
27/04/2025 13:16,Newcastle upon Tyne,Li Pham,"Large Iced latte - 2.85, Large Speciality Tea - Camomile - 1.60, Large Iced latte - 2.85",7.3,CASH,
27/04/2025 13:18,Newcastle upon Tyne,Michael Heffner,"Regular Speciality Tea - Camomile - 1.30, Large Americano - 2.25",3.55,CARD,6637566414924748
27/04/2025 13:20,Newcastle upon Tyne,Adam James,Regular Smoothies - Glowing Greens - 2.00,2.0,CARD,8146420619523867
27/04/2025 13:21,Newcastle upon Tyne,Debra Fielding,"Large Iced latte - 2.85, Regular Speciality Tea - Camomile - 1.30",4.15,CARD,9328073705413149
27/04/2025 13:23,Newcastle upon Tyne,Rene Patterson,"Large Smoothies - Glowing Greens - 2.50, Regular Speciality Tea - English breakfast - 1.30, Large Speciality Tea - Camomile - 1.60, Large Speciality Tea - Camomile - 1.60, Large Americano - 2.25",9.25,CASH,
27/04/2025 13:25,Newcastle upon Tyne,Stephen Cox,Large Speciality Tea - Camomile - 1.60,1.6,CASH,
27/04/2025 13:27,Newcastle upon Tyne,Willie Longoria,Large Speciality Tea - English breakfast - 1.60,1.6,CARD,2254928223136582
27/04/2025 13:28,Newcastle upon Tyne,Shawnda Juliana,"Large Speciality Tea - English breakfast - 1.60, Regular Americano - 1.95, Regular Speciality Tea - Camomile - 1.30",4.85,CARD,5412201685363283
27/04/2025 13:30,Newcastle upon Tyne,Elizabeth Johnson,"Regular Americano - 1.95, Large Smoothies - Glowing Greens - 2.50, Regular Americano - 1.95, Regular Americano - 1.95, Large Iced latte - 2.85",11.2,CARD,9750901233779941
27/04/2025 13:32,Newcastle upon Tyne,Bobbie Loyd,Large Smoothies - Glowing Greens - 2.50,2.5,CARD,7902282376813553
27/04/2025 13:34,Newcastle upon Tyne,Walker Dale,"Large Americano - 2.25, Regular Speciality Tea - English breakfast - 1.30, Large Speciality Tea - English breakfast - 1.60, Large Smoothies - Glowing Greens - 2.50",7.65,CARD,7093532246288609
27/04/2025 13:35,Newcastle upon Tyne,Ronald Collier,Regular Speciality Tea - Camomile - 1.30,1.3,CARD,1047566104661594
27/04/2025 13:37,Newcastle upon Tyne,Brian Gilliard,"Regular Iced latte - 2.35, Large Iced latte - 2.85, Large Speciality Tea - English breakfast - 1.60",6.8,CASH,
27/04/2025 13:39,Newcastle upon Tyne,Loretta Rusk,"Regular Speciality Tea - Camomile - 1.30, Large Speciality Tea - Camomile - 1.60, Regular Speciality Tea - Camomile - 1.30, Regular Smoothies - Glowing Greens - 2.00, Regular Speciality Tea - English breakfast - 1.30",7.5,CASH,
27/04/2025 13:41,Newcastle upon Tyne,Michael Smedley,Large Smoothies - Glowing Greens - 2.50,2.5,CARD,6684101837859979
27/04/2025 13:43,Newcastle upon Tyne,Jose Learn,"Large Speciality Tea - English breakfast - 1.60, Regular Iced latte - 2.35, Large Iced latte - 2.85, Large Iced latte - 2.85, Regular Smoothies - Glowing Greens - 2.00, Large Speciality Tea - English breakfast - 1.60",13.25,CARD,5874723784859872
27/04/2025 13:44,Newcastle upon Tyne,Ingrid Jones,"Large Iced latte - 2.85, Regular Speciality Tea - English breakfast - 1.30, Large Americano - 2.25, Regular Americano - 1.95, Regular Iced latte - 2.35, Regular Speciality Tea - English breakfast - 1.30",12.0,CARD,3806060336210661
27/04/2025 13:46,Newcastle upon Tyne,Rex Whisnant,"Large Smoothies - Glowing Greens - 2.50, Large Speciality Tea - Camomile - 1.60",4.1,CARD,6776307215553655
27/04/2025 13:48,Newcastle upon Tyne,Erika Wells,Large Speciality Tea - English breakfast - 1.60,1.6,CARD,7811917045475372
27/04/2025 13:50,Newcastle upon Tyne,James Davis,"Regular Speciality Tea - English breakfast - 1.30, Regular Speciality Tea - English breakfast - 1.30",2.6,CARD,6282952037247075
27/04/2025 13:51,Newcastle upon Tyne,Jared Diaz,"Large Smoothies - Glowing Greens - 2.50, Large Americano - 2.25, Large Iced latte - 2.85, Large Americano - 2.25",9.85,CARD,8554213713766541
27/04/2025 13:53,Newcastle upon Tyne,James Gardner,"Large Speciality Tea - Camomile - 1.60, Large Iced latte - 2.85, Large Smoothies - Glowing Greens - 2.50",6.95,CASH,
27/04/2025 13:55,Newcastle upon Tyne,Patrick Whitehead,"Regular Americano - 1.95, Large Speciality Tea - English breakfast - 1.60, Regular Smoothies - Glowing Greens - 2.00, Regular Speciality Tea - Camomile - 1.30",6.85,CARD,6149287584975654
27/04/2025 13:57,Newcastle upon Tyne,Jason Fox,"Large Speciality Tea - English breakfast - 1.60, Regular Speciality Tea - English breakfast - 1.30",2.9,CASH,
27/04/2025 13:58,Newcastle upon Tyne,Homer Burgett,Regular Smoothies - Glowing Greens - 2.00,2.0,CARD,6383778073855927
27/04/2025 14:00,Newcastle upon Tyne,Cindi Rios,"Large Smoothies - Glowing Greens - 2.50, Regular Speciality Tea - English breakfast - 1.30",3.8,CASH,
27/04/2025 14:02,Newcastle upon Tyne,Alberta Layne,"Large Speciality Tea - English breakfast - 1.60, Regular Speciality Tea - English breakfast - 1.30",2.9,CARD,7441039430672468
27/04/2025 14:04,Newcastle upon Tyne,Connie Ing,"Large Speciality Tea - English breakfast - 1.60, Regular Smoothies - Glowing Greens - 2.00",3.6,CASH,
27/04/2025 14:06,Newcastle upon Tyne,Mindy Peveto,"Large Smoothies - Glowing Greens - 2.50, Large Speciality Tea - Camomile - 1.60",4.1,CARD,7473814930689142
27/04/2025 14:08,Newcastle upon Tyne,Marie Akins,"Regular Iced latte - 2.35, Regular Americano - 1.95",4.3,CASH,
27/04/2025 14:10,Newcastle upon Tyne,Freddie Goodman,"Regular Speciality Tea - Camomile - 1.30, Regular Smoothies - Glowing Greens - 2.00, Large Americano - 2.25, Regular Americano - 1.95",7.5,CARD,4586677224934969
27/04/2025 14:12,Newcastle upon Tyne,Wanda Alvarado,"Regular Speciality Tea - Camomile - 1.30, Regular Americano - 1.95, Regular Americano - 1.95, Regular Speciality Tea - Camomile - 1.30, Regular Speciality Tea - English breakfast - 1.30, Regular Smoothies - Glowing Greens - 2.00",9.8,CARD,7107619275724157
27/04/2025 14:14,Newcastle upon Tyne,Joseph Krause,Regular Smoothies - Glowing Greens - 2.00,2.0,CARD,9462804162571405
27/04/2025 14:16,Newcastle upon Tyne,Melissa Gosnell,"Large Speciality Tea - Camomile - 1.60, Large Smoothies - Glowing Greens - 2.50",4.1,CASH,
27/04/2025 14:18,Newcastle upon Tyne,Tashia Burket,"Regular Iced latte - 2.35, Large Americano - 2.25, Regular Speciality Tea - English breakfast - 1.30, Regular Speciality Tea - Camomile - 1.30, Regular Speciality Tea - English breakfast - 1.30",8.5,CARD,7907352073216336
27/04/2025 14:19,Newcastle upon Tyne,Randy King,Regular Smoothies - Glowing Greens - 2.00,2.0,CARD,3769934911357910
27/04/2025 14:21,Newcastle upon Tyne,Melinda Anderson,Large Speciality Tea - Camomile - 1.60,1.6,CASH,
27/04/2025 14:23,Newcastle upon Tyne,Delia Curry,"Large Speciality Tea - Camomile - 1.60, Large Iced latte - 2.85, Large Smoothies - Glowing Greens - 2.50, Large Americano - 2.25, Regular Iced latte - 2.35, Large Speciality Tea - Camomile - 1.60",13.15,CARD,4084024366249528
27/04/2025 14:25,Newcastle upon Tyne,Christina Schuler,"Regular Iced latte - 2.35, Large Speciality Tea - English breakfast - 1.60, Regular Speciality Tea - English breakfast - 1.30",5.25,CASH,
27/04/2025 14:27,Newcastle upon Tyne,John Thao,"Large Speciality Tea - English breakfast - 1.60, Regular Speciality Tea - English breakfast - 1.30, Regular Smoothies - Glowing Greens - 2.00",4.9,CARD,9928785188490997
27/04/2025 14:29,Newcastle upon Tyne,Clayton Dennison,"Large Americano - 2.25, Large Smoothies - Glowing Greens - 2.50, Regular Iced latte - 2.35",7.1,CARD,2409262129746862
27/04/2025 14:31,Newcastle upon Tyne,Charlotte Melroy,Large Speciality Tea - Camomile - 1.60,1.6,CASH,
27/04/2025 14:33,Newcastle upon Tyne,Ada Murray,Large Speciality Tea - English breakfast - 1.60,1.6,CARD,1230168874050462
27/04/2025 14:35,Newcastle upon Tyne,Charles Pellot,"Regular Speciality Tea - Camomile - 1.30, Regular Speciality Tea - English breakfast - 1.30, Regular Speciality Tea - English breakfast - 1.30",3.9,CARD,4890171260846836
27/04/2025 14:37,Newcastle upon Tyne,Debra Turner,"Regular Iced latte - 2.35, Regular Iced latte - 2.35, Large Speciality Tea - English breakfast - 1.60, Regular Iced latte - 2.35",8.65,CASH,
27/04/2025 14:39,Newcastle upon Tyne,David Jones,"Large Speciality Tea - Camomile - 1.60, Regular Iced latte - 2.35, Regular Speciality Tea - English breakfast - 1.30",5.25,CASH,
27/04/2025 14:41,Newcastle upon Tyne,Daniel Perez,"Regular Speciality Tea - English breakfast - 1.30, Large Smoothies - Glowing Greens - 2.50, Large Americano - 2.25",6.05,CARD,6078290941621130
27/04/2025 14:43,Newcastle upon Tyne,Tatyana Ramos,"Regular Americano - 1.95, Large Americano - 2.25, Large Iced latte - 2.85",7.05,CARD,1497416146376644
27/04/2025 14:45,Newcastle upon Tyne,Jesse Osborne,Regular Speciality Tea - English breakfast - 1.30,1.3,CASH,
27/04/2025 14:47,Newcastle upon Tyne,Dorothy Lafave,Regular Speciality Tea - English breakfast - 1.30,1.3,CARD,2598705657323214
27/04/2025 14:48,Newcastle upon Tyne,Mary Johnson,"Large Americano - 2.25, Regular Smoothies - Glowing Greens - 2.00, Large Americano - 2.25, Regular Speciality Tea - English breakfast - 1.30",7.8,CARD,9963044103581803
27/04/2025 14:50,Newcastle upon Tyne,Edith Aris,"Regular Smoothies - Glowing Greens - 2.00, Large Iced latte - 2.85, Regular Iced latte - 2.35, Large Speciality Tea - English breakfast - 1.60, Large Smoothies - Glowing Greens - 2.50",11.3,CASH,
27/04/2025 14:52,Newcastle upon Tyne,Earl Vedovelli,"Large Speciality Tea - Camomile - 1.60, Regular Speciality Tea - English breakfast - 1.30, Regular Speciality Tea - Camomile - 1.30",4.2,CARD,6861588289920215
27/04/2025 14:54,Newcastle upon Tyne,William Mader,"Regular Americano - 1.95, Large Smoothies - Glowing Greens - 2.50",4.45,CASH,
27/04/2025 14:56,Newcastle upon Tyne,Carol Fitzgerald,"Regular Smoothies - Glowing Greens - 2.00, Large Speciality Tea - English breakfast - 1.60, Regular Speciality Tea - Camomile - 1.30, Large Speciality Tea - English breakfast - 1.60, Regular Speciality Tea - English breakfast - 1.30, Regular Speciality Tea - Camomile - 1.30",9.1,CARD,9211043781825015
27/04/2025 14:58,Newcastle upon Tyne,Victor Sweezer,Large Speciality Tea - Camomile - 1.60,1.6,CARD,3266733957772936
27/04/2025 15:00,Newcastle upon Tyne,Richard Martin,"Regular Americano - 1.95, Regular Speciality Tea - English breakfast - 1.30, Large Speciality Tea - Camomile - 1.60",4.85,CARD,2806712359095857
27/04/2025 15:02,Newcastle upon Tyne,Stacy Talbott,"Regular Speciality Tea - English breakfast - 1.30, Regular Smoothies - Glowing Greens - 2.00, Large Smoothies - Glowing Greens - 2.50, Regular Smoothies - Glowing Greens - 2.00",7.8,CASH,
27/04/2025 15:03,Newcastle upon Tyne,Christopher Fernandez,"Large Speciality Tea - English breakfast - 1.60, Large Iced latte - 2.85, Regular Speciality Tea - English breakfast - 1.30, Large Smoothies - Glowing Greens - 2.50",8.25,CARD,2656803263184962
27/04/2025 15:05,Newcastle upon Tyne,Joshua Haynes,Large Smoothies - Glowing Greens - 2.50,2.5,CARD,8107222406089594
27/04/2025 15:06,Newcastle upon Tyne,George Snyder,"Large Speciality Tea - Camomile - 1.60, Regular Speciality Tea - Camomile - 1.30, Regular Smoothies - Glowing Greens - 2.00, Regular Smoothies - Glowing Greens - 2.00",6.9,CARD,2009810056982894
27/04/2025 15:08,Newcastle upon Tyne,Antonio Gardner,"Large Speciality Tea - English breakfast - 1.60, Large Iced latte - 2.85",4.45,CARD,3408726777772607
27/04/2025 15:09,Newcastle upon Tyne,Ashley Wallace,Regular Speciality Tea - English breakfast - 1.30,1.3,CASH,
27/04/2025 15:11,Newcastle upon Tyne,Elizebeth Morrison,"Regular Iced latte - 2.35, Large Speciality Tea - English breakfast - 1.60",3.95,CARD,1628031320396107
27/04/2025 15:13,Newcastle upon Tyne,Ruby Moore,"Regular Smoothies - Glowing Greens - 2.00, Large Americano - 2.25, Regular Speciality Tea - Camomile - 1.30",5.55,CASH,
27/04/2025 15:14,Newcastle upon Tyne,George Hanscom,"Regular Smoothies - Glowing Greens - 2.00, Regular Speciality Tea - English breakfast - 1.30, Regular Americano - 1.95, Regular Smoothies - Glowing Greens - 2.00, Large Americano - 2.25",9.5,CARD,8031315068895215
27/04/2025 15:16,Newcastle upon Tyne,Jeremy Micucci,"Regular Smoothies - Glowing Greens - 2.00, Large Speciality Tea - English breakfast - 1.60, Large Iced latte - 2.85, Regular Iced latte - 2.35",8.8,CARD,5961870155723987
27/04/2025 15:17,Newcastle upon Tyne,Donald Sohre,Regular Americano - 1.95,1.95,CARD,9689649826076481
27/04/2025 15:19,Newcastle upon Tyne,Jeffrey Martin,"Regular Speciality Tea - English breakfast - 1.30, Regular Speciality Tea - Camomile - 1.30",2.6,CARD,8193208325233081
27/04/2025 15:20,Newcastle upon Tyne,Guy Williams,"Regular Smoothies - Glowing Greens - 2.00, Regular Speciality Tea - English breakfast - 1.30",3.3,CARD,2326457625185545
27/04/2025 15:22,Newcastle upon Tyne,Blair Ballentine,"Large Speciality Tea - English breakfast - 1.60, Large Iced latte - 2.85",4.45,CASH,
27/04/2025 15:24,Newcastle upon Tyne,Jonathan Humphries,"Large Iced latte - 2.85, Large Speciality Tea - Camomile - 1.60, Large Speciality Tea - Camomile - 1.60",6.05,CASH,
27/04/2025 15:25,Newcastle upon Tyne,Tamar Maynard,"Large Americano - 2.25, Large Speciality Tea - English breakfast - 1.60",3.85,CARD,2934161903547626
27/04/2025 15:27,Newcastle upon Tyne,Frances Bourgoin,"Regular Iced latte - 2.35, Large Iced latte - 2.85, Regular Americano - 1.95, Large Americano - 2.25",9.4,CARD,6089104689127516
27/04/2025 15:28,Newcastle upon Tyne,Glenda Lopez,"Regular Smoothies - Glowing Greens - 2.00, Regular Smoothies - Glowing Greens - 2.00, Large Speciality Tea - Camomile - 1.60",5.6,CARD,2444146236013834
27/04/2025 15:30,Newcastle upon Tyne,Michael Larmon,"Large Americano - 2.25, Large Speciality Tea - Camomile - 1.60",3.85,CASH,
27/04/2025 15:31,Newcastle upon Tyne,Cheryl Rosboril,Large Iced latte - 2.85,2.85,CARD,5137062121993195
27/04/2025 15:33,Newcastle upon Tyne,Brenda Jessen,"Large Smoothies - Glowing Greens - 2.50, Regular Speciality Tea - English breakfast - 1.30, Regular Smoothies - Glowing Greens - 2.00, Regular Americano - 1.95",7.75,CASH,
27/04/2025 15:35,Newcastle upon Tyne,Bradley Boor,Large Speciality Tea - English breakfast - 1.60,1.6,CARD,7857305820602793
27/04/2025 15:36,Newcastle upon Tyne,Gary Deininger,"Regular Speciality Tea - Camomile - 1.30, Regular Speciality Tea - English breakfast - 1.30, Regular Smoothies - Glowing Greens - 2.00",4.6,CASH,
27/04/2025 15:38,Newcastle upon Tyne,Manuel Hunter,"Large Americano - 2.25, Regular Speciality Tea - English breakfast - 1.30, Large Speciality Tea - Camomile - 1.60",5.15,CARD,1476056181760319
27/04/2025 15:39,Newcastle upon Tyne,Michael Cloud,"Large Smoothies - Glowing Greens - 2.50, Large Speciality Tea - English breakfast - 1.60",4.1,CARD,5247833229382297
27/04/2025 15:41,Newcastle upon Tyne,Debbie Wallace,"Large Speciality Tea - English breakfast - 1.60, Large Americano - 2.25, Regular Speciality Tea - Camomile - 1.30, Large Speciality Tea - Camomile - 1.60, Regular Speciality Tea - Camomile - 1.30, Regular Smoothies - Glowing Greens - 2.00",10.05,CARD,5917643649712775
27/04/2025 15:42,Newcastle upon Tyne,Roberta Wilkowitz,Large Speciality Tea - English breakfast - 1.60,1.6,CASH,
27/04/2025 15:44,Newcastle upon Tyne,Kenneth Hill,"Large Speciality Tea - English breakfast - 1.60, Large Smoothies - Glowing Greens - 2.50",4.1,CARD,6950074182210385
27/04/2025 15:45,Newcastle upon Tyne,Jimmy Stewart,Large Smoothies - Glowing Greens - 2.50,2.5,CARD,8723920075175239
27/04/2025 15:47,Newcastle upon Tyne,Brenda Boston,"Large Smoothies - Glowing Greens - 2.50, Large Speciality Tea - English breakfast - 1.60, Large Smoothies - Glowing Greens - 2.50, Regular Iced latte - 2.35, Regular Iced latte - 2.35",11.3,CASH,
27/04/2025 15:49,Newcastle upon Tyne,Angela Kempf,"Large Speciality Tea - English breakfast - 1.60, Large Americano - 2.25, Large Speciality Tea - Camomile - 1.60, Regular Iced latte - 2.35, Regular Speciality Tea - Camomile - 1.30",9.1,CASH,
27/04/2025 15:50,Newcastle upon Tyne,Davida Carr,"Large Smoothies - Glowing Greens - 2.50, Large Speciality Tea - Camomile - 1.60, Large Smoothies - Glowing Greens - 2.50, Regular Speciality Tea - English breakfast - 1.30",7.9,CARD,9720346561408498
27/04/2025 15:52,Newcastle upon Tyne,Ernestine Johnston,"Large Speciality Tea - Camomile - 1.60, Large Iced latte - 2.85",4.45,CASH,
27/04/2025 15:53,Newcastle upon Tyne,Michael Stanton,"Large Speciality Tea - English breakfast - 1.60, Regular Smoothies - Glowing Greens - 2.00",3.6,CASH,
27/04/2025 15:55,Newcastle upon Tyne,Thomas Carr,"Large Iced latte - 2.85, Regular Americano - 1.95, Regular Speciality Tea - English breakfast - 1.30",6.1,CASH,
27/04/2025 15:56,Newcastle upon Tyne,Charles Davis,"Regular Speciality Tea - English breakfast - 1.30, Large Smoothies - Glowing Greens - 2.50, Large Smoothies - Glowing Greens - 2.50, Regular Americano - 1.95",8.25,CASH,
27/04/2025 15:58,Newcastle upon Tyne,Delores Holland,"Large Iced latte - 2.85, Regular Americano - 1.95, Regular Speciality Tea - Camomile - 1.30, Large Americano - 2.25, Large Speciality Tea - Camomile - 1.60",9.95,CASH,
27/04/2025 16:00,Newcastle upon Tyne,Bobby Kemppainen,"Regular Americano - 1.95, Regular Americano - 1.95",3.9,CARD,3551556759622476
27/04/2025 16:01,Newcastle upon Tyne,Katie Strickland,"Large Speciality Tea - Camomile - 1.60, Regular Speciality Tea - Camomile - 1.30, Regular Speciality Tea - English breakfast - 1.30, Regular Americano - 1.95",6.15,CARD,1290526112317312
27/04/2025 16:03,Newcastle upon Tyne,Edward Portes,"Large Smoothies - Glowing Greens - 2.50, Large Smoothies - Glowing Greens - 2.50, Regular Speciality Tea - Camomile - 1.30, Large Smoothies - Glowing Greens - 2.50",8.8,CARD,7041454120406778
27/04/2025 16:05,Newcastle upon Tyne,Irene Hollister,"Regular Smoothies - Glowing Greens - 2.00, Regular Iced latte - 2.35, Large Speciality Tea - English breakfast - 1.60",5.95,CARD,8309587061799969
27/04/2025 16:07,Newcastle upon Tyne,Lorraine Taylor,"Regular Speciality Tea - English breakfast - 1.30, Large Iced latte - 2.85, Regular Speciality Tea - Camomile - 1.30, Regular Speciality Tea - Camomile - 1.30",6.75,CARD,1731509803583765
27/04/2025 16:09,Newcastle upon Tyne,Delores Mullins,"Large Iced latte - 2.85, Regular Smoothies - Glowing Greens - 2.00, Large Smoothies - Glowing Greens - 2.50, Regular Speciality Tea - English breakfast - 1.30",8.65,CARD,4390633068654389
27/04/2025 16:11,Newcastle upon Tyne,Jessica Jacobs,"Large Smoothies - Glowing Greens - 2.50, Large Speciality Tea - Camomile - 1.60, Large Iced latte - 2.85, Regular Americano - 1.95",8.9,CARD,6124823168449383
27/04/2025 16:13,Newcastle upon Tyne,George Lanius,"Regular Smoothies - Glowing Greens - 2.00, Large Speciality Tea - English breakfast - 1.60",3.6,CARD,1309389100428663
27/04/2025 16:15,Newcastle upon Tyne,Victor Mcguire,Large Speciality Tea - English breakfast - 1.60,1.6,CARD,7063789074753488
27/04/2025 16:16,Newcastle upon Tyne,Teresa Chandler,"Regular Speciality Tea - Camomile - 1.30, Regular Smoothies - Glowing Greens - 2.00",3.3,CASH,
27/04/2025 16:18,Newcastle upon Tyne,Earl Mabery,Large Speciality Tea - Camomile - 1.60,1.6,CARD,4322205429911329
27/04/2025 16:20,Newcastle upon Tyne,Donald Harmer,"Regular Smoothies - Glowing Greens - 2.00, Large Speciality Tea - Camomile - 1.60, Large Speciality Tea - English breakfast - 1.60",5.2,CARD,5943458566256826
27/04/2025 16:22,Newcastle upon Tyne,Joshua Telfer,"Large Americano - 2.25, Large Smoothies - Glowing Greens - 2.50, Large Speciality Tea - English breakfast - 1.60, Regular Iced latte - 2.35, Regular Speciality Tea - Camomile - 1.30, Regular Smoothies - Glowing Greens - 2.00",12.0,CASH,
27/04/2025 16:24,Newcastle upon Tyne,Joe Wright,"Large Speciality Tea - English breakfast - 1.60, Regular Speciality Tea - English breakfast - 1.30, Large Americano - 2.25",5.15,CASH,
27/04/2025 16:26,Newcastle upon Tyne,James Howard,"Regular Speciality Tea - Camomile - 1.30, Large Americano - 2.25, Large Americano - 2.25",5.8,CARD,5259188063415933
27/04/2025 16:28,Newcastle upon Tyne,Helen Derego,"Large Americano - 2.25, Regular Speciality Tea - Camomile - 1.30, Large Speciality Tea - Camomile - 1.60, Large Smoothies - Glowing Greens - 2.50",7.65,CASH,
27/04/2025 16:29,Newcastle upon Tyne,Eric Hammer,Regular Smoothies - Glowing Greens - 2.00,2.0,CARD,9739770354782078
27/04/2025 16:31,Newcastle upon Tyne,Mattie Blackwell,"Regular Iced latte - 2.35, Large Speciality Tea - Camomile - 1.60, Regular Iced latte - 2.35, Large Americano - 2.25",8.55,CARD,3409072341357675
27/04/2025 16:33,Newcastle upon Tyne,Jerry Furst,"Regular Iced latte - 2.35, Regular Iced latte - 2.35",4.7,CARD,8560291314584866
27/04/2025 16:35,Newcastle upon Tyne,Donald Triplett,"Regular Americano - 1.95, Regular Iced latte - 2.35",4.3,CARD,5498102601063183
27/04/2025 16:37,Newcastle upon Tyne,Lorraine Shank,"Large Americano - 2.25, Large Speciality Tea - Camomile - 1.60, Regular Iced latte - 2.35",6.2,CASH,
27/04/2025 16:39,Newcastle upon Tyne,Nancy Morris,"Large Speciality Tea - Camomile - 1.60, Regular Iced latte - 2.35, Large Iced latte - 2.85, Large Speciality Tea - English breakfast - 1.60",8.4,CARD,5936732093980377
27/04/2025 16:41,Newcastle upon Tyne,Brianne Griffin,"Large Iced latte - 2.85, Large Iced latte - 2.85",5.7,CARD,3145954913715714
27/04/2025 16:43,Newcastle upon Tyne,Teri Hussain,Regular Speciality Tea - Camomile - 1.30,1.3,CARD,2194491823762860
27/04/2025 16:44,Newcastle upon Tyne,William Haines,Regular Speciality Tea - Camomile - 1.30,1.3,CARD,4790594586969063
27/04/2025 16:46,Newcastle upon Tyne,Jacquelyn Mattera,"Regular Smoothies - Glowing Greens - 2.00, Regular Americano - 1.95",3.95,CASH,
27/04/2025 16:48,Newcastle upon Tyne,Dorothy Mcfarland,"Large Iced latte - 2.85, Regular Iced latte - 2.35",5.2,CASH,
27/04/2025 16:50,Newcastle upon Tyne,Jennifer Bailey,Regular Iced latte - 2.35,2.35,CASH,
27/04/2025 16:52,Newcastle upon Tyne,Richard Dow,"Regular Iced latte - 2.35, Regular Speciality Tea - Camomile - 1.30, Regular Speciality Tea - Camomile - 1.30, Regular Smoothies - Glowing Greens - 2.00, Regular Smoothies - Glowing Greens - 2.00, Large Smoothies - Glowing Greens - 2.50",11.45,CARD,4398011617691515
27/04/2025 16:54,Newcastle upon Tyne,Laura Kutner,"Large Smoothies - Glowing Greens - 2.50, Large Speciality Tea - English breakfast - 1.60, Regular Speciality Tea - English breakfast - 1.30",5.4,CARD,9212261542072473
27/04/2025 16:56,Newcastle upon Tyne,Joe Dixon,"Large Speciality Tea - Camomile - 1.60, Large Smoothies - Glowing Greens - 2.50",4.1,CASH,
27/04/2025 16:57,Newcastle upon Tyne,Gertrude Stevens,Large Smoothies - Glowing Greens - 2.50,2.5,CASH,
27/04/2025 16:59,Newcastle upon Tyne,Donald Wiley,"Regular Iced latte - 2.35, Regular Americano - 1.95, Large Speciality Tea - Camomile - 1.60",5.9,CASH,
27/04/2025 17:01,Newcastle upon Tyne,Olivia Bastian,Large Americano - 2.25,2.25,CARD,6692035449391326
27/04/2025 17:03,Newcastle upon Tyne,Phyllis Gusman,"Regular Speciality Tea - English breakfast - 1.30, Large Smoothies - Glowing Greens - 2.50",3.8,CARD,3293569974268379
27/04/2025 17:05,Newcastle upon Tyne,Bertha Rivero,"Regular Speciality Tea - English breakfast - 1.30, Large Smoothies - Glowing Greens - 2.50, Regular Iced latte - 2.35, Regular Speciality Tea - Camomile - 1.30, Regular Speciality Tea - English breakfast - 1.30",8.75,CARD,6423345366351382
27/04/2025 17:08,Newcastle upon Tyne,Thomas Chaplin,"Large Smoothies - Glowing Greens - 2.50, Large Speciality Tea - Camomile - 1.60, Regular Speciality Tea - Camomile - 1.30, Regular Americano - 1.95, Large Speciality Tea - Camomile - 1.60",8.95,CARD,7670763276758831
27/04/2025 17:10,Newcastle upon Tyne,Michael Warwick,"Large Smoothies - Glowing Greens - 2.50, Large Americano - 2.25, Large Speciality Tea - English breakfast - 1.60, Large Speciality Tea - Camomile - 1.60",7.95,CASH,
27/04/2025 17:12,Newcastle upon Tyne,James Whitchurch,"Large Smoothies - Glowing Greens - 2.50, Large Smoothies - Glowing Greens - 2.50",5.0,CASH,
27/04/2025 17:14,Newcastle upon Tyne,Joseph Francis,"Large Speciality Tea - Camomile - 1.60, Regular Smoothies - Glowing Greens - 2.00",3.6,CARD,2669450496113307
27/04/2025 17:16,Newcastle upon Tyne,Elizabeth Polzin,Regular Iced latte - 2.35,2.35,CARD,6589418777326066
27/04/2025 17:18,Newcastle upon Tyne,Steve Green,"Large Smoothies - Glowing Greens - 2.50, Regular Americano - 1.95, Regular Speciality Tea - Camomile - 1.30",5.75,CARD,2219416066853143
27/04/2025 17:20,Newcastle upon Tyne,Angela Perry,Regular Smoothies - Glowing Greens - 2.00,2.0,CASH,
27/04/2025 17:23,Newcastle upon Tyne,Robert Guerra,"Large Iced latte - 2.85, Regular Smoothies - Glowing Greens - 2.00, Regular Iced latte - 2.35",7.2,CARD,5046027675471854
27/04/2025 17:25,Newcastle upon Tyne,Brenda Rego,"Large Speciality Tea - English breakfast - 1.60, Large Speciality Tea - Camomile - 1.60, Large Americano - 2.25, Regular Americano - 1.95, Regular Speciality Tea - Camomile - 1.30",8.7,CARD,3756844596137277
27/04/2025 17:27,Newcastle upon Tyne,Jacqueline Austin,"Large Smoothies - Glowing Greens - 2.50, Regular Iced latte - 2.35, Regular Americano - 1.95",6.8,CARD,9717329885678872
27/04/2025 17:29,Newcastle upon Tyne,Georgia Diaz,"Large Speciality Tea - Camomile - 1.60, Large Speciality Tea - Camomile - 1.60, Regular Smoothies - Glowing Greens - 2.00",5.2,CARD,9651960335171832
27/04/2025 17:31,Newcastle upon Tyne,Albert Johnson,"Large Americano - 2.25, Large Iced latte - 2.85, Regular Speciality Tea - English breakfast - 1.30, Regular Americano - 1.95",8.35,CARD,1133421349581077
27/04/2025 17:33,Newcastle upon Tyne,Roger Young,"Regular Smoothies - Glowing Greens - 2.00, Large Speciality Tea - Camomile - 1.60",3.6,CASH,
27/04/2025 17:35,Newcastle upon Tyne,James Beauchesne,Regular Speciality Tea - Camomile - 1.30,1.3,CARD,3630301990482986
27/04/2025 17:37,Newcastle upon Tyne,Lois Wilbanks,"Regular Speciality Tea - English breakfast - 1.30, Large Americano - 2.25, Large Smoothies - Glowing Greens - 2.50",6.05,CARD,8404972037102371
27/04/2025 17:40,Newcastle upon Tyne,Neal Martin,"Regular Iced latte - 2.35, Large Speciality Tea - Camomile - 1.60, Regular Americano - 1.95",5.9,CARD,5334494742841774
27/04/2025 17:42,Newcastle upon Tyne,John Hankins,Regular Iced latte - 2.35,2.35,CARD,4236895870933930
27/04/2025 17:44,Newcastle upon Tyne,Dorothy Powell,"Regular Americano - 1.95, Large Speciality Tea - Camomile - 1.60, Large Iced latte - 2.85",6.4,CARD,8960724890815957
27/04/2025 17:46,Newcastle upon Tyne,Mac Salzmann,"Large Iced latte - 2.85, Regular Speciality Tea - English breakfast - 1.30",4.15,CASH,
27/04/2025 17:48,Newcastle upon Tyne,Lawrence Morrison,"Large Speciality Tea - English breakfast - 1.60, Large Smoothies - Glowing Greens - 2.50, Regular Smoothies - Glowing Greens - 2.00, Regular Americano - 1.95",8.05,CASH,
27/04/2025 17:50,Newcastle upon Tyne,Jason Washington,"Regular Smoothies - Glowing Greens - 2.00, Regular Americano - 1.95, Regular Speciality Tea - Camomile - 1.30",5.25,CASH,
27/04/2025 17:52,Newcastle upon Tyne,Martha Ly,"Large Americano - 2.25, Regular Iced latte - 2.35, Regular Americano - 1.95, Large Americano - 2.25",8.8,CARD,7348187316103538
27/04/2025 17:55,Newcastle upon Tyne,Angelo Cantrell,"Regular Americano - 1.95, Regular Speciality Tea - English breakfast - 1.30, Large Speciality Tea - English breakfast - 1.60, Large Speciality Tea - English breakfast - 1.60",6.45,CASH,
27/04/2025 17:57,Newcastle upon Tyne,Michele Oliver,"Regular Smoothies - Glowing Greens - 2.00, Regular Americano - 1.95, Large Smoothies - Glowing Greens - 2.50, Regular Smoothies - Glowing Greens - 2.00, Large Americano - 2.25",10.7,CARD,4150556825679411
27/04/2025 17:59,Newcastle upon Tyne,Verna Ingles,"Large Iced latte - 2.85, Regular Speciality Tea - English breakfast - 1.30",4.15,CARD,8697925664194648
27/04/2025 18:01,Newcastle upon Tyne,Francis Holliday,Large Americano - 2.25,2.25,CASH,
27/04/2025 18:04,Newcastle upon Tyne,John Wada,Large Americano - 2.25,2.25,CARD,1511594051006584
27/04/2025 18:06,Newcastle upon Tyne,Edwin Barker,"Large Smoothies - Glowing Greens - 2.50, Regular Smoothies - Glowing Greens - 2.00, Regular Americano - 1.95, Regular Speciality Tea - English breakfast - 1.30",7.75,CARD,2401106421399791
27/04/2025 18:09,Newcastle upon Tyne,Alvin Taylor,"Large Americano - 2.25, Large Speciality Tea - Camomile - 1.60",3.85,CARD,3550423267667528
27/04/2025 18:11,Newcastle upon Tyne,Michael Quivers,"Regular Smoothies - Glowing Greens - 2.00, Large Americano - 2.25, Large Speciality Tea - English breakfast - 1.60, Large Iced latte - 2.85",8.7,CASH,
27/04/2025 18:14,Newcastle upon Tyne,Laura Matesic,"Regular Speciality Tea - English breakfast - 1.30, Large Speciality Tea - English breakfast - 1.60",2.9,CARD,9817653645231960
27/04/2025 18:17,Newcastle upon Tyne,Lynda Orabuena,"Regular Speciality Tea - English breakfast - 1.30, Large Americano - 2.25, Regular Americano - 1.95, Regular Americano - 1.95, Regular Smoothies - Glowing Greens - 2.00, Regular Iced latte - 2.35",11.8,CASH,
27/04/2025 18:19,Newcastle upon Tyne,Robert Roberts,"Regular Americano - 1.95, Regular Speciality Tea - English breakfast - 1.30, Regular Smoothies - Glowing Greens - 2.00, Regular Smoothies - Glowing Greens - 2.00",7.25,CARD,4673545413487111
27/04/2025 18:22,Newcastle upon Tyne,Kayla Hileman,Regular Americano - 1.95,1.95,CARD,4937465831763472
27/04/2025 18:24,Newcastle upon Tyne,Leslie Mcnish,"Large Iced latte - 2.85, Large Speciality Tea - English breakfast - 1.60, Regular Speciality Tea - Camomile - 1.30, Large Smoothies - Glowing Greens - 2.50, Regular Iced latte - 2.35",10.6,CARD,9476233103950012
27/04/2025 18:27,Newcastle upon Tyne,Taryn Dailey,"Large Speciality Tea - Camomile - 1.60, Large Americano - 2.25, Regular Speciality Tea - English breakfast - 1.30, Regular Iced latte - 2.35, Large Iced latte - 2.85, Large Smoothies - Glowing Greens - 2.50",12.85,CARD,7563746670677746
27/04/2025 18:30,Newcastle upon Tyne,Debra Metcalf,"Regular Iced latte - 2.35, Large Speciality Tea - English breakfast - 1.60, Large Iced latte - 2.85, Regular Speciality Tea - English breakfast - 1.30, Regular Speciality Tea - English breakfast - 1.30",9.4,CASH,
27/04/2025 18:32,Newcastle upon Tyne,Vera Lundquist,"Regular Speciality Tea - Camomile - 1.30, Regular Speciality Tea - Camomile - 1.30",2.6,CASH,
27/04/2025 18:35,Newcastle upon Tyne,Deanna Smisek,"Large Speciality Tea - English breakfast - 1.60, Regular Speciality Tea - English breakfast - 1.30",2.9,CARD,7779116987586667
27/04/2025 18:37,Newcastle upon Tyne,Bill Malec,"Large Speciality Tea - Camomile - 1.60, Regular Smoothies - Glowing Greens - 2.00, Large Speciality Tea - Camomile - 1.60",5.2,CARD,3105953984609435
27/04/2025 18:40,Newcastle upon Tyne,Kizzy Santiago,Large Americano - 2.25,2.25,CASH,
27/04/2025 18:43,Newcastle upon Tyne,Carl Breeding,Large Smoothies - Glowing Greens - 2.50,2.5,CARD,8344975437585392
27/04/2025 18:45,Newcastle upon Tyne,Karen Stpierre,"Large Speciality Tea - Camomile - 1.60, Regular Americano - 1.95",3.55,CARD,3224268250436069
27/04/2025 18:48,Newcastle upon Tyne,Michael Land,Large Americano - 2.25,2.25,CARD,4650080027801061
27/04/2025 18:50,Newcastle upon Tyne,Robert Witham,"Large Speciality Tea - Camomile - 1.60, Regular Smoothies - Glowing Greens - 2.00, Regular Smoothies - Glowing Greens - 2.00, Regular Smoothies - Glowing Greens - 2.00, Regular Smoothies - Glowing Greens - 2.00",9.6,CARD,8138339847086032
27/04/2025 18:53,Newcastle upon Tyne,Tonya Reed,"Regular Speciality Tea - English breakfast - 1.30, Regular Smoothies - Glowing Greens - 2.00, Large Speciality Tea - Camomile - 1.60, Regular Iced latte - 2.35",7.25,CASH,
27/04/2025 18:56,Newcastle upon Tyne,Shelba Musgrove,"Large Speciality Tea - Camomile - 1.60, Large Iced latte - 2.85",4.45,CASH,
27/04/2025 18:58,Newcastle upon Tyne,Mary Gaytan,"Regular Americano - 1.95, Large Speciality Tea - Camomile - 1.60, Regular Iced latte - 2.35",5.9,CARD,9176630910263175
27/04/2025 19:01,Newcastle upon Tyne,Marie Cyr,"Regular Speciality Tea - Camomile - 1.30, Regular Speciality Tea - English breakfast - 1.30, Large Speciality Tea - Camomile - 1.60, Regular Smoothies - Glowing Greens - 2.00, Regular Americano - 1.95",8.15,CARD,3349475540431059
27/04/2025 19:05,Newcastle upon Tyne,Fred Mathews,"Large Speciality Tea - English breakfast - 1.60, Large Speciality Tea - Camomile - 1.60, Large Iced latte - 2.85, Regular Iced latte - 2.35, Regular Smoothies - Glowing Greens - 2.00",10.4,CASH,
27/04/2025 19:10,Newcastle upon Tyne,Michael White,"Regular Iced latte - 2.35, Large Speciality Tea - Camomile - 1.60",3.95,CARD,4753816643646195
27/04/2025 19:15,Newcastle upon Tyne,Zane Sims,"Regular Smoothies - Glowing Greens - 2.00, Large Smoothies - Glowing Greens - 2.50, Large Speciality Tea - English breakfast - 1.60",6.1,CARD,4348163211407062
27/04/2025 19:19,Newcastle upon Tyne,Rosa Clark,"Large Iced latte - 2.85, Large Speciality Tea - English breakfast - 1.60, Large Speciality Tea - English breakfast - 1.60, Large Speciality Tea - English breakfast - 1.60, Large Speciality Tea - English breakfast - 1.60, Regular Iced latte - 2.35",11.6,CASH,
27/04/2025 19:24,Newcastle upon Tyne,Matthew Hartford,Large Speciality Tea - English breakfast - 1.60,1.6,CARD,1852470904240517
27/04/2025 19:28,Newcastle upon Tyne,Josephine Alderman,Large Speciality Tea - Camomile - 1.60,1.6,CARD,5265786399637099
27/04/2025 19:33,Newcastle upon Tyne,Jimmie Harris,Large Smoothies - Glowing Greens - 2.50,2.5,CARD,5244115338227286
27/04/2025 19:38,Newcastle upon Tyne,Larry Russo,"Large Americano - 2.25, Large Iced latte - 2.85, Regular Americano - 1.95",7.05,CASH,
27/04/2025 19:42,Newcastle upon Tyne,Christian May,"Regular Iced latte - 2.35, Large Speciality Tea - English breakfast - 1.60, Regular Speciality Tea - English breakfast - 1.30, Large Smoothies - Glowing Greens - 2.50, Regular Americano - 1.95",9.7,CASH,
27/04/2025 19:47,Newcastle upon Tyne,Louis Peppard,"Regular Smoothies - Glowing Greens - 2.00, Large Smoothies - Glowing Greens - 2.50, Large Iced latte - 2.85, Large Iced latte - 2.85",10.2,CASH,
27/04/2025 19:51,Newcastle upon Tyne,Richard Castagna,"Regular Speciality Tea - Camomile - 1.30, Large Iced latte - 2.85, Large Smoothies - Glowing Greens - 2.50",6.65,CARD,9512789050470339
27/04/2025 19:56,Newcastle upon Tyne,Elliott Wilkinson,"Large Smoothies - Glowing Greens - 2.50, Regular Smoothies - Glowing Greens - 2.00, Large Iced latte - 2.85, Regular Smoothies - Glowing Greens - 2.00, Large Americano - 2.25",11.6,CASH,
27/04/2025 20:01,Newcastle upon Tyne,Diana Gonzales,"Large Smoothies - Glowing Greens - 2.50, Large Speciality Tea - Camomile - 1.60, Large Smoothies - Glowing Greens - 2.50",6.6,CARD,6799430280039441
27/04/2025 20:05,Newcastle upon Tyne,Marguerite Laflamme,"Large Speciality Tea - Camomile - 1.60, Large Iced latte - 2.85",4.45,CARD,2561249104466228
27/04/2025 20:09,Newcastle upon Tyne,Beatrice White,"Large Americano - 2.25, Large Smoothies - Glowing Greens - 2.50, Regular Iced latte - 2.35",7.1,CARD,2695134692081127
27/04/2025 20:14,Newcastle upon Tyne,Ivan Simmons,"Regular Iced latte - 2.35, Large Smoothies - Glowing Greens - 2.50, Large Smoothies - Glowing Greens - 2.50",7.35,CASH,
27/04/2025 20:18,Newcastle upon Tyne,James Cronin,"Regular Speciality Tea - English breakfast - 1.30, Large Smoothies - Glowing Greens - 2.50",3.8,CARD,1821031395838923
27/04/2025 20:22,Newcastle upon Tyne,Annabelle Lentz,"Large Speciality Tea - Camomile - 1.60, Regular Smoothies - Glowing Greens - 2.00, Large Speciality Tea - English breakfast - 1.60, Large Americano - 2.25",7.45,CASH,
27/04/2025 20:26,Newcastle upon Tyne,James Brown,Regular Americano - 1.95,1.95,CASH,
27/04/2025 20:31,Newcastle upon Tyne,Joseph Steinharter,"Large Iced latte - 2.85, Regular Speciality Tea - Camomile - 1.30, Regular Speciality Tea - Camomile - 1.30",5.45,CARD,1837631887933735
27/04/2025 20:35,Newcastle upon Tyne,Lillian Horstman,Regular Smoothies - Glowing Greens - 2.00,2.0,CARD,4645081729603908
27/04/2025 20:39,Newcastle upon Tyne,Christine Gregory,"Large Americano - 2.25, Large Smoothies - Glowing Greens - 2.50, Large Americano - 2.25, Large Iced latte - 2.85, Regular Speciality Tea - English breakfast - 1.30",11.15,CASH,
27/04/2025 20:44,Newcastle upon Tyne,Katrina Krum,"Regular Americano - 1.95, Regular Smoothies - Glowing Greens - 2.00, Regular Smoothies - Glowing Greens - 2.00",5.95,CARD,3859200751265100
27/04/2025 20:48,Newcastle upon Tyne,Ali Holmes,"Regular Iced latte - 2.35, Regular Iced latte - 2.35, Regular Americano - 1.95, Regular Speciality Tea - English breakfast - 1.30",7.95,CASH,
27/04/2025 20:52,Newcastle upon Tyne,Mary Chick,"Large Speciality Tea - English breakfast - 1.60, Large Speciality Tea - Camomile - 1.60",3.2,CASH,
27/04/2025 20:56,Newcastle upon Tyne,Anna Novak,"Regular Iced latte - 2.35, Regular Speciality Tea - Camomile - 1.30, Regular Smoothies - Glowing Greens - 2.00, Regular Iced latte - 2.35",8.0,CASH,
