27/04/2025 09:00,Nottingham,Marian Johnson,"Regular Flavoured iced latte - Caramel - 2.75, Large Speciality Tea - Peppermint - 1.60, Large Flavoured iced latte - Caramel - 3.25, Regular Flavoured iced latte - Caramel - 2.75, Regular Flavoured iced latte - Caramel - 2.75",13.1,CASH,
27/04/2025 09:03,Nottingham,Robert Nesbit,Regular Flavoured iced latte - Caramel - 2.75,2.75,CARD,5002192238061390
27/04/2025 09:07,Nottingham,Susan Swineford,Regular Espresso - 1.50,1.5,CASH,
27/04/2025 09:11,Nottingham,Kelly Alexander,Regular Flavoured iced latte - Caramel - 2.75,2.75,CARD,4202524790596535
27/04/2025 09:15,Nottingham,Gail Walthall,"Large Flavoured iced latte - Caramel - 3.25, Large Speciality Tea - Peppermint - 1.60, Regular Flavoured iced latte - Caramel - 2.75, Regular Espresso - 1.50",9.1,CARD,2839940074797249
27/04/2025 09:18,Nottingham,Guadalupe Chua,"Regular Espresso - 1.50, Large Speciality Tea - Peppermint - 1.60",3.1,CASH,
27/04/2025 09:22,Nottingham,Janet Veve,"Regular Flavoured iced latte - Caramel - 2.75, Large Espresso - 1.80, Large Espresso - 1.80, Regular Flavoured iced latte - Caramel - 2.75, Large Flavoured iced latte - Caramel - 3.25",12.35,CASH,
27/04/2025 09:26,Nottingham,Christine Price,"Large Flavoured iced latte - Caramel - 3.25, Large Flavoured iced latte - Caramel - 3.25",6.5,CASH,
27/04/2025 09:30,Nottingham,Lynette Dondero,"Large Espresso - 1.80, Large Flavoured iced latte - Caramel - 3.25, Large Espresso - 1.80, Large Flavoured iced latte - Caramel - 3.25, Regular Espresso - 1.50",11.6,CARD,4883202959248068
27/04/2025 09:33,Nottingham,Jennifer Sites,Large Espresso - 1.80,1.8,CARD,2534036519825029
27/04/2025 09:37,Nottingham,Robert Halladay,"Large Flavoured iced latte - Caramel - 3.25, Large Espresso - 1.80, Large Espresso - 1.80, Large Espresso - 1.80",8.65,CARD,4674972569070957
27/04/2025 09:41,Nottingham,Sarah Curry,"Regular Speciality Tea - Peppermint - 1.30, Regular Speciality Tea - Peppermint - 1.30, Large Espresso - 1.80, Large Espresso - 1.80",6.2,CARD,8863460261462790
27/04/2025 09:45,Nottingham,Gussie Griffin,Regular Speciality Tea - Peppermint - 1.30,1.3,CARD,7279825206606480
27/04/2025 09:48,Nottingham,Stephanie Tindol,Large Espresso - 1.80,1.8,CARD,3364899074253038
27/04/2025 09:52,Nottingham,Stephanie Arrington,"Regular Espresso - 1.50, Regular Espresso - 1.50",3.0,CASH,
27/04/2025 09:56,Nottingham,Michael Smith,"Large Flavoured iced latte - Caramel - 3.25, Regular Speciality Tea - Peppermint - 1.30, Regular Flavoured iced latte - Caramel - 2.75, Large Espresso - 1.80, Large Espresso - 1.80, Large Flavoured iced latte - Caramel - 3.25",14.15,CARD,8812942824561411
27/04/2025 10:00,Nottingham,Bertha Swallow,"Regular Speciality Tea - Peppermint - 1.30, Large Espresso - 1.80",3.1,CARD,3364921649225068
27/04/2025 10:01,Nottingham,Louise Evans,"Regular Espresso - 1.50, Large Flavoured iced latte - Caramel - 3.25, Large Speciality Tea - Peppermint - 1.60, Regular Flavoured iced latte - Caramel - 2.75",9.1,CARD,1396203640888972
27/04/2025 10:03,Nottingham,Walter Mcmullen,"Regular Speciality Tea - Peppermint - 1.30, Regular Espresso - 1.50",2.8,CASH,
27/04/2025 10:05,Nottingham,Joyce Tran,"Large Speciality Tea - Peppermint - 1.60, Large Espresso - 1.80, Regular Espresso - 1.50, Regular Flavoured iced latte - Caramel - 2.75, Large Flavoured iced latte - Caramel - 3.25",10.9,CASH,
27/04/2025 10:07,Nottingham,Tony Lindell,Regular Espresso - 1.50,1.5,CARD,5218232182967759
27/04/2025 10:09,Nottingham,Sandra Valles,"Regular Espresso - 1.50, Regular Espresso - 1.50",3.0,CASH,
27/04/2025 10:11,Nottingham,Kelli Bennett,"Regular Flavoured iced latte - Caramel - 2.75, Regular Flavoured iced latte - Caramel - 2.75, Large Flavoured iced latte - Caramel - 3.25, Large Speciality Tea - Peppermint - 1.60",10.35,CARD,8836985770009928
27/04/2025 10:13,Nottingham,John Graves,"Regular Espresso - 1.50, Large Speciality Tea - Peppermint - 1.60, Large Flavoured iced latte - Caramel - 3.25, Large Speciality Tea - Peppermint - 1.60, Regular Flavoured iced latte - Caramel - 2.75, Large Speciality Tea - Peppermint - 1.60",12.3,CARD,8864177502551762
27/04/2025 10:14,Nottingham,James Brady,"Large Espresso - 1.80, Regular Flavoured iced latte - Caramel - 2.75, Large Espresso - 1.80, Large Espresso - 1.80, Large Speciality Tea - Peppermint - 1.60, Regular Espresso - 1.50",11.25,CARD,4115115759017319
27/04/2025 10:16,Nottingham,Lorna Lyell,"Large Flavoured iced latte - Caramel - 3.25, Regular Flavoured iced latte - Caramel - 2.75",6.0,CARD,6239061544444842
27/04/2025 10:18,Nottingham,See Klein,"Large Speciality Tea - Peppermint - 1.60, Large Flavoured iced latte - Caramel - 3.25, Regular Speciality Tea - Peppermint - 1.30",6.15,CARD,3046789843373079
27/04/2025 10:20,Nottingham,John Hernandez,"Large Espresso - 1.80, Regular Flavoured iced latte - Caramel - 2.75",4.55,CARD,6829715000327846
27/04/2025 10:22,Nottingham,Martha Hoskins,Large Speciality Tea - Peppermint - 1.60,1.6,CARD,9041602367332201
27/04/2025 10:24,Nottingham,Mary Moye,"Regular Flavoured iced latte - Caramel - 2.75, Large Espresso - 1.80",4.55,CARD,7827744564090540
27/04/2025 10:26,Nottingham,Irene Franko,"Large Flavoured iced latte - Caramel - 3.25, Regular Espresso - 1.50, Large Espresso - 1.80",6.55,CARD,2834621968805481
27/04/2025 10:28,Nottingham,Jackie Webb,"Large Espresso - 1.80, Large Flavoured iced latte - Caramel - 3.25, Large Flavoured iced latte - Caramel - 3.25, Regular Flavoured iced latte - Caramel - 2.75, Regular Espresso - 1.50, Regular Speciality Tea - Peppermint - 1.30",13.85,CARD,2758467320973564
27/04/2025 10:29,Nottingham,David Brown,"Regular Espresso - 1.50, Large Speciality Tea - Peppermint - 1.60, Regular Flavoured iced latte - Caramel - 2.75, Large Speciality Tea - Peppermint - 1.60, Regular Espresso - 1.50",8.95,CASH,
27/04/2025 10:31,Nottingham,Mary Smith,"Regular Speciality Tea - Peppermint - 1.30, Large Speciality Tea - Peppermint - 1.60, Regular Flavoured iced latte - Caramel - 2.75, Regular Espresso - 1.50, Large Espresso - 1.80",8.95,CASH,
27/04/2025 10:33,Nottingham,Mark Dukes,"Regular Flavoured iced latte - Caramel - 2.75, Regular Espresso - 1.50, Regular Speciality Tea - Peppermint - 1.30",5.55,CARD,5044746984990655
27/04/2025 10:35,Nottingham,Edward Stubbs,"Regular Espresso - 1.50, Regular Espresso - 1.50, Regular Flavoured iced latte - Caramel - 2.75, Large Espresso - 1.80, Large Espresso - 1.80",9.35,CARD,4849733659236248
27/04/2025 10:37,Nottingham,Mathew Higbee,"Large Espresso - 1.80, Regular Espresso - 1.50, Regular Espresso - 1.50, Regular Flavoured iced latte - Caramel - 2.75",7.55,CASH,
27/04/2025 10:39,Nottingham,Sonia Rangel,Regular Espresso - 1.50,1.5,CARD,3842242742432553
27/04/2025 10:41,Nottingham,Melvin Mcnealy,"Large Speciality Tea - Peppermint - 1.60, Large Espresso - 1.80, Regular Speciality Tea - Peppermint - 1.30",4.7,CARD,9256382179624582
27/04/2025 10:42,Nottingham,Henry Day,"Regular Speciality Tea - Peppermint - 1.30, Regular Espresso - 1.50",2.8,CARD,3751482809889198
27/04/2025 10:44,Nottingham,Mark Cargill,Large Espresso - 1.80,1.8,CARD,5343284735181624
27/04/2025 10:46,Nottingham,Melvin Hall,"Regular Speciality Tea - Peppermint - 1.30, Large Speciality Tea - Peppermint - 1.60",2.9,CARD,6418180295780132
27/04/2025 10:48,Nottingham,Elizabeth Faulk,"Regular Flavoured iced latte - Caramel - 2.75, Large Espresso - 1.80, Large Speciality Tea - Peppermint - 1.60",6.15,CARD,1233625390611230
27/04/2025 10:50,Nottingham,Ruth Verity,Large Speciality Tea - Peppermint - 1.60,1.6,CARD,5024660451035921
27/04/2025 10:52,Nottingham,Loraine Corea,"Large Espresso - 1.80, Regular Flavoured iced latte - Caramel - 2.75",4.55,CARD,6956205808344640
27/04/2025 10:54,Nottingham,Karen Smith,"Regular Flavoured iced latte - Caramel - 2.75, Regular Speciality Tea - Peppermint - 1.30, Large Flavoured iced latte - Caramel - 3.25",7.3,CARD,2298042411565491
27/04/2025 10:56,Nottingham,Samantha Gattis,"Regular Flavoured iced latte - Caramel - 2.75, Large Flavoured iced latte - Caramel - 3.25",6.0,CASH,
27/04/2025 10:57,Nottingham,David Hutton,"Large Speciality Tea - Peppermint - 1.60, Large Espresso - 1.80, Regular Espresso - 1.50, Regular Espresso - 1.50",6.4,CARD,3777435614075688
27/04/2025 10:59,Nottingham,Beverly Logan,Regular Speciality Tea - Peppermint - 1.30,1.3,CARD,1595953080111886
27/04/2025 11:01,Nottingham,Agnes Cunningham,"Large Speciality Tea - Peppermint - 1.60, Regular Espresso - 1.50, Large Speciality Tea - Peppermint - 1.60",4.7,CARD,8695199846974605
27/04/2025 11:03,Nottingham,Jo Coomer,Regular Flavoured iced latte - Caramel - 2.75,2.75,CASH,
27/04/2025 11:05,Nottingham,Jose Torrez,Regular Flavoured iced latte - Caramel - 2.75,2.75,CASH,
27/04/2025 11:08,Nottingham,Raymond Taylor,"Regular Flavoured iced latte - Caramel - 2.75, Large Espresso - 1.80, Regular Flavoured iced latte - Caramel - 2.75, Large Espresso - 1.80, Large Flavoured iced latte - Caramel - 3.25",12.35,CARD,3182966831595699
27/04/2025 11:10,Nottingham,Bobby Walton,"Large Espresso - 1.80, Large Espresso - 1.80, Regular Speciality Tea - Peppermint - 1.30, Regular Flavoured iced latte - Caramel - 2.75, Large Flavoured iced latte - Caramel - 3.25",10.9,CASH,
27/04/2025 11:12,Nottingham,Brian Mayfield,"Large Speciality Tea - Peppermint - 1.60, Regular Flavoured iced latte - Caramel - 2.75",4.35,CASH,
27/04/2025 11:14,Nottingham,Jacquelyn Jensen,"Regular Espresso - 1.50, Large Speciality Tea - Peppermint - 1.60, Regular Espresso - 1.50, Regular Flavoured iced latte - Caramel - 2.75",7.35,CASH,
27/04/2025 11:16,Nottingham,Max Murray,"Regular Espresso - 1.50, Regular Espresso - 1.50, Regular Speciality Tea - Peppermint - 1.30, Regular Speciality Tea - Peppermint - 1.30, Regular Espresso - 1.50",7.1,CASH,
27/04/2025 11:18,Nottingham,Clarissa Gilbert,"Regular Flavoured iced latte - Caramel - 2.75, Regular Flavoured iced latte - Caramel - 2.75, Large Speciality Tea - Peppermint - 1.60",7.1,CARD,3471190815366144
27/04/2025 11:20,Nottingham,Cecelia Warnick,Regular Speciality Tea - Peppermint - 1.30,1.3,CARD,6893312502143838
27/04/2025 11:22,Nottingham,Elizabeth Klena,"Regular Speciality Tea - Peppermint - 1.30, Large Flavoured iced latte - Caramel - 3.25, Regular Speciality Tea - Peppermint - 1.30, Regular Flavoured iced latte - Caramel - 2.75",8.6,CASH,
27/04/2025 11:25,Nottingham,George Ziegler,Regular Flavoured iced latte - Caramel - 2.75,2.75,CASH,
27/04/2025 11:27,Nottingham,Alicia Maya,"Regular Speciality Tea - Peppermint - 1.30, Regular Speciality Tea - Peppermint - 1.30, Regular Flavoured iced latte - Caramel - 2.75, Large Speciality Tea - Peppermint - 1.60, Regular Espresso - 1.50",8.45,CARD,4249145377325173
27/04/2025 11:29,Nottingham,Patrick Stewart,"Regular Flavoured iced latte - Caramel - 2.75, Large Flavoured iced latte - Caramel - 3.25",6.0,CASH,
27/04/2025 11:31,Nottingham,Hector Mcbee,"Regular Espresso - 1.50, Regular Flavoured iced latte - Caramel - 2.75, Regular Speciality Tea - Peppermint - 1.30, Large Espresso - 1.80, Large Flavoured iced latte - Caramel - 3.25",10.6,CARD,7351023081324369
27/04/2025 11:33,Nottingham,Robert Estes,"Large Espresso - 1.80, Large Flavoured iced latte - Caramel - 3.25, Regular Speciality Tea - Peppermint - 1.30, Large Espresso - 1.80",8.15,CARD,1394569370814635
27/04/2025 11:35,Nottingham,Vanessa Ortiz,Regular Espresso - 1.50,1.5,CARD,3372364398551647
27/04/2025 11:37,Nottingham,Harriet Lee,"Large Espresso - 1.80, Large Speciality Tea - Peppermint - 1.60",3.4,CARD,4889725830998356
27/04/2025 11:40,Nottingham,Sha Montgomery,"Regular Espresso - 1.50, Large Speciality Tea - Peppermint - 1.60, Regular Speciality Tea - Peppermint - 1.30, Regular Espresso - 1.50, Regular Flavoured iced latte - Caramel - 2.75",8.65,CARD,1474408561050099
27/04/2025 11:42,Nottingham,Cecilia Corr,Regular Espresso - 1.50,1.5,CARD,1652557154835308
27/04/2025 11:44,Nottingham,Shaun Veilleux,"Regular Speciality Tea - Peppermint - 1.30, Regular Speciality Tea - Peppermint - 1.30, Regular Espresso - 1.50, Large Espresso - 1.80",5.9,CARD,7421550462829677
27/04/2025 11:46,Nottingham,John Keller,Large Flavoured iced latte - Caramel - 3.25,3.25,CARD,6793700993032272
27/04/2025 11:48,Nottingham,Larry Cerda,"Regular Espresso - 1.50, Large Flavoured iced latte - Caramel - 3.25, Regular Speciality Tea - Peppermint - 1.30, Regular Speciality Tea - Peppermint - 1.30",7.35,CARD,6035537445783998
27/04/2025 11:50,Nottingham,Joyce Newyear,"Regular Flavoured iced latte - Caramel - 2.75, Regular Speciality Tea - Peppermint - 1.30, Large Espresso - 1.80, Regular Speciality Tea - Peppermint - 1.30",7.15,CARD,3531357108476135
27/04/2025 11:52,Nottingham,Garrett Mendoza,"Regular Espresso - 1.50, Large Flavoured iced latte - Caramel - 3.25, Regular Speciality Tea - Peppermint - 1.30, Regular Speciality Tea - Peppermint - 1.30, Large Espresso - 1.80, Regular Speciality Tea - Peppermint - 1.30",10.45,CASH,
27/04/2025 11:54,Nottingham,Charla Morgan,"Regular Espresso - 1.50, Regular Speciality Tea - Peppermint - 1.30",2.8,CARD,7640046373944983
27/04/2025 11:57,Nottingham,Glenn Nadeau,Large Speciality Tea - Peppermint - 1.60,1.6,CASH,
27/04/2025 11:59,Nottingham,Jesse Reid,"Large Espresso - 1.80, Regular Speciality Tea - Peppermint - 1.30",3.1,CARD,3008270939117329
27/04/2025 12:01,Nottingham,Laura Lopez,"Regular Espresso - 1.50, Regular Espresso - 1.50",3.0,CARD,3810100901430892
27/04/2025 12:03,Nottingham,Judith Highland,Regular Flavoured iced latte - Caramel - 2.75,2.75,CARD,4917548488003456
27/04/2025 12:05,Nottingham,Robert Maclennan,"Large Flavoured iced latte - Caramel - 3.25, Regular Flavoured iced latte - Caramel - 2.75, Regular Espresso - 1.50, Regular Speciality Tea - Peppermint - 1.30",8.8,CASH,
27/04/2025 12:07,Nottingham,Heather Rivera,Regular Espresso - 1.50,1.5,CASH,
27/04/2025 12:09,Nottingham,Renee Baron,"Large Flavoured iced latte - Caramel - 3.25, Large Speciality Tea - Peppermint - 1.60, Regular Flavoured iced latte - Caramel - 2.75, Large Espresso - 1.80, Large Espresso - 1.80, Regular Speciality Tea - Peppermint - 1.30",12.5,CARD,1761668082980159
27/04/2025 12:11,Nottingham,Timothy Pulido,Large Speciality Tea - Peppermint - 1.60,1.6,CARD,9713482717570413
27/04/2025 12:13,Nottingham,Michael Hunt,"Regular Espresso - 1.50, Large Espresso - 1.80",3.3,CARD,1775967449211314
27/04/2025 12:15,Nottingham,Richard Schriner,"Large Speciality Tea - Peppermint - 1.60, Regular Speciality Tea - Peppermint - 1.30, Large Speciality Tea - Peppermint - 1.60",4.5,CASH,
27/04/2025 12:17,Nottingham,Mark Jenkins,"Large Flavoured iced latte - Caramel - 3.25, Large Espresso - 1.80",5.05,CASH,
27/04/2025 12:19,Nottingham,Marisol Armstrong,"Large Flavoured iced latte - Caramel - 3.25, Large Speciality Tea - Peppermint - 1.60, Large Speciality Tea - Peppermint - 1.60",6.45,CARD,8829112824935251
27/04/2025 12:22,Nottingham,Darryl Salano,"Large Speciality Tea - Peppermint - 1.60, Regular Espresso - 1.50, Regular Flavoured iced latte - Caramel - 2.75, Regular Espresso - 1.50, Large Speciality Tea - Peppermint - 1.60, Large Speciality Tea - Peppermint - 1.60",10.55,CARD,9056286162683133
27/04/2025 12:24,Nottingham,Georgia Cook,"Regular Espresso - 1.50, Regular Speciality Tea - Peppermint - 1.30, Regular Flavoured iced latte - Caramel - 2.75, Regular Espresso - 1.50, Regular Flavoured iced latte - Caramel - 2.75",9.8,CARD,3741164095552426
27/04/2025 12:26,Nottingham,Curtis Ralph,"Regular Espresso - 1.50, Large Speciality Tea - Peppermint - 1.60, Regular Speciality Tea - Peppermint - 1.30, Regular Espresso - 1.50, Large Flavoured iced latte - Caramel - 3.25, Regular Flavoured iced latte - Caramel - 2.75",11.9,CASH,
27/04/2025 12:28,Nottingham,Juana Parlato,"Regular Espresso - 1.50, Large Speciality Tea - Peppermint - 1.60, Large Speciality Tea - Peppermint - 1.60",4.7,CASH,
27/04/2025 12:30,Nottingham,Phyllis Sable,"Regular Espresso - 1.50, Regular Speciality Tea - Peppermint - 1.30, Large Speciality Tea - Peppermint - 1.60, Regular Flavoured iced latte - Caramel - 2.75",7.15,CARD,9598127715971394
27/04/2025 12:32,Nottingham,Elizabeth Auld,Regular Flavoured iced latte - Caramel - 2.75,2.75,CASH,
27/04/2025 12:34,Nottingham,Robert Gibbs,"Large Espresso - 1.80, Large Speciality Tea - Peppermint - 1.60, Regular Flavoured iced latte - Caramel - 2.75, Large Flavoured iced latte - Caramel - 3.25, Large Espresso - 1.80, Large Speciality Tea - Peppermint - 1.60",12.8,CARD,5567205323177528
27/04/2025 12:36,Nottingham,Franklin Keenan,"Regular Flavoured iced latte - Caramel - 2.75, Large Speciality Tea - Peppermint - 1.60, Large Flavoured iced latte - Caramel - 3.25",7.6,CARD,6987173752009106
27/04/2025 12:38,Nottingham,Mary Harris,"Large Speciality Tea - Peppermint - 1.60, Regular Flavoured iced latte - Caramel - 2.75, Large Speciality Tea - Peppermint - 1.60, Regular Speciality Tea - Peppermint - 1.30, Regular Espresso - 1.50",8.75,CASH,
27/04/2025 12:40,Nottingham,Steven Bassett,"Regular Flavoured iced latte - Caramel - 2.75, Regular Espresso - 1.50",4.25,CASH,
27/04/2025 12:42,Nottingham,Joyce Olsen,Large Speciality Tea - Peppermint - 1.60,1.6,CARD,3248207369196559
27/04/2025 12:44,Nottingham,Cody Keim,"Regular Flavoured iced latte - Caramel - 2.75, Regular Espresso - 1.50, Large Flavoured iced latte - Caramel - 3.25, Large Flavoured iced latte - Caramel - 3.25, Large Espresso - 1.80, Large Flavoured iced latte - Caramel - 3.25",15.8,CARD,3134273970853567
27/04/2025 12:46,Nottingham,Rosa Ginter,"Regular Espresso - 1.50, Regular Speciality Tea - Peppermint - 1.30",2.8,CARD,7010121686745874
27/04/2025 12:48,Nottingham,James Arrant,Regular Flavoured iced latte - Caramel - 2.75,2.75,CARD,2045259093052058
27/04/2025 12:50,Nottingham,Tim Rivera,"Large Speciality Tea - Peppermint - 1.60, Regular Flavoured iced latte - Caramel - 2.75, Regular Speciality Tea - Peppermint - 1.30",5.65,CARD,3047001993024239
27/04/2025 12:53,Nottingham,Bill Obrien,"Large Speciality Tea - Peppermint - 1.60, Regular Speciality Tea - Peppermint - 1.30, Large Speciality Tea - Peppermint - 1.60",4.5,CARD,2669403169049771
27/04/2025 12:55,Nottingham,Julio Campbell,"Large Espresso - 1.80, Regular Speciality Tea - Peppermint - 1.30, Regular Espresso - 1.50",4.6,CARD,3929365705243969
27/04/2025 12:57,Nottingham,Elizabeth Rooney,Regular Espresso - 1.50,1.5,CARD,8171705852110787
27/04/2025 12:59,Nottingham,Zelma Polk,Regular Espresso - 1.50,1.5,CARD,1444143022798280
27/04/2025 13:01,Nottingham,John Jones,Regular Speciality Tea - Peppermint - 1.30,1.3,CARD,9846991199945263
27/04/2025 13:02,Nottingham,Gladys Gamboa,"Regular Speciality Tea - Peppermint - 1.30, Regular Speciality Tea - Peppermint - 1.30, Large Espresso - 1.80, Regular Espresso - 1.50",5.9,CARD,5171446873618432
27/04/2025 13:03,Nottingham,Elizabeth Mcclelland,"Regular Flavoured iced latte - Caramel - 2.75, Large Espresso - 1.80",4.55,CASH,
27/04/2025 13:04,Nottingham,Janelle Brandon,Regular Espresso - 1.50,1.5,CASH,
27/04/2025 13:05,Nottingham,Ella Fox,"Large Espresso - 1.80, Large Espresso - 1.80",3.6,CARD,2649274348461517
27/04/2025 13:06,Nottingham,Andrea Baggett,"Regular Flavoured iced latte - Caramel - 2.75, Regular Speciality Tea - Peppermint - 1.30, Regular Speciality Tea - Peppermint - 1.30, Large Flavoured iced latte - Caramel - 3.25, Regular Speciality Tea - Peppermint - 1.30",9.9,CARD,9258752037719657
27/04/2025 13:07,Nottingham,Jessica Armour,"Regular Espresso - 1.50, Regular Espresso - 1.50, Regular Flavoured iced latte - Caramel - 2.75, Regular Speciality Tea - Peppermint - 1.30, Regular Flavoured iced latte - Caramel - 2.75, Regular Flavoured iced latte - Caramel - 2.75",12.55,CASH,
27/04/2025 13:08,Nottingham,Gilbert Roten,"Regular Espresso - 1.50, Large Flavoured iced latte - Caramel - 3.25, Large Espresso - 1.80, Large Speciality Tea - Peppermint - 1.60",8.15,CASH,
27/04/2025 13:10,Nottingham,Kathryn Riley,Large Flavoured iced latte - Caramel - 3.25,3.25,CARD,4686023357929862
27/04/2025 13:11,Nottingham,Joanna Buntin,"Large Espresso - 1.80, Large Speciality Tea - Peppermint - 1.60, Large Flavoured iced latte - Caramel - 3.25, Large Speciality Tea - Peppermint - 1.60, Regular Espresso - 1.50",9.75,CARD,4943120904680059
27/04/2025 13:12,Nottingham,Margaret Beck,Large Espresso - 1.80,1.8,CARD,7762607410511897
27/04/2025 13:13,Nottingham,Jason Rayford,"Large Espresso - 1.80, Regular Flavoured iced latte - Caramel - 2.75, Large Espresso - 1.80",6.35,CARD,5836123929381730
27/04/2025 13:14,Nottingham,Catherine Carey,Large Speciality Tea - Peppermint - 1.60,1.6,CARD,3369792871560163
27/04/2025 13:15,Nottingham,James Whitney,Regular Flavoured iced latte - Caramel - 2.75,2.75,CARD,6110178314418516
27/04/2025 13:16,Nottingham,Nancy Strain,"Regular Speciality Tea - Peppermint - 1.30, Regular Speciality Tea - Peppermint - 1.30",2.6,CARD,2627646214909468
27/04/2025 13:17,Nottingham,Matthew Maultsby,"Large Flavoured iced latte - Caramel - 3.25, Regular Espresso - 1.50, Large Speciality Tea - Peppermint - 1.60, Regular Espresso - 1.50",7.85,CARD,1106103449866062
27/04/2025 13:18,Nottingham,Pamela Anderson,Regular Speciality Tea - Peppermint - 1.30,1.3,CARD,9669649424213229
27/04/2025 13:19,Nottingham,Amy Johnson,"Regular Speciality Tea - Peppermint - 1.30, Large Flavoured iced latte - Caramel - 3.25",4.55,CARD,5157709948290627
27/04/2025 13:21,Nottingham,Perla Clement,"Large Speciality Tea - Peppermint - 1.60, Large Flavoured iced latte - Caramel - 3.25",4.85,CARD,4032117884387440
27/04/2025 13:22,Nottingham,Cindy Gray,"Regular Espresso - 1.50, Regular Flavoured iced latte - Caramel - 2.75, Regular Speciality Tea - Peppermint - 1.30, Large Flavoured iced latte - Caramel - 3.25",8.8,CARD,5271721912962397
27/04/2025 13:23,Nottingham,Tom Mcintyre,"Regular Espresso - 1.50, Regular Flavoured iced latte - Caramel - 2.75, Regular Flavoured iced latte - Caramel - 2.75",7.0,CARD,3146222710447678
27/04/2025 13:24,Nottingham,Doris Harris,"Regular Espresso - 1.50, Large Espresso - 1.80",3.3,CARD,2537201819086617
27/04/2025 13:25,Nottingham,Curtis Grundy,"Large Espresso - 1.80, Regular Flavoured iced latte - Caramel - 2.75, Large Flavoured iced latte - Caramel - 3.25",7.8,CASH,
27/04/2025 13:26,Nottingham,Patricia Rosado,"Large Speciality Tea - Peppermint - 1.60, Large Espresso - 1.80",3.4,CASH,
27/04/2025 13:27,Nottingham,Robert Strang,"Large Espresso - 1.80, Regular Speciality Tea - Peppermint - 1.30",3.1,CARD,7550046306171752
27/04/2025 13:28,Nottingham,Nancy Hayes,"Regular Espresso - 1.50, Regular Speciality Tea - Peppermint - 1.30",2.8,CARD,9604595732176664
27/04/2025 13:29,Nottingham,Elma Bejjani,"Regular Speciality Tea - Peppermint - 1.30, Large Espresso - 1.80",3.1,CASH,
27/04/2025 13:30,Nottingham,Mark Schutte,Large Speciality Tea - Peppermint - 1.60,1.6,CARD,2360063877185802
27/04/2025 13:32,Nottingham,Clayton Veitch,"Large Flavoured iced latte - Caramel - 3.25, Large Flavoured iced latte - Caramel - 3.25, Large Espresso - 1.80, Large Speciality Tea - Peppermint - 1.60",9.9,CARD,6449415231480530
27/04/2025 13:33,Nottingham,Dave Webb,"Large Speciality Tea - Peppermint - 1.60, Regular Espresso - 1.50, Regular Flavoured iced latte - Caramel - 2.75, Regular Speciality Tea - Peppermint - 1.30",7.15,CASH,
27/04/2025 13:34,Nottingham,Chester Taylor,"Large Flavoured iced latte - Caramel - 3.25, Large Flavoured iced latte - Caramel - 3.25, Large Espresso - 1.80",8.3,CARD,7279284837941883
27/04/2025 13:35,Nottingham,Marilyn Bilotto,Regular Espresso - 1.50,1.5,CARD,2440390435271159
27/04/2025 13:36,Nottingham,Paula Chasten,"Regular Flavoured iced latte - Caramel - 2.75, Large Espresso - 1.80, Regular Flavoured iced latte - Caramel - 2.75",7.3,CASH,
27/04/2025 13:37,Nottingham,Gregory Morgan,"Large Speciality Tea - Peppermint - 1.60, Regular Flavoured iced latte - Caramel - 2.75, Large Speciality Tea - Peppermint - 1.60",5.95,CARD,3135558729524237
27/04/2025 13:38,Nottingham,Robt Seymore,Large Speciality Tea - Peppermint - 1.60,1.6,CARD,5888722868269831
27/04/2025 13:39,Nottingham,Jamie Hunt,"Regular Espresso - 1.50, Large Speciality Tea - Peppermint - 1.60",3.1,CARD,2892007670538629
27/04/2025 13:40,Nottingham,Allan Scala,"Large Espresso - 1.80, Regular Speciality Tea - Peppermint - 1.30, Regular Speciality Tea - Peppermint - 1.30, Large Flavoured iced latte - Caramel - 3.25, Regular Espresso - 1.50",9.15,CARD,2817532392840684
27/04/2025 13:41,Nottingham,Emily Wilde,Large Flavoured iced latte - Caramel - 3.25,3.25,CARD,8725302855908323
27/04/2025 13:43,Nottingham,James Molden,"Large Espresso - 1.80, Large Speciality Tea - Peppermint - 1.60",3.4,CARD,2211330412419108
27/04/2025 13:44,Nottingham,Christopher Evans,Regular Flavoured iced latte - Caramel - 2.75,2.75,CASH,
27/04/2025 13:45,Nottingham,Frank Hays,Large Speciality Tea - Peppermint - 1.60,1.6,CASH,
27/04/2025 13:46,Nottingham,Thomas Toledo,"Large Flavoured iced latte - Caramel - 3.25, Large Flavoured iced latte - Caramel - 3.25, Regular Speciality Tea - Peppermint - 1.30, Large Speciality Tea - Peppermint - 1.60, Large Flavoured iced latte - Caramel - 3.25",12.65,CASH,
27/04/2025 13:47,Nottingham,Timothy Trantham,"Large Espresso - 1.80, Large Speciality Tea - Peppermint - 1.60, Regular Speciality Tea - Peppermint - 1.30",4.7,CARD,2702049836968605
27/04/2025 13:48,Nottingham,Carey Hall,"Large Speciality Tea - Peppermint - 1.60, Regular Espresso - 1.50, Regular Speciality Tea - Peppermint - 1.30",4.4,CASH,
27/04/2025 13:49,Nottingham,Linda Howdeshell,Regular Speciality Tea - Peppermint - 1.30,1.3,CARD,9362579454059954
27/04/2025 13:50,Nottingham,Ramona Lawrence,"Large Flavoured iced latte - Caramel - 3.25, Large Espresso - 1.80, Regular Espresso - 1.50, Large Flavoured iced latte - Caramel - 3.25",9.8,CARD,9700376748653269
27/04/2025 13:51,Nottingham,Perry Hayes,Regular Flavoured iced latte - Caramel - 2.75,2.75,CARD,1627351083637803
27/04/2025 13:52,Nottingham,Jasmine Laris,"Regular Speciality Tea - Peppermint - 1.30, Regular Flavoured iced latte - Caramel - 2.75, Large Flavoured iced latte - Caramel - 3.25",7.3,CARD,8655579068092515
27/04/2025 13:54,Nottingham,Juan Sutton,"Large Speciality Tea - Peppermint - 1.60, Large Flavoured iced latte - Caramel - 3.25, Large Speciality Tea - Peppermint - 1.60, Regular Espresso - 1.50, Regular Speciality Tea - Peppermint - 1.30",9.25,CARD,3335617190552360
27/04/2025 13:55,Nottingham,Ben Coleman,Regular Flavoured iced latte - Caramel - 2.75,2.75,CARD,3141760193840692
27/04/2025 13:56,Nottingham,Jesus Livingston,Regular Speciality Tea - Peppermint - 1.30,1.3,CARD,3077786363185063
27/04/2025 13:57,Nottingham,James Fay,"Regular Espresso - 1.50, Large Flavoured iced latte - Caramel - 3.25",4.75,CASH,
27/04/2025 13:58,Nottingham,Sharon Coleman,"Regular Espresso - 1.50, Large Speciality Tea - Peppermint - 1.60",3.1,CASH,
27/04/2025 13:59,Nottingham,Pablo Hilderbrandt,"Large Espresso - 1.80, Regular Speciality Tea - Peppermint - 1.30",3.1,CARD,2649013460442886
27/04/2025 14:00,Nottingham,Marilyn Lewis,Regular Speciality Tea - Peppermint - 1.30,1.3,CARD,5684883709845010
27/04/2025 14:01,Nottingham,Esther Huskey,"Large Speciality Tea - Peppermint - 1.60, Regular Flavoured iced latte - Caramel - 2.75, Regular Flavoured iced latte - Caramel - 2.75",7.1,CARD,3777366593570781
27/04/2025 14:02,Nottingham,Gloria Landry,Large Espresso - 1.80,1.8,CARD,1853052400309796
27/04/2025 14:03,Nottingham,Maxine Watson,"Large Flavoured iced latte - Caramel - 3.25, Large Espresso - 1.80",5.05,CASH,
27/04/2025 14:04,Nottingham,Steven Ponyah,"Regular Flavoured iced latte - Caramel - 2.75, Regular Speciality Tea - Peppermint - 1.30, Large Speciality Tea - Peppermint - 1.60, Large Flavoured iced latte - Caramel - 3.25, Regular Speciality Tea - Peppermint - 1.30",10.2,CASH,
27/04/2025 14:05,Nottingham,Danny Evans,"Large Flavoured iced latte - Caramel - 3.25, Regular Flavoured iced latte - Caramel - 2.75, Large Espresso - 1.80, Regular Flavoured iced latte - Caramel - 2.75, Regular Espresso - 1.50",12.05,CARD,1239875612417766
27/04/2025 14:06,Nottingham,Eric Chaffee,"Large Flavoured iced latte - Caramel - 3.25, Regular Flavoured iced latte - Caramel - 2.75, Large Espresso - 1.80",7.8,CARD,9949413144354806
27/04/2025 14:06,Nottingham,Ann Westrick,Regular Speciality Tea - Peppermint - 1.30,1.3,CARD,6916465662843754
27/04/2025 14:07,Nottingham,Marilyn Oldaker,"Large Speciality Tea - Peppermint - 1.60, Regular Flavoured iced latte - Caramel - 2.75, Regular Flavoured iced latte - Caramel - 2.75, Regular Flavoured iced latte - Caramel - 2.75",9.85,CASH,
27/04/2025 14:08,Nottingham,Curtis Morris,Large Flavoured iced latte - Caramel - 3.25,3.25,CARD,4026940590920078
27/04/2025 14:09,Nottingham,John Harper,Large Espresso - 1.80,1.8,CASH,
27/04/2025 14:10,Nottingham,Edwin Rojas,Large Espresso - 1.80,1.8,CASH,
27/04/2025 14:11,Nottingham,Theresa Duncan,"Large Speciality Tea - Peppermint - 1.60, Large Speciality Tea - Peppermint - 1.60, Regular Speciality Tea - Peppermint - 1.30, Regular Flavoured iced latte - Caramel - 2.75",7.25,CASH,
27/04/2025 14:12,Nottingham,Janice Roper,"Regular Flavoured iced latte - Caramel - 2.75, Regular Espresso - 1.50, Large Speciality Tea - Peppermint - 1.60, Large Speciality Tea - Peppermint - 1.60",7.45,CARD,1642780713764659
27/04/2025 14:13,Nottingham,Megan Lapalme,"Large Espresso - 1.80, Large Flavoured iced latte - Caramel - 3.25, Regular Flavoured iced latte - Caramel - 2.75, Regular Speciality Tea - Peppermint - 1.30, Regular Speciality Tea - Peppermint - 1.30, Regular Speciality Tea - Peppermint - 1.30",11.7,CARD,3558641714411880
27/04/2025 14:14,Nottingham,Leonardo Sanchez,Large Speciality Tea - Peppermint - 1.60,1.6,CASH,
27/04/2025 14:15,Nottingham,Melvin Boyd,"Regular Speciality Tea - Peppermint - 1.30, Regular Speciality Tea - Peppermint - 1.30",2.6,CASH,
27/04/2025 14:15,Nottingham,Marion Rhodes,"Regular Espresso - 1.50, Large Speciality Tea - Peppermint - 1.60, Regular Flavoured iced latte - Caramel - 2.75, Large Speciality Tea - Peppermint - 1.60, Large Espresso - 1.80",9.25,CASH,
27/04/2025 14:16,Nottingham,Hazel Mayhugh,Regular Espresso - 1.50,1.5,CARD,1952205601651322
27/04/2025 14:17,Nottingham,Gary Kindrick,"Large Flavoured iced latte - Caramel - 3.25, Regular Espresso - 1.50",4.75,CASH,
27/04/2025 14:18,Nottingham,Sam Greenwood,Large Flavoured iced latte - Caramel - 3.25,3.25,CARD,3427471656061346
27/04/2025 14:19,Nottingham,Marion Coker,Large Speciality Tea - Peppermint - 1.60,1.6,CARD,7761952479555748
27/04/2025 14:20,Nottingham,Michael Pruchnik,"Regular Speciality Tea - Peppermint - 1.30, Regular Espresso - 1.50, Regular Flavoured iced latte - Caramel - 2.75, Regular Speciality Tea - Peppermint - 1.30, Large Espresso - 1.80",8.65,CARD,5115382079730066
27/04/2025 14:21,Nottingham,Randall Gwaltney,"Large Speciality Tea - Peppermint - 1.60, Large Speciality Tea - Peppermint - 1.60",3.2,CASH,
27/04/2025 14:22,Nottingham,Alyssa Mcneill,Large Espresso - 1.80,1.8,CARD,8483944516024125
27/04/2025 14:23,Nottingham,Samuel Panter,"Large Espresso - 1.80, Regular Flavoured iced latte - Caramel - 2.75",4.55,CARD,6672097379275201
27/04/2025 14:24,Nottingham,Natalie Reynolds,"Large Espresso - 1.80, Large Espresso - 1.80, Regular Espresso - 1.50, Regular Speciality Tea - Peppermint - 1.30",6.4,CASH,
27/04/2025 14:24,Nottingham,Edward Grover,"Large Espresso - 1.80, Regular Espresso - 1.50, Regular Speciality Tea - Peppermint - 1.30, Large Flavoured iced latte - Caramel - 3.25, Large Flavoured iced latte - Caramel - 3.25",11.1,CARD,9172082529115212
27/04/2025 14:25,Nottingham,John Carrasquillo,"Large Espresso - 1.80, Large Flavoured iced latte - Caramel - 3.25",5.05,CARD,4507933356573815
27/04/2025 14:26,Nottingham,Ernestine Mix,"Regular Espresso - 1.50, Regular Speciality Tea - Peppermint - 1.30",2.8,CARD,2281899873337555
27/04/2025 14:27,Nottingham,Marina August,"Large Speciality Tea - Peppermint - 1.60, Regular Speciality Tea - Peppermint - 1.30, Regular Speciality Tea - Peppermint - 1.30, Large Flavoured iced latte - Caramel - 3.25, Large Espresso - 1.80, Regular Speciality Tea - Peppermint - 1.30",10.55,CARD,1712965468564929
27/04/2025 14:28,Nottingham,Susan Monnier,"Large Espresso - 1.80, Regular Speciality Tea - Peppermint - 1.30, Regular Espresso - 1.50, Large Espresso - 1.80, Regular Espresso - 1.50",7.9,CASH,
27/04/2025 14:29,Nottingham,James Longerbeam,"Large Flavoured iced latte - Caramel - 3.25, Regular Speciality Tea - Peppermint - 1.30",4.55,CARD,9077991296314654
27/04/2025 14:30,Nottingham,Maureen Hearnsberger,Large Flavoured iced latte - Caramel - 3.25,3.25,CASH,
27/04/2025 14:31,Nottingham,Jane Trevino,Regular Espresso - 1.50,1.5,CARD,4985879521061759
27/04/2025 14:32,Nottingham,Willie Devito,"Regular Flavoured iced latte - Caramel - 2.75, Regular Speciality Tea - Peppermint - 1.30, Regular Speciality Tea - Peppermint - 1.30, Large Espresso - 1.80",7.15,CASH,
27/04/2025 14:33,Nottingham,Quentin Greene,"Regular Speciality Tea - Peppermint - 1.30, Regular Espresso - 1.50, Regular Espresso - 1.50",4.3,CASH,
27/04/2025 14:33,Nottingham,Robert Graham,"Large Speciality Tea - Peppermint - 1.60, Large Flavoured iced latte - Caramel - 3.25, Large Espresso - 1.80",6.65,CARD,1511801902332571
27/04/2025 14:34,Nottingham,Terri Lamb,"Large Espresso - 1.80, Regular Flavoured iced latte - Caramel - 2.75",4.55,CARD,7738856057478048
27/04/2025 14:35,Nottingham,Lance Treible,"Regular Speciality Tea - Peppermint - 1.30, Large Flavoured iced latte - Caramel - 3.25, Large Flavoured iced latte - Caramel - 3.25",7.8,CASH,
27/04/2025 14:36,Nottingham,Melissa Hurst,Large Flavoured iced latte - Caramel - 3.25,3.25,CARD,1887499955979082
27/04/2025 14:37,Nottingham,Marjorie Brown,Regular Speciality Tea - Peppermint - 1.30,1.3,CASH,
27/04/2025 14:38,Nottingham,Becky Moore,"Large Espresso - 1.80, Large Flavoured iced latte - Caramel - 3.25",5.05,CARD,2514059327574384
27/04/2025 14:39,Nottingham,Annette Stone,Regular Espresso - 1.50,1.5,CARD,9294766661239809
27/04/2025 14:40,Nottingham,Bryan Cervera,Regular Speciality Tea - Peppermint - 1.30,1.3,CASH,
27/04/2025 14:41,Nottingham,Sarah Johnson,"Regular Espresso - 1.50, Large Espresso - 1.80, Large Flavoured iced latte - Caramel - 3.25",6.55,CARD,3092635571473533
27/04/2025 14:42,Nottingham,Craig Jernigan,Regular Espresso - 1.50,1.5,CASH,
27/04/2025 14:42,Nottingham,Hugh Altamirano,"Large Speciality Tea - Peppermint - 1.60, Regular Espresso - 1.50, Regular Speciality Tea - Peppermint - 1.30, Large Espresso - 1.80",6.2,CARD,2431162754257513
27/04/2025 14:43,Nottingham,Daisy Guy,Regular Speciality Tea - Peppermint - 1.30,1.3,CARD,4604900538267664
27/04/2025 14:44,Nottingham,Janice Winkle,"Large Speciality Tea - Peppermint - 1.60, Regular Speciality Tea - Peppermint - 1.30, Regular Flavoured iced latte - Caramel - 2.75, Large Speciality Tea - Peppermint - 1.60",7.25,CARD,5156606738052946
27/04/2025 14:45,Nottingham,Earl Inoue,"Regular Flavoured iced latte - Caramel - 2.75, Regular Espresso - 1.50, Regular Speciality Tea - Peppermint - 1.30",5.55,CARD,4962251135922619
27/04/2025 14:46,Nottingham,Johnny Hartigan,Large Espresso - 1.80,1.8,CARD,7245861851053349
27/04/2025 14:47,Nottingham,Cynthia Mcaleer,"Large Flavoured iced latte - Caramel - 3.25, Regular Speciality Tea - Peppermint - 1.30",4.55,CARD,1256120183148781
27/04/2025 14:48,Nottingham,Rosemary Tatum,"Regular Flavoured iced latte - Caramel - 2.75, Regular Espresso - 1.50, Large Speciality Tea - Peppermint - 1.60",5.85,CARD,3425609436557101
27/04/2025 14:49,Nottingham,Mary Hill,"Large Espresso - 1.80, Large Speciality Tea - Peppermint - 1.60, Large Flavoured iced latte - Caramel - 3.25, Large Espresso - 1.80, Large Speciality Tea - Peppermint - 1.60",10.05,CARD,6939692855226902
27/04/2025 14:50,Nottingham,Denny Negri,Large Speciality Tea - Peppermint - 1.60,1.6,CARD,1388253656012029
27/04/2025 14:51,Nottingham,Elmer Fry,"Large Espresso - 1.80, Regular Flavoured iced latte - Caramel - 2.75, Regular Flavoured iced latte - Caramel - 2.75, Regular Espresso - 1.50",8.8,CARD,2446852612717643
27/04/2025 14:51,Nottingham,Maxwell Lopez,"Large Espresso - 1.80, Regular Speciality Tea - Peppermint - 1.30, Regular Speciality Tea - Peppermint - 1.30",4.4,CARD,5201842613610434
27/04/2025 14:52,Nottingham,Raymond Mcclellan,Large Speciality Tea - Peppermint - 1.60,1.6,CARD,1331996605210952
27/04/2025 14:53,Nottingham,Mike Rudder,"Regular Espresso - 1.50, Regular Speciality Tea - Peppermint - 1.30",2.8,CASH,
27/04/2025 14:54,Nottingham,David Ardoin,"Regular Espresso - 1.50, Large Speciality Tea - Peppermint - 1.60, Regular Espresso - 1.50",4.6,CARD,1272704949118760
27/04/2025 14:55,Nottingham,Donna Anderson,Regular Flavoured iced latte - Caramel - 2.75,2.75,CARD,7801133131972637
27/04/2025 14:56,Nottingham,Barbara Robinson,Regular Speciality Tea - Peppermint - 1.30,1.3,CARD,3348933503524601
27/04/2025 14:57,Nottingham,Celestina Hewitt,"Large Flavoured iced latte - Caramel - 3.25, Regular Speciality Tea - Peppermint - 1.30, Regular Speciality Tea - Peppermint - 1.30, Large Flavoured iced latte - Caramel - 3.25",9.1,CARD,3976676397707072
27/04/2025 14:58,Nottingham,Del Gould,"Regular Speciality Tea - Peppermint - 1.30, Regular Espresso - 1.50, Regular Espresso - 1.50, Large Speciality Tea - Peppermint - 1.60",5.9,CARD,2802138644042923
27/04/2025 14:59,Nottingham,Ruby Alley,"Regular Espresso - 1.50, Regular Speciality Tea - Peppermint - 1.30, Regular Espresso - 1.50, Regular Speciality Tea - Peppermint - 1.30",5.6,CASH,
27/04/2025 15:00,Nottingham,Troy Bryan,"Large Espresso - 1.80, Large Espresso - 1.80",3.6,CARD,1089557400042136
27/04/2025 15:01,Nottingham,Darnell Turner,"Regular Espresso - 1.50, Regular Flavoured iced latte - Caramel - 2.75, Large Espresso - 1.80, Regular Speciality Tea - Peppermint - 1.30",7.35,CARD,5870484734598659
27/04/2025 15:02,Nottingham,Colleen Rogers,"Large Espresso - 1.80, Large Espresso - 1.80",3.6,CARD,8341205250140309
27/04/2025 15:03,Nottingham,George Ryder,"Regular Espresso - 1.50, Regular Flavoured iced latte - Caramel - 2.75",4.25,CARD,9155306564514934
27/04/2025 15:04,Nottingham,James Moore,"Regular Flavoured iced latte - Caramel - 2.75, Regular Espresso - 1.50",4.25,CARD,1305320950155856
27/04/2025 15:05,Nottingham,Martha Schott,"Regular Speciality Tea - Peppermint - 1.30, Regular Speciality Tea - Peppermint - 1.30, Regular Speciality Tea - Peppermint - 1.30, Regular Espresso - 1.50",5.4,CASH,
27/04/2025 15:06,Nottingham,Evelyn Vien,"Large Espresso - 1.80, Large Flavoured iced latte - Caramel - 3.25",5.05,CARD,5927492223295335
27/04/2025 15:07,Nottingham,Lorie Squire,"Large Flavoured iced latte - Caramel - 3.25, Large Espresso - 1.80, Large Speciality Tea - Peppermint - 1.60, Regular Speciality Tea - Peppermint - 1.30",7.95,CARD,4763909790851672
27/04/2025 15:08,Nottingham,Anna Beckem,Large Speciality Tea - Peppermint - 1.60,1.6,CARD,8577753175736684
27/04/2025 15:09,Nottingham,Sherri Stuart,"Large Flavoured iced latte - Caramel - 3.25, Regular Espresso - 1.50, Large Speciality Tea - Peppermint - 1.60",6.35,CARD,4734064222182814
27/04/2025 15:10,Nottingham,Gary Hiett,"Regular Flavoured iced latte - Caramel - 2.75, Regular Flavoured iced latte - Caramel - 2.75",5.5,CARD,5273669178422191
27/04/2025 15:11,Nottingham,Stanley Stanley,"Large Espresso - 1.80, Regular Speciality Tea - Peppermint - 1.30",3.1,CARD,8966726379677585
27/04/2025 15:12,Nottingham,Gwendolyn Gough,"Regular Espresso - 1.50, Large Speciality Tea - Peppermint - 1.60, Large Flavoured iced latte - Caramel - 3.25",6.35,CARD,5373012633255848
27/04/2025 15:13,Nottingham,Kara Davis,"Regular Flavoured iced latte - Caramel - 2.75, Large Espresso - 1.80",4.55,CASH,
27/04/2025 15:14,Nottingham,Gary Yeager,"Large Flavoured iced latte - Caramel - 3.25, Regular Flavoured iced latte - Caramel - 2.75, Large Speciality Tea - Peppermint - 1.60",7.6,CARD,9820188354778726
27/04/2025 15:15,Nottingham,Michael Polston,Large Flavoured iced latte - Caramel - 3.25,3.25,CARD,1091484364463301
27/04/2025 15:16,Nottingham,Patrick Cauterucci,"Large Flavoured iced latte - Caramel - 3.25, Regular Espresso - 1.50, Large Speciality Tea - Peppermint - 1.60",6.35,CARD,9715511484081478
27/04/2025 15:17,Nottingham,Judy Rego,"Large Flavoured iced latte - Caramel - 3.25, Regular Speciality Tea - Peppermint - 1.30, Regular Speciality Tea - Peppermint - 1.30",5.85,CARD,4714192249866669
27/04/2025 15:18,Nottingham,Donald Bruder,Large Flavoured iced latte - Caramel - 3.25,3.25,CARD,5806951657647543
27/04/2025 15:19,Nottingham,Jamila Deluca,"Large Speciality Tea - Peppermint - 1.60, Large Espresso - 1.80",3.4,CARD,7940840934327643
27/04/2025 15:20,Nottingham,Fernando Mcclure,"Large Speciality Tea - Peppermint - 1.60, Regular Speciality Tea - Peppermint - 1.30",2.9,CARD,1032157880430937
27/04/2025 15:21,Nottingham,Jessica Flower,Large Flavoured iced latte - Caramel - 3.25,3.25,CARD,7383235856376870
27/04/2025 15:22,Nottingham,David Webb,Large Speciality Tea - Peppermint - 1.60,1.6,CARD,2648379625946889
27/04/2025 15:23,Nottingham,Brian Dominguez,Large Speciality Tea - Peppermint - 1.60,1.6,CASH,
27/04/2025 15:24,Nottingham,Gilbert Hall,"Regular Espresso - 1.50, Large Espresso - 1.80, Large Espresso - 1.80, Large Speciality Tea - Peppermint - 1.60, Large Speciality Tea - Peppermint - 1.60",8.3,CASH,
27/04/2025 15:25,Nottingham,Marshall Chang,"Regular Speciality Tea - Peppermint - 1.30, Regular Espresso - 1.50, Regular Espresso - 1.50, Regular Espresso - 1.50, Regular Espresso - 1.50",7.3,CASH,
27/04/2025 15:26,Nottingham,James Spice,"Large Speciality Tea - Peppermint - 1.60, Regular Speciality Tea - Peppermint - 1.30",2.9,CARD,2586235172519962
27/04/2025 15:27,Nottingham,Chun Toadvine,Regular Flavoured iced latte - Caramel - 2.75,2.75,CASH,
27/04/2025 15:28,Nottingham,Mary Candelaria,"Large Flavoured iced latte - Caramel - 3.25, Large Speciality Tea - Peppermint - 1.60",4.85,CARD,8061742234254100
27/04/2025 15:29,Nottingham,Ellen Kime,"Large Espresso - 1.80, Regular Flavoured iced latte - Caramel - 2.75",4.55,CARD,9075672764381876
27/04/2025 15:30,Nottingham,Pedro Hunter,"Regular Speciality Tea - Peppermint - 1.30, Large Flavoured iced latte - Caramel - 3.25, Large Espresso - 1.80, Regular Espresso - 1.50, Large Flavoured iced latte - Caramel - 3.25",11.1,CARD,1208213345457453
27/04/2025 15:31,Nottingham,Lavina Rhodes,"Large Espresso - 1.80, Large Flavoured iced latte - Caramel - 3.25",5.05,CARD,6544055757131645
27/04/2025 15:32,Nottingham,Carl Posey,"Regular Flavoured iced latte - Caramel - 2.75, Large Espresso - 1.80, Large Espresso - 1.80, Large Espresso - 1.80",8.15,CASH,
27/04/2025 15:33,Nottingham,Bernard Gauss,Regular Espresso - 1.50,1.5,CARD,4399204570409312
27/04/2025 15:34,Nottingham,Mary Hazan,Regular Speciality Tea - Peppermint - 1.30,1.3,CASH,
27/04/2025 15:35,Nottingham,Judy Woodard,Large Espresso - 1.80,1.8,CARD,4820070783432637
27/04/2025 15:36,Nottingham,Casey Pospicil,Regular Espresso - 1.50,1.5,CARD,1354111344205566
27/04/2025 15:37,Nottingham,Ronald Maher,"Large Espresso - 1.80, Regular Speciality Tea - Peppermint - 1.30, Regular Espresso - 1.50, Regular Flavoured iced latte - Caramel - 2.75",7.35,CASH,
27/04/2025 15:38,Nottingham,Kayce Martinez,"Regular Espresso - 1.50, Large Espresso - 1.80, Regular Flavoured iced latte - Caramel - 2.75, Regular Flavoured iced latte - Caramel - 2.75",8.8,CARD,5542538416347764
27/04/2025 15:39,Nottingham,Heather Jaramillo,"Large Speciality Tea - Peppermint - 1.60, Large Speciality Tea - Peppermint - 1.60",3.2,CASH,
27/04/2025 15:40,Nottingham,James Morano,"Large Speciality Tea - Peppermint - 1.60, Regular Flavoured iced latte - Caramel - 2.75",4.35,CARD,2895414803530568
27/04/2025 15:41,Nottingham,Ray Smith,"Regular Flavoured iced latte - Caramel - 2.75, Regular Espresso - 1.50",4.25,CASH,
27/04/2025 15:42,Nottingham,Amparo Causey,"Regular Espresso - 1.50, Regular Flavoured iced latte - Caramel - 2.75",4.25,CARD,3846252299712171
27/04/2025 15:43,Nottingham,Joseph Mcqueen,Large Flavoured iced latte - Caramel - 3.25,3.25,CARD,9162911788253143
27/04/2025 15:44,Nottingham,Man Freeman,"Regular Flavoured iced latte - Caramel - 2.75, Regular Speciality Tea - Peppermint - 1.30",4.05,CARD,4506479090945349
27/04/2025 15:45,Nottingham,Roy Howland,"Regular Espresso - 1.50, Large Flavoured iced latte - Caramel - 3.25, Large Espresso - 1.80",6.55,CARD,1944844455938975
27/04/2025 15:46,Nottingham,Daniel Whitt,"Regular Espresso - 1.50, Regular Espresso - 1.50",3.0,CASH,
27/04/2025 15:47,Nottingham,Alana Purifoy,Regular Espresso - 1.50,1.5,CASH,
27/04/2025 15:48,Nottingham,Dorothy Pleiman,"Regular Espresso - 1.50, Regular Speciality Tea - Peppermint - 1.30, Large Speciality Tea - Peppermint - 1.60, Large Espresso - 1.80, Regular Speciality Tea - Peppermint - 1.30",7.5,CASH,
27/04/2025 15:49,Nottingham,Jesus Kelly,"Large Speciality Tea - Peppermint - 1.60, Regular Flavoured iced latte - Caramel - 2.75, Regular Flavoured iced latte - Caramel - 2.75, Large Espresso - 1.80",8.9,CARD,6962415771709288
27/04/2025 15:50,Nottingham,Frances Marcum,"Regular Speciality Tea - Peppermint - 1.30, Large Speciality Tea - Peppermint - 1.60, Regular Flavoured iced latte - Caramel - 2.75, Large Espresso - 1.80",7.45,CARD,3970264454264353
27/04/2025 15:51,Nottingham,Joseph Bogacz,"Large Speciality Tea - Peppermint - 1.60, Large Flavoured iced latte - Caramel - 3.25",4.85,CARD,9267234835755953
27/04/2025 15:52,Nottingham,Barbara Porter,"Regular Flavoured iced latte - Caramel - 2.75, Regular Speciality Tea - Peppermint - 1.30, Regular Speciality Tea - Peppermint - 1.30",5.35,CARD,3494548900316498
27/04/2025 15:53,Nottingham,Darlene Dean,"Large Speciality Tea - Peppermint - 1.60, Regular Espresso - 1.50",3.1,CASH,
27/04/2025 15:54,Nottingham,Mark Mcclellan,"Regular Espresso - 1.50, Large Speciality Tea - Peppermint - 1.60",3.1,CARD,7171221136761936
27/04/2025 15:55,Nottingham,Ida Rodriguez,Regular Flavoured iced latte - Caramel - 2.75,2.75,CARD,7677201970762759
27/04/2025 15:57,Nottingham,Karen Blume,"Regular Speciality Tea - Peppermint - 1.30, Regular Espresso - 1.50, Regular Flavoured iced latte - Caramel - 2.75, Large Speciality Tea - Peppermint - 1.60",7.15,CARD,9751079963873350
27/04/2025 15:58,Nottingham,Lowell Goodman,"Large Flavoured iced latte - Caramel - 3.25, Large Espresso - 1.80, Regular Espresso - 1.50, Large Espresso - 1.80",8.35,CARD,6829386289255696
27/04/2025 15:59,Nottingham,Harry Lohr,"Large Flavoured iced latte - Caramel - 3.25, Regular Flavoured iced latte - Caramel - 2.75",6.0,CASH,
27/04/2025 16:00,Nottingham,Jerry Waller,"Regular Espresso - 1.50, Regular Speciality Tea - Peppermint - 1.30, Large Flavoured iced latte - Caramel - 3.25",6.05,CARD,3918517727934472
27/04/2025 16:03,Nottingham,Jerry Johnson,"Regular Espresso - 1.50, Regular Speciality Tea - Peppermint - 1.30, Large Espresso - 1.80, Regular Espresso - 1.50",6.1,CARD,1091799961064354
27/04/2025 16:06,Nottingham,Faye Stamper,"Regular Speciality Tea - Peppermint - 1.30, Large Flavoured iced latte - Caramel - 3.25, Regular Speciality Tea - Peppermint - 1.30, Large Speciality Tea - Peppermint - 1.60, Large Speciality Tea - Peppermint - 1.60",9.05,CARD,2212351395919352
27/04/2025 16:09,Nottingham,Darrell Pagan,Large Speciality Tea - Peppermint - 1.60,1.6,CARD,4180294047933649
27/04/2025 16:12,Nottingham,Sonia Cano,"Large Flavoured iced latte - Caramel - 3.25, Large Speciality Tea - Peppermint - 1.60, Large Flavoured iced latte - Caramel - 3.25",8.1,CASH,
27/04/2025 16:15,Nottingham,Norma Geyer,Large Speciality Tea - Peppermint - 1.60,1.6,CARD,2159653438024831
27/04/2025 16:18,Nottingham,Theodore Knudsen,"Large Espresso - 1.80, Regular Speciality Tea - Peppermint - 1.30",3.1,CARD,6774350500546140
27/04/2025 16:22,Nottingham,Donald Smith,"Regular Speciality Tea - Peppermint - 1.30, Regular Flavoured iced latte - Caramel - 2.75, Large Flavoured iced latte - Caramel - 3.25",7.3,CASH,
27/04/2025 16:25,Nottingham,Irma Sosa,"Large Speciality Tea - Peppermint - 1.60, Large Speciality Tea - Peppermint - 1.60, Large Espresso - 1.80, Regular Speciality Tea - Peppermint - 1.30, Regular Speciality Tea - Peppermint - 1.30",7.6,CARD,1318766723760724
27/04/2025 16:28,Nottingham,Elinor Beem,"Large Flavoured iced latte - Caramel - 3.25, Regular Speciality Tea - Peppermint - 1.30, Large Speciality Tea - Peppermint - 1.60, Regular Flavoured iced latte - Caramel - 2.75",8.9,CARD,2308846107381275
27/04/2025 16:31,Nottingham,Laura Beckett,"Regular Speciality Tea - Peppermint - 1.30, Regular Speciality Tea - Peppermint - 1.30, Regular Speciality Tea - Peppermint - 1.30",3.9,CARD,6311481501626109
27/04/2025 16:34,Nottingham,Janice Rubio,"Regular Speciality Tea - Peppermint - 1.30, Regular Espresso - 1.50",2.8,CARD,9379075621548149
27/04/2025 16:37,Nottingham,Barbara James,Regular Espresso - 1.50,1.5,CARD,7225831889856162
27/04/2025 16:41,Nottingham,Joseph Woodis,"Regular Flavoured iced latte - Caramel - 2.75, Large Espresso - 1.80",4.55,CARD,8889604879314365
27/04/2025 16:44,Nottingham,Otto Zimmer,"Large Speciality Tea - Peppermint - 1.60, Regular Espresso - 1.50, Large Espresso - 1.80, Regular Espresso - 1.50, Regular Espresso - 1.50",7.9,CARD,8156614276858055
27/04/2025 16:47,Nottingham,Stephanie Major,"Large Espresso - 1.80, Large Speciality Tea - Peppermint - 1.60",3.4,CARD,9551924921741801
27/04/2025 16:50,Nottingham,David Carpenter,"Large Flavoured iced latte - Caramel - 3.25, Regular Espresso - 1.50",4.75,CARD,7389655988650187
27/04/2025 16:53,Nottingham,Elton Mullins,Regular Espresso - 1.50,1.5,CARD,2152552542303915
27/04/2025 16:56,Nottingham,Scotty Hernandez,"Regular Speciality Tea - Peppermint - 1.30, Regular Flavoured iced latte - Caramel - 2.75, Large Espresso - 1.80, Large Speciality Tea - Peppermint - 1.60, Regular Espresso - 1.50",8.95,CARD,3230514803165980
27/04/2025 16:59,Nottingham,Karen Murphy,"Regular Speciality Tea - Peppermint - 1.30, Large Speciality Tea - Peppermint - 1.60",2.9,CARD,2024273999729307
