27/04/2025 09:00,Portsmouth,Sylvia Wix,"Regular Speciality Tea - Fruit - 1.30, Large Speciality Tea - Fruit - 1.60, Large Cappuccino - 2.45",5.35,CASH,
27/04/2025 09:05,Portsmouth,Barbara Johnson,Regular Speciality Tea - Green - 1.30,1.3,CASH,
27/04/2025 09:10,Portsmouth,Dianne Hagler,"Large Speciality Tea - Fruit - 1.60, Large Speciality Tea - Fruit - 1.60",3.2,CASH,
27/04/2025 09:15,Portsmouth,Lyle Berry,Regular Speciality Tea - Fruit - 1.30,1.3,CARD,2590308027243265
27/04/2025 09:20,Portsmouth,Grace Beauchamp,"Regular Cappuccino - 2.15, Regular Smoothies - Carrot Kick - 2.00",4.15,CASH,
27/04/2025 09:25,Portsmouth,Lasonya Healey,"Regular Speciality Tea - Green - 1.30, Regular Smoothies - Carrot Kick - 2.00, Regular Speciality Tea - Green - 1.30, Large Speciality Tea - Green - 1.60",6.2,CARD,9053834116515032
27/04/2025 09:30,Portsmouth,Mark Mayhew,Large Luxury hot chocolate - 2.70,2.7,CARD,4664504134786006
27/04/2025 09:35,Portsmouth,Barbara Libby,"Large Smoothies - Carrot Kick - 2.50, Large Speciality Tea - Fruit - 1.60",4.1,CARD,1659027692733019
27/04/2025 09:40,Portsmouth,Rosie Hanson,Large Cappuccino - 2.45,2.45,CARD,2839903862133706
27/04/2025 09:45,Portsmouth,Tommy Clardy,"Large Smoothies - Carrot Kick - 2.50, Regular Luxury hot chocolate - 2.40, Regular Smoothies - Carrot Kick - 2.00",6.9,CASH,
27/04/2025 09:50,Portsmouth,David Lawrence,Large Speciality Tea - Green - 1.60,1.6,CARD,2673142199841585
27/04/2025 09:55,Portsmouth,Lloyd Tippin,Large Cappuccino - 2.45,2.45,CASH,
27/04/2025 10:00,Portsmouth,Michael Fields,"Regular Luxury hot chocolate - 2.40, Large Speciality Tea - Green - 1.60",4.0,CARD,6656960598941365
27/04/2025 10:01,Portsmouth,Jermaine Diekmann,"Large Cappuccino - 2.45, Regular Speciality Tea - Fruit - 1.30, Large Smoothies - Carrot Kick - 2.50, Regular Smoothies - Carrot Kick - 2.00",8.25,CASH,
27/04/2025 10:02,Portsmouth,Gloria Schell,"Large Luxury hot chocolate - 2.70, Regular Speciality Tea - Green - 1.30",4.0,CASH,
27/04/2025 10:03,Portsmouth,Andres Johnson,"Regular Speciality Tea - Fruit - 1.30, Large Speciality Tea - Fruit - 1.60",2.9,CARD,7495841941424727
27/04/2025 10:05,Portsmouth,Beth Matthew,Regular Cappuccino - 2.15,2.15,CARD,3048815365055708
27/04/2025 10:06,Portsmouth,Robert Goode,"Large Luxury hot chocolate - 2.70, Large Speciality Tea - Green - 1.60, Large Speciality Tea - Green - 1.60",5.9,CARD,7540521521756228
27/04/2025 10:07,Portsmouth,Ruth Barnette,Large Smoothies - Carrot Kick - 2.50,2.5,CASH,
27/04/2025 10:08,Portsmouth,Donna Caminero,Large Cappuccino - 2.45,2.45,CARD,5743351390186778
27/04/2025 10:10,Portsmouth,Neal Baquet,"Regular Luxury hot chocolate - 2.40, Regular Smoothies - Carrot Kick - 2.00",4.4,CASH,
27/04/2025 10:11,Portsmouth,Dean Adams,Large Speciality Tea - Green - 1.60,1.6,CASH,
27/04/2025 10:12,Portsmouth,Amanda Sheppard,Regular Speciality Tea - Green - 1.30,1.3,CARD,2998713825738448
27/04/2025 10:13,Portsmouth,Jose Cole,"Regular Speciality Tea - Fruit - 1.30, Regular Speciality Tea - Green - 1.30, Regular Speciality Tea - Fruit - 1.30, Regular Cappuccino - 2.15",6.05,CARD,9704008655688836
27/04/2025 10:15,Portsmouth,Belinda Robins,"Large Smoothies - Carrot Kick - 2.50, Regular Speciality Tea - Fruit - 1.30, Large Luxury hot chocolate - 2.70",6.5,CARD,4311598463595469
27/04/2025 10:16,Portsmouth,Cherlyn Holloman,"Large Smoothies - Carrot Kick - 2.50, Regular Cappuccino - 2.15, Regular Luxury hot chocolate - 2.40",7.05,CARD,7535537777954922
27/04/2025 10:17,Portsmouth,Prince Baxter,Large Speciality Tea - Fruit - 1.60,1.6,CARD,9798762858106416
27/04/2025 10:18,Portsmouth,Rene Garza,"Regular Luxury hot chocolate - 2.40, Regular Speciality Tea - Fruit - 1.30, Large Smoothies - Carrot Kick - 2.50, Regular Cappuccino - 2.15, Regular Speciality Tea - Green - 1.30",9.65,CARD,3006650789363277
27/04/2025 10:20,Portsmouth,Timothy Silva,Regular Luxury hot chocolate - 2.40,2.4,CARD,1568227301460640
27/04/2025 10:21,Portsmouth,Corey Gallo,"Regular Speciality Tea - Green - 1.30, Large Cappuccino - 2.45",3.75,CARD,8564085162788218
27/04/2025 10:22,Portsmouth,Justin Long,Regular Cappuccino - 2.15,2.15,CARD,4420251549088323
27/04/2025 10:23,Portsmouth,Sean Aman,"Large Speciality Tea - Fruit - 1.60, Regular Smoothies - Carrot Kick - 2.00, Regular Smoothies - Carrot Kick - 2.00, Regular Speciality Tea - Fruit - 1.30, Regular Luxury hot chocolate - 2.40",9.3,CARD,6126832941928247
27/04/2025 10:25,Portsmouth,Barbara Haws,"Large Speciality Tea - Green - 1.60, Regular Speciality Tea - Fruit - 1.30, Regular Speciality Tea - Fruit - 1.30",4.2,CARD,7221489749797287
27/04/2025 10:26,Portsmouth,Mary Johnson,"Large Smoothies - Carrot Kick - 2.50, Large Speciality Tea - Fruit - 1.60",4.1,CARD,2594299248758717
27/04/2025 10:27,Portsmouth,Kevin Svoboda,"Large Speciality Tea - Green - 1.60, Large Luxury hot chocolate - 2.70, Regular Smoothies - Carrot Kick - 2.00",6.3,CARD,7980338455100894
27/04/2025 10:28,Portsmouth,Leroy Basista,"Large Speciality Tea - Fruit - 1.60, Regular Cappuccino - 2.15",3.75,CARD,9908074753624743
27/04/2025 10:30,Portsmouth,Richard Gentile,Regular Speciality Tea - Fruit - 1.30,1.3,CASH,
27/04/2025 10:31,Portsmouth,Robert Wright,"Large Speciality Tea - Green - 1.60, Large Cappuccino - 2.45, Large Luxury hot chocolate - 2.70, Regular Speciality Tea - Fruit - 1.30, Regular Luxury hot chocolate - 2.40",10.45,CARD,8541077079349461
27/04/2025 10:32,Portsmouth,John Thal,"Large Cappuccino - 2.45, Large Cappuccino - 2.45",4.9,CASH,
27/04/2025 10:33,Portsmouth,Donald Goodwin,"Large Speciality Tea - Fruit - 1.60, Regular Speciality Tea - Fruit - 1.30, Regular Speciality Tea - Green - 1.30",4.2,CARD,1205575438513968
27/04/2025 10:35,Portsmouth,Gordon Clausen,"Regular Speciality Tea - Green - 1.30, Regular Speciality Tea - Fruit - 1.30, Regular Speciality Tea - Fruit - 1.30, Regular Speciality Tea - Green - 1.30",5.2,CASH,
27/04/2025 10:36,Portsmouth,Shirley Perkins,"Regular Smoothies - Carrot Kick - 2.00, Large Speciality Tea - Fruit - 1.60",3.6,CARD,8316741010591292
27/04/2025 10:37,Portsmouth,Bert Culp,"Large Smoothies - Carrot Kick - 2.50, Large Luxury hot chocolate - 2.70, Regular Speciality Tea - Fruit - 1.30, Large Luxury hot chocolate - 2.70, Regular Cappuccino - 2.15",11.35,CARD,8529117819193132
27/04/2025 10:38,Portsmouth,Janie Oswald,Large Cappuccino - 2.45,2.45,CARD,7993325490945499
27/04/2025 10:40,Portsmouth,David Mcmurray,"Large Speciality Tea - Green - 1.60, Large Speciality Tea - Fruit - 1.60, Regular Speciality Tea - Fruit - 1.30, Large Luxury hot chocolate - 2.70, Large Smoothies - Carrot Kick - 2.50",9.7,CARD,2216198199592660
27/04/2025 10:41,Portsmouth,Amanda Howell,Regular Luxury hot chocolate - 2.40,2.4,CASH,
27/04/2025 10:42,Portsmouth,Michael Sherrod,"Regular Cappuccino - 2.15, Regular Speciality Tea - Green - 1.30, Regular Speciality Tea - Fruit - 1.30",4.75,CARD,4778980263527158
27/04/2025 10:43,Portsmouth,Janet Ashley,"Regular Luxury hot chocolate - 2.40, Large Cappuccino - 2.45, Large Luxury hot chocolate - 2.70, Large Luxury hot chocolate - 2.70",10.25,CARD,4297547111966831
27/04/2025 10:45,Portsmouth,Mary Berkowitz,"Regular Speciality Tea - Green - 1.30, Regular Smoothies - Carrot Kick - 2.00",3.3,CARD,6356452065300546
27/04/2025 10:46,Portsmouth,Sidney Salgado,Regular Cappuccino - 2.15,2.15,CARD,9816792440645731
27/04/2025 10:47,Portsmouth,Edward Hash,"Regular Smoothies - Carrot Kick - 2.00, Regular Luxury hot chocolate - 2.40",4.4,CARD,8187302883637099
27/04/2025 10:48,Portsmouth,James Spano,Large Smoothies - Carrot Kick - 2.50,2.5,CASH,
27/04/2025 10:50,Portsmouth,Ann Johnson,"Regular Cappuccino - 2.15, Regular Speciality Tea - Green - 1.30",3.45,CARD,9960823880034813
27/04/2025 10:51,Portsmouth,Brenda Robinson,"Regular Luxury hot chocolate - 2.40, Regular Speciality Tea - Green - 1.30, Regular Luxury hot chocolate - 2.40, Regular Luxury hot chocolate - 2.40, Large Luxury hot chocolate - 2.70, Large Cappuccino - 2.45",13.65,CARD,2435596300562998
27/04/2025 10:52,Portsmouth,Ida Singletary,"Large Smoothies - Carrot Kick - 2.50, Regular Speciality Tea - Green - 1.30",3.8,CARD,6264413268555499
27/04/2025 10:53,Portsmouth,Robert Cox,Regular Speciality Tea - Fruit - 1.30,1.3,CASH,
27/04/2025 10:55,Portsmouth,Caroline Calhoun,"Regular Smoothies - Carrot Kick - 2.00, Large Smoothies - Carrot Kick - 2.50",4.5,CARD,7657489580856159
27/04/2025 10:56,Portsmouth,Terry King,"Large Speciality Tea - Fruit - 1.60, Regular Luxury hot chocolate - 2.40, Large Luxury hot chocolate - 2.70, Regular Speciality Tea - Green - 1.30, Large Speciality Tea - Green - 1.60",9.6,CARD,7136507610123425
27/04/2025 10:57,Portsmouth,Wendy Torres,"Regular Speciality Tea - Fruit - 1.30, Regular Speciality Tea - Fruit - 1.30, Large Luxury hot chocolate - 2.70",5.3,CARD,4898506639288750
27/04/2025 10:58,Portsmouth,Richard Nelson,"Regular Speciality Tea - Green - 1.30, Regular Smoothies - Carrot Kick - 2.00",3.3,CARD,4615915307384475
27/04/2025 11:00,Portsmouth,Sergio Velez,"Regular Smoothies - Carrot Kick - 2.00, Large Cappuccino - 2.45, Regular Speciality Tea - Green - 1.30, Regular Luxury hot chocolate - 2.40, Regular Smoothies - Carrot Kick - 2.00",10.15,CARD,7794935082452574
27/04/2025 11:02,Portsmouth,Jeanine Kennedy,Large Speciality Tea - Fruit - 1.60,1.6,CARD,8102458692400060
27/04/2025 11:04,Portsmouth,Elouise Sims,"Regular Cappuccino - 2.15, Large Smoothies - Carrot Kick - 2.50, Regular Speciality Tea - Fruit - 1.30, Regular Luxury hot chocolate - 2.40, Large Luxury hot chocolate - 2.70",11.05,CASH,
27/04/2025 11:07,Portsmouth,Douglas Pane,"Large Cappuccino - 2.45, Large Smoothies - Carrot Kick - 2.50",4.95,CARD,7268889157451003
27/04/2025 11:09,Portsmouth,Mary Carrigan,"Large Smoothies - Carrot Kick - 2.50, Large Speciality Tea - Fruit - 1.60, Large Speciality Tea - Fruit - 1.60, Large Luxury hot chocolate - 2.70",8.4,CASH,
27/04/2025 11:12,Portsmouth,Louise Barnes,"Regular Smoothies - Carrot Kick - 2.00, Large Speciality Tea - Fruit - 1.60",3.6,CARD,8719244997654503
27/04/2025 11:14,Portsmouth,Harry Young,"Large Luxury hot chocolate - 2.70, Large Smoothies - Carrot Kick - 2.50, Regular Speciality Tea - Fruit - 1.30",6.5,CASH,
27/04/2025 11:16,Portsmouth,Robert Lofton,"Regular Luxury hot chocolate - 2.40, Large Speciality Tea - Fruit - 1.60, Regular Luxury hot chocolate - 2.40, Regular Luxury hot chocolate - 2.40",8.8,CARD,6727182153719460
27/04/2025 11:19,Portsmouth,John Kirby,"Regular Smoothies - Carrot Kick - 2.00, Large Speciality Tea - Green - 1.60, Regular Luxury hot chocolate - 2.40",6.0,CASH,
27/04/2025 11:21,Portsmouth,Charles Vela,"Regular Luxury hot chocolate - 2.40, Large Speciality Tea - Fruit - 1.60",4.0,CASH,
27/04/2025 11:24,Portsmouth,Bruce Jones,"Regular Speciality Tea - Green - 1.30, Regular Speciality Tea - Fruit - 1.30, Regular Speciality Tea - Green - 1.30",3.9,CASH,
27/04/2025 11:26,Portsmouth,Ronald Zavala,"Large Speciality Tea - Fruit - 1.60, Regular Luxury hot chocolate - 2.40, Regular Speciality Tea - Fruit - 1.30, Regular Speciality Tea - Green - 1.30",6.6,CARD,4064379730921270
27/04/2025 11:28,Portsmouth,Mary Walker,"Regular Luxury hot chocolate - 2.40, Large Luxury hot chocolate - 2.70",5.1,CASH,
27/04/2025 11:31,Portsmouth,Raymond Dill,Large Luxury hot chocolate - 2.70,2.7,CARD,8959797185848450
27/04/2025 11:33,Portsmouth,Joellen Feliciano,"Regular Cappuccino - 2.15, Large Speciality Tea - Green - 1.60, Regular Speciality Tea - Fruit - 1.30",5.05,CARD,4458123217463764
27/04/2025 11:36,Portsmouth,Cassandra Pena,"Regular Luxury hot chocolate - 2.40, Large Speciality Tea - Fruit - 1.60, Large Speciality Tea - Green - 1.60, Regular Speciality Tea - Green - 1.30, Regular Speciality Tea - Fruit - 1.30",8.2,CARD,9467407025647772
27/04/2025 11:38,Portsmouth,Mary Holton,"Large Speciality Tea - Fruit - 1.60, Large Speciality Tea - Green - 1.60",3.2,CARD,5544874805539277
27/04/2025 11:40,Portsmouth,Melvin Usher,Large Speciality Tea - Fruit - 1.60,1.6,CARD,5726476841122237
27/04/2025 11:43,Portsmouth,Brian Matto,"Large Speciality Tea - Green - 1.60, Large Luxury hot chocolate - 2.70, Large Smoothies - Carrot Kick - 2.50",6.8,CARD,3402304795325588
27/04/2025 11:45,Portsmouth,Roger Cumberledge,"Regular Cappuccino - 2.15, Large Smoothies - Carrot Kick - 2.50, Regular Speciality Tea - Fruit - 1.30",5.95,CASH,
27/04/2025 11:48,Portsmouth,Pete Wessel,Large Cappuccino - 2.45,2.45,CARD,9764174603717876
27/04/2025 11:50,Portsmouth,Johnie Wayne,"Regular Speciality Tea - Fruit - 1.30, Regular Smoothies - Carrot Kick - 2.00",3.3,CASH,
27/04/2025 11:52,Portsmouth,Manuel Paulino,"Regular Cappuccino - 2.15, Large Luxury hot chocolate - 2.70, Regular Smoothies - Carrot Kick - 2.00, Large Luxury hot chocolate - 2.70, Large Cappuccino - 2.45",12.0,CARD,6181305159098822
27/04/2025 11:55,Portsmouth,John Coney,Regular Speciality Tea - Green - 1.30,1.3,CARD,3663338229636552
27/04/2025 11:57,Portsmouth,Melisa Baker,Regular Speciality Tea - Fruit - 1.30,1.3,CARD,2813288147462604
27/04/2025 12:00,Portsmouth,Kathleen Haggins,Regular Speciality Tea - Fruit - 1.30,1.3,CARD,5420745449629944
27/04/2025 12:01,Portsmouth,Gregory Gabe,"Large Speciality Tea - Fruit - 1.60, Regular Cappuccino - 2.15, Large Luxury hot chocolate - 2.70, Large Speciality Tea - Fruit - 1.60",8.05,CARD,6557330122943377
27/04/2025 12:03,Portsmouth,Weston Noble,"Regular Smoothies - Carrot Kick - 2.00, Large Speciality Tea - Green - 1.60",3.6,CARD,4757205767570248
27/04/2025 12:05,Portsmouth,Herman Mister,"Large Cappuccino - 2.45, Large Speciality Tea - Green - 1.60, Regular Speciality Tea - Green - 1.30, Large Smoothies - Carrot Kick - 2.50, Regular Speciality Tea - Green - 1.30, Large Luxury hot chocolate - 2.70",11.85,CARD,8999374760221258
27/04/2025 12:06,Portsmouth,Matthew Fleming,"Regular Luxury hot chocolate - 2.40, Large Cappuccino - 2.45, Regular Luxury hot chocolate - 2.40",7.25,CARD,9242482385919700
27/04/2025 12:08,Portsmouth,Jennifer Smith,Regular Speciality Tea - Green - 1.30,1.3,CASH,
27/04/2025 12:10,Portsmouth,David Reese,Large Smoothies - Carrot Kick - 2.50,2.5,CARD,7574405001719303
27/04/2025 12:11,Portsmouth,Clark Devore,"Large Cappuccino - 2.45, Large Cappuccino - 2.45",4.9,CARD,8610060250136465
27/04/2025 12:13,Portsmouth,Hershel Tran,"Regular Speciality Tea - Fruit - 1.30, Regular Cappuccino - 2.15, Large Smoothies - Carrot Kick - 2.50, Large Speciality Tea - Green - 1.60",7.55,CARD,3821955578249156
27/04/2025 12:15,Portsmouth,Karla Hesse,"Regular Smoothies - Carrot Kick - 2.00, Regular Smoothies - Carrot Kick - 2.00, Large Cappuccino - 2.45",6.45,CASH,
27/04/2025 12:17,Portsmouth,Elaine Shulte,"Large Speciality Tea - Fruit - 1.60, Large Smoothies - Carrot Kick - 2.50, Large Luxury hot chocolate - 2.70",6.8,CASH,
27/04/2025 12:18,Portsmouth,Donald Braud,"Large Luxury hot chocolate - 2.70, Large Cappuccino - 2.45, Large Smoothies - Carrot Kick - 2.50, Regular Speciality Tea - Green - 1.30, Large Smoothies - Carrot Kick - 2.50, Large Luxury hot chocolate - 2.70",14.15,CARD,3630247108523204
27/04/2025 12:20,Portsmouth,Yolanda Hayes,Regular Speciality Tea - Fruit - 1.30,1.3,CARD,9681981819472779
27/04/2025 12:22,Portsmouth,Guillermina Palmer,"Large Smoothies - Carrot Kick - 2.50, Regular Cappuccino - 2.15, Large Speciality Tea - Fruit - 1.60",6.25,CARD,5422620225720504
27/04/2025 12:23,Portsmouth,Angela Bernal,Regular Cappuccino - 2.15,2.15,CARD,4883438375853802
27/04/2025 12:25,Portsmouth,Arthur Free,"Regular Speciality Tea - Fruit - 1.30, Large Speciality Tea - Fruit - 1.60",2.9,CARD,6955007505563617
27/04/2025 12:27,Portsmouth,Margarete Brown,"Large Speciality Tea - Green - 1.60, Regular Smoothies - Carrot Kick - 2.00",3.6,CARD,8084058506969386
27/04/2025 12:28,Portsmouth,Lourdes Lodi,Regular Smoothies - Carrot Kick - 2.00,2.0,CARD,6203254215229324
27/04/2025 12:30,Portsmouth,Bryan Sasahara,"Regular Cappuccino - 2.15, Regular Luxury hot chocolate - 2.40",4.55,CARD,5897274505728139
27/04/2025 12:32,Portsmouth,Nathan Guajardo,"Regular Speciality Tea - Green - 1.30, Large Speciality Tea - Fruit - 1.60",2.9,CARD,2358120357977770
27/04/2025 12:34,Portsmouth,Merle Muller,"Large Speciality Tea - Fruit - 1.60, Large Speciality Tea - Fruit - 1.60",3.2,CARD,8210026120347818
27/04/2025 12:35,Portsmouth,Arthur Grunder,"Regular Speciality Tea - Green - 1.30, Large Speciality Tea - Fruit - 1.60, Large Cappuccino - 2.45, Regular Luxury hot chocolate - 2.40, Regular Speciality Tea - Green - 1.30",9.05,CASH,
27/04/2025 12:37,Portsmouth,John Curtis,Large Luxury hot chocolate - 2.70,2.7,CARD,1076914311453829
27/04/2025 12:39,Portsmouth,Adolfo Mitchell,"Large Luxury hot chocolate - 2.70, Regular Speciality Tea - Fruit - 1.30",4.0,CASH,
27/04/2025 12:40,Portsmouth,Nicholas Minter,"Regular Smoothies - Carrot Kick - 2.00, Large Smoothies - Carrot Kick - 2.50",4.5,CARD,9625893474610554
27/04/2025 12:42,Portsmouth,Charlotte Watson,Regular Luxury hot chocolate - 2.40,2.4,CARD,7539339752505622
27/04/2025 12:44,Portsmouth,Rena Hawley,Regular Speciality Tea - Green - 1.30,1.3,CASH,
27/04/2025 12:46,Portsmouth,Carrie Michelsen,"Large Smoothies - Carrot Kick - 2.50, Large Speciality Tea - Fruit - 1.60, Large Smoothies - Carrot Kick - 2.50, Large Speciality Tea - Green - 1.60",8.2,CARD,4809120400056155
27/04/2025 12:47,Portsmouth,George Mccrory,"Regular Luxury hot chocolate - 2.40, Large Speciality Tea - Fruit - 1.60, Large Smoothies - Carrot Kick - 2.50, Regular Speciality Tea - Fruit - 1.30",7.8,CARD,7091128005256866
27/04/2025 12:49,Portsmouth,Judy Burnell,Regular Luxury hot chocolate - 2.40,2.4,CARD,9566044578233455
27/04/2025 12:51,Portsmouth,Lisa Bicknell,"Regular Speciality Tea - Fruit - 1.30, Regular Cappuccino - 2.15, Regular Luxury hot chocolate - 2.40, Large Speciality Tea - Green - 1.60",7.45,CARD,4240944304224378
27/04/2025 12:52,Portsmouth,Keith Jones,"Regular Speciality Tea - Fruit - 1.30, Large Speciality Tea - Green - 1.60",2.9,CARD,6300270083260779
27/04/2025 12:54,Portsmouth,David Desbiens,"Large Smoothies - Carrot Kick - 2.50, Large Luxury hot chocolate - 2.70",5.2,CARD,9374633243011825
27/04/2025 12:56,Portsmouth,Rebecca Atwell,"Regular Speciality Tea - Fruit - 1.30, Large Speciality Tea - Green - 1.60, Large Smoothies - Carrot Kick - 2.50, Large Speciality Tea - Green - 1.60, Regular Speciality Tea - Green - 1.30",8.3,CARD,8992624841651706
27/04/2025 12:57,Portsmouth,David Clayton,"Regular Speciality Tea - Green - 1.30, Large Speciality Tea - Fruit - 1.60, Large Speciality Tea - Green - 1.60",4.5,CARD,1948194667725113
27/04/2025 12:59,Portsmouth,Pat Jackson,Large Speciality Tea - Green - 1.60,1.6,CARD,2862160485243549
27/04/2025 13:01,Portsmouth,Helen Watson,"Regular Luxury hot chocolate - 2.40, Regular Luxury hot chocolate - 2.40, Large Smoothies - Carrot Kick - 2.50, Large Smoothies - Carrot Kick - 2.50, Large Speciality Tea - Fruit - 1.60, Large Cappuccino - 2.45",13.85,CARD,6029908440987801
27/04/2025 13:05,Portsmouth,Jeannie Hurley,Large Luxury hot chocolate - 2.70,2.7,CARD,5861484344827618
27/04/2025 13:08,Portsmouth,Marsha Fleckenstein,Regular Speciality Tea - Green - 1.30,1.3,CASH,
27/04/2025 13:12,Portsmouth,Louise Meldahl,Regular Luxury hot chocolate - 2.40,2.4,CARD,2145569313061803
27/04/2025 13:16,Portsmouth,Elias Brantley,"Large Smoothies - Carrot Kick - 2.50, Regular Speciality Tea - Fruit - 1.30, Large Speciality Tea - Fruit - 1.60, Large Smoothies - Carrot Kick - 2.50, Large Speciality Tea - Green - 1.60",9.5,CASH,
27/04/2025 13:20,Portsmouth,Dianne Phillips,"Large Speciality Tea - Fruit - 1.60, Regular Speciality Tea - Fruit - 1.30, Large Luxury hot chocolate - 2.70",5.6,CARD,6283290450685997
27/04/2025 13:23,Portsmouth,Eva Hostetler,"Large Luxury hot chocolate - 2.70, Regular Smoothies - Carrot Kick - 2.00",4.7,CARD,3750499096530794
27/04/2025 13:27,Portsmouth,Mary Buchanan,"Large Smoothies - Carrot Kick - 2.50, Regular Cappuccino - 2.15, Regular Cappuccino - 2.15, Regular Speciality Tea - Fruit - 1.30, Regular Cappuccino - 2.15, Large Speciality Tea - Green - 1.60",11.85,CASH,
27/04/2025 13:31,Portsmouth,Ricardo Kowalczyk,"Large Speciality Tea - Fruit - 1.60, Regular Speciality Tea - Green - 1.30",2.9,CASH,
27/04/2025 13:35,Portsmouth,Margie Santiago,"Large Speciality Tea - Green - 1.60, Regular Smoothies - Carrot Kick - 2.00",3.6,CARD,2166401417223502
27/04/2025 13:38,Portsmouth,Bradley Kimble,Regular Luxury hot chocolate - 2.40,2.4,CARD,6831615965523602
27/04/2025 13:42,Portsmouth,Winifred Hordge,Regular Speciality Tea - Green - 1.30,1.3,CARD,3495575953344634
27/04/2025 13:46,Portsmouth,Eva Starnes,"Large Speciality Tea - Fruit - 1.60, Large Smoothies - Carrot Kick - 2.50, Large Cappuccino - 2.45",6.55,CARD,5903853129561331
27/04/2025 13:50,Portsmouth,Terry Ludkowski,"Large Luxury hot chocolate - 2.70, Regular Luxury hot chocolate - 2.40, Large Luxury hot chocolate - 2.70, Regular Speciality Tea - Fruit - 1.30, Regular Speciality Tea - Green - 1.30, Regular Luxury hot chocolate - 2.40",12.8,CARD,2784423158949522
27/04/2025 13:53,Portsmouth,Mary Cartwright,"Large Smoothies - Carrot Kick - 2.50, Regular Smoothies - Carrot Kick - 2.00, Regular Speciality Tea - Green - 1.30",5.8,CASH,
27/04/2025 13:57,Portsmouth,Daniel Bowman,"Regular Cappuccino - 2.15, Large Speciality Tea - Green - 1.60, Large Speciality Tea - Fruit - 1.60, Regular Smoothies - Carrot Kick - 2.00, Regular Smoothies - Carrot Kick - 2.00",9.35,CARD,8132079659076347
27/04/2025 14:01,Portsmouth,Daniel Vasquez,"Large Luxury hot chocolate - 2.70, Regular Speciality Tea - Fruit - 1.30, Large Smoothies - Carrot Kick - 2.50, Large Luxury hot chocolate - 2.70, Large Speciality Tea - Green - 1.60",10.8,CASH,
27/04/2025 14:02,Portsmouth,Billy Klemke,"Regular Luxury hot chocolate - 2.40, Large Speciality Tea - Fruit - 1.60, Regular Luxury hot chocolate - 2.40, Regular Speciality Tea - Green - 1.30",7.7,CARD,4278113879240304
27/04/2025 14:03,Portsmouth,Daniel Settle,"Large Luxury hot chocolate - 2.70, Large Luxury hot chocolate - 2.70, Regular Smoothies - Carrot Kick - 2.00, Regular Speciality Tea - Green - 1.30",8.7,CARD,5988922369734224
27/04/2025 14:04,Portsmouth,Luis Baxter,"Regular Luxury hot chocolate - 2.40, Large Speciality Tea - Green - 1.60, Large Cappuccino - 2.45, Large Speciality Tea - Green - 1.60, Regular Speciality Tea - Fruit - 1.30",9.35,CARD,7461514362871151
27/04/2025 14:05,Portsmouth,Randy Carlino,"Regular Smoothies - Carrot Kick - 2.00, Regular Cappuccino - 2.15, Large Smoothies - Carrot Kick - 2.50, Large Smoothies - Carrot Kick - 2.50, Large Speciality Tea - Fruit - 1.60",10.75,CARD,9931449320068623
27/04/2025 14:06,Portsmouth,Doris Baker,Regular Luxury hot chocolate - 2.40,2.4,CARD,2422710170924758
27/04/2025 14:07,Portsmouth,Miles Harris,"Large Luxury hot chocolate - 2.70, Large Speciality Tea - Green - 1.60",4.3,CASH,
27/04/2025 14:08,Portsmouth,Dacia Bolden,Large Cappuccino - 2.45,2.45,CASH,
27/04/2025 14:09,Portsmouth,John Showalter,"Regular Speciality Tea - Green - 1.30, Large Speciality Tea - Green - 1.60, Large Speciality Tea - Fruit - 1.60, Large Speciality Tea - Fruit - 1.60, Large Smoothies - Carrot Kick - 2.50",8.6,CARD,9757873379188614
27/04/2025 14:10,Portsmouth,Tristan Bickford,"Large Speciality Tea - Fruit - 1.60, Regular Smoothies - Carrot Kick - 2.00, Large Speciality Tea - Green - 1.60, Large Smoothies - Carrot Kick - 2.50, Regular Cappuccino - 2.15",9.85,CARD,1681833629965825
27/04/2025 14:11,Portsmouth,Magaret Murillo,"Large Speciality Tea - Green - 1.60, Regular Smoothies - Carrot Kick - 2.00, Large Speciality Tea - Green - 1.60",5.2,CARD,6841473345285366
27/04/2025 14:12,Portsmouth,Kristopher Wilson,"Regular Luxury hot chocolate - 2.40, Large Smoothies - Carrot Kick - 2.50, Regular Speciality Tea - Fruit - 1.30, Large Speciality Tea - Green - 1.60",7.8,CASH,
27/04/2025 14:13,Portsmouth,Christine Soto,"Regular Luxury hot chocolate - 2.40, Regular Luxury hot chocolate - 2.40, Regular Speciality Tea - Fruit - 1.30, Large Speciality Tea - Green - 1.60, Regular Cappuccino - 2.15, Regular Speciality Tea - Fruit - 1.30",11.15,CASH,
27/04/2025 14:15,Portsmouth,Sadie Wilson,"Large Cappuccino - 2.45, Large Speciality Tea - Green - 1.60, Large Smoothies - Carrot Kick - 2.50, Regular Speciality Tea - Fruit - 1.30",7.85,CARD,3796862042742213
27/04/2025 14:16,Portsmouth,Raymond Snipes,"Regular Speciality Tea - Fruit - 1.30, Regular Speciality Tea - Fruit - 1.30",2.6,CARD,8746741365085450
27/04/2025 14:17,Portsmouth,Amy William,Large Smoothies - Carrot Kick - 2.50,2.5,CARD,1111314463016708
27/04/2025 14:18,Portsmouth,Kenneth Cummins,"Large Luxury hot chocolate - 2.70, Large Speciality Tea - Green - 1.60, Large Luxury hot chocolate - 2.70, Large Luxury hot chocolate - 2.70",9.7,CASH,
27/04/2025 14:19,Portsmouth,Terry Adams,Large Smoothies - Carrot Kick - 2.50,2.5,CASH,
27/04/2025 14:20,Portsmouth,Melvin Guerrero,"Large Smoothies - Carrot Kick - 2.50, Large Luxury hot chocolate - 2.70, Large Cappuccino - 2.45, Large Speciality Tea - Green - 1.60, Large Cappuccino - 2.45",11.7,CARD,9034337816746886
27/04/2025 14:21,Portsmouth,Adelina Willoughby,Regular Cappuccino - 2.15,2.15,CASH,
27/04/2025 14:22,Portsmouth,William Richardson,"Regular Luxury hot chocolate - 2.40, Large Speciality Tea - Fruit - 1.60",4.0,CASH,
27/04/2025 14:23,Portsmouth,Jonathan Turner,"Regular Luxury hot chocolate - 2.40, Large Speciality Tea - Green - 1.60, Regular Cappuccino - 2.15, Regular Speciality Tea - Fruit - 1.30, Regular Speciality Tea - Green - 1.30",8.75,CARD,7400235773703161
27/04/2025 14:24,Portsmouth,Hannah Stephenson,"Regular Speciality Tea - Fruit - 1.30, Regular Smoothies - Carrot Kick - 2.00, Large Speciality Tea - Green - 1.60, Large Speciality Tea - Green - 1.60, Regular Speciality Tea - Fruit - 1.30",7.8,CARD,9028448906451441
27/04/2025 14:25,Portsmouth,Jonathan Yuengling,Regular Speciality Tea - Green - 1.30,1.3,CASH,
27/04/2025 14:26,Portsmouth,Stephen Wilson,Large Cappuccino - 2.45,2.45,CARD,4541316737721767
27/04/2025 14:27,Portsmouth,David Hoffman,"Regular Speciality Tea - Green - 1.30, Large Speciality Tea - Fruit - 1.60, Regular Luxury hot chocolate - 2.40",5.3,CASH,
27/04/2025 14:28,Portsmouth,Mary Bryant,"Regular Luxury hot chocolate - 2.40, Regular Speciality Tea - Fruit - 1.30",3.7,CASH,
27/04/2025 14:29,Portsmouth,Karen Goebel,"Large Cappuccino - 2.45, Large Speciality Tea - Fruit - 1.60, Large Speciality Tea - Green - 1.60, Large Speciality Tea - Green - 1.60",7.25,CARD,1445073502935787
27/04/2025 14:30,Portsmouth,Fred Mensik,"Large Smoothies - Carrot Kick - 2.50, Large Speciality Tea - Fruit - 1.60",4.1,CARD,9707305423916713
27/04/2025 14:31,Portsmouth,Terrence Flynn,"Large Luxury hot chocolate - 2.70, Regular Cappuccino - 2.15, Regular Speciality Tea - Fruit - 1.30, Regular Speciality Tea - Fruit - 1.30, Large Luxury hot chocolate - 2.70",10.15,CARD,6385270462539160
27/04/2025 14:32,Portsmouth,Andrea Willis,Regular Smoothies - Carrot Kick - 2.00,2.0,CARD,1887013860816468
27/04/2025 14:33,Portsmouth,Gale Duncan,Large Luxury hot chocolate - 2.70,2.7,CARD,5482904437231181
27/04/2025 14:34,Portsmouth,Barbara Ozga,"Regular Luxury hot chocolate - 2.40, Large Smoothies - Carrot Kick - 2.50, Regular Speciality Tea - Green - 1.30",6.2,CARD,2646537500341748
27/04/2025 14:36,Portsmouth,Robert Spencer,"Regular Speciality Tea - Fruit - 1.30, Large Speciality Tea - Green - 1.60",2.9,CARD,1906242899353378
27/04/2025 14:37,Portsmouth,Loretta Lamon,"Large Smoothies - Carrot Kick - 2.50, Large Smoothies - Carrot Kick - 2.50, Large Luxury hot chocolate - 2.70",7.7,CARD,6209875211907035
27/04/2025 14:38,Portsmouth,Cherryl Simmons,"Regular Cappuccino - 2.15, Large Luxury hot chocolate - 2.70, Large Speciality Tea - Fruit - 1.60, Large Speciality Tea - Green - 1.60",8.05,CASH,
27/04/2025 14:39,Portsmouth,Elizabeth Alford,"Large Smoothies - Carrot Kick - 2.50, Large Speciality Tea - Green - 1.60, Large Smoothies - Carrot Kick - 2.50",6.6,CARD,3098725760665248
27/04/2025 14:40,Portsmouth,Karen Cline,"Regular Speciality Tea - Fruit - 1.30, Regular Speciality Tea - Green - 1.30",2.6,CASH,
27/04/2025 14:41,Portsmouth,Ann Campos,"Large Smoothies - Carrot Kick - 2.50, Regular Luxury hot chocolate - 2.40, Large Smoothies - Carrot Kick - 2.50, Regular Cappuccino - 2.15",9.55,CASH,
27/04/2025 14:42,Portsmouth,Gerald Boyer,"Large Smoothies - Carrot Kick - 2.50, Regular Speciality Tea - Green - 1.30, Large Speciality Tea - Fruit - 1.60",5.4,CARD,6982176916927730
27/04/2025 14:43,Portsmouth,Malinda Paddio,Regular Speciality Tea - Fruit - 1.30,1.3,CARD,9475412020079516
27/04/2025 14:44,Portsmouth,Justine Carr,Regular Speciality Tea - Fruit - 1.30,1.3,CASH,
27/04/2025 14:45,Portsmouth,Christina Boone,"Regular Speciality Tea - Green - 1.30, Regular Luxury hot chocolate - 2.40, Regular Luxury hot chocolate - 2.40, Regular Smoothies - Carrot Kick - 2.00, Regular Smoothies - Carrot Kick - 2.00",10.1,CASH,
27/04/2025 14:46,Portsmouth,Johanne Harvey,Large Speciality Tea - Green - 1.60,1.6,CARD,1260428269774638
27/04/2025 14:47,Portsmouth,Dianne Mortenson,Large Smoothies - Carrot Kick - 2.50,2.5,CARD,1309147969866245
27/04/2025 14:48,Portsmouth,Marisa Griffith,Large Speciality Tea - Green - 1.60,1.6,CASH,
27/04/2025 14:49,Portsmouth,Ernest Velasco,"Large Cappuccino - 2.45, Large Speciality Tea - Green - 1.60, Regular Smoothies - Carrot Kick - 2.00",6.05,CARD,5376363026488249
27/04/2025 14:50,Portsmouth,Peggy Horn,"Regular Speciality Tea - Green - 1.30, Regular Cappuccino - 2.15, Large Luxury hot chocolate - 2.70, Large Smoothies - Carrot Kick - 2.50, Regular Speciality Tea - Green - 1.30, Regular Speciality Tea - Green - 1.30",11.25,CASH,
27/04/2025 14:51,Portsmouth,Sarah Terry,Large Speciality Tea - Green - 1.60,1.6,CARD,7674017576125757
27/04/2025 14:52,Portsmouth,Veronica King,"Regular Cappuccino - 2.15, Large Speciality Tea - Fruit - 1.60, Regular Speciality Tea - Fruit - 1.30",5.05,CARD,1833164848758950
27/04/2025 14:53,Portsmouth,Cynthia James,"Large Speciality Tea - Green - 1.60, Regular Speciality Tea - Green - 1.30, Regular Luxury hot chocolate - 2.40",5.3,CARD,8479616547925468
27/04/2025 14:54,Portsmouth,Sandra Atkins,"Regular Smoothies - Carrot Kick - 2.00, Regular Smoothies - Carrot Kick - 2.00, Regular Speciality Tea - Fruit - 1.30",5.3,CASH,
27/04/2025 14:55,Portsmouth,Tim Reed,Regular Speciality Tea - Fruit - 1.30,1.3,CARD,3804854823196180
27/04/2025 14:57,Portsmouth,Mary Mcilwain,"Regular Luxury hot chocolate - 2.40, Large Speciality Tea - Green - 1.60, Large Luxury hot chocolate - 2.70",6.7,CARD,5659775196530621
27/04/2025 14:58,Portsmouth,Ramiro Davis,"Regular Speciality Tea - Green - 1.30, Large Luxury hot chocolate - 2.70, Large Cappuccino - 2.45",6.45,CARD,8875686007122105
27/04/2025 14:59,Portsmouth,Charles Lewis,"Regular Speciality Tea - Fruit - 1.30, Large Speciality Tea - Green - 1.60, Large Smoothies - Carrot Kick - 2.50, Regular Smoothies - Carrot Kick - 2.00, Regular Speciality Tea - Fruit - 1.30, Regular Speciality Tea - Green - 1.30",10.0,CARD,2722551224369795
27/04/2025 15:00,Portsmouth,Jean Price,"Regular Speciality Tea - Fruit - 1.30, Regular Speciality Tea - Fruit - 1.30, Regular Speciality Tea - Fruit - 1.30, Large Smoothies - Carrot Kick - 2.50, Regular Luxury hot chocolate - 2.40",8.8,CASH,
27/04/2025 15:01,Portsmouth,Joan Goodman,Regular Luxury hot chocolate - 2.40,2.4,CARD,2113375878603891
27/04/2025 15:02,Portsmouth,Susan Leverette,"Large Smoothies - Carrot Kick - 2.50, Large Speciality Tea - Green - 1.60",4.1,CARD,9408144691447118
27/04/2025 15:03,Portsmouth,Betty Baker,"Regular Speciality Tea - Green - 1.30, Large Cappuccino - 2.45",3.75,CARD,3253243713969518
27/04/2025 15:04,Portsmouth,Joseph Stern,"Large Luxury hot chocolate - 2.70, Large Speciality Tea - Fruit - 1.60",4.3,CARD,5527349542803807
27/04/2025 15:06,Portsmouth,Iris Corathers,Regular Smoothies - Carrot Kick - 2.00,2.0,CASH,
27/04/2025 15:07,Portsmouth,Virginia Jackson,"Large Smoothies - Carrot Kick - 2.50, Regular Speciality Tea - Fruit - 1.30, Regular Speciality Tea - Green - 1.30, Regular Speciality Tea - Fruit - 1.30",6.4,CASH,
27/04/2025 15:08,Portsmouth,Tim Littman,"Large Smoothies - Carrot Kick - 2.50, Regular Luxury hot chocolate - 2.40, Large Smoothies - Carrot Kick - 2.50",7.4,CASH,
27/04/2025 15:09,Portsmouth,Timothy Mellott,"Regular Speciality Tea - Fruit - 1.30, Large Luxury hot chocolate - 2.70",4.0,CARD,2959297565946671
27/04/2025 15:10,Portsmouth,Ara Hilton,"Large Smoothies - Carrot Kick - 2.50, Regular Smoothies - Carrot Kick - 2.00, Regular Speciality Tea - Fruit - 1.30",5.8,CARD,3019477147539475
27/04/2025 15:12,Portsmouth,Mildred Cohen,"Regular Luxury hot chocolate - 2.40, Large Speciality Tea - Green - 1.60, Large Speciality Tea - Fruit - 1.60",5.6,CARD,4602429709995836
27/04/2025 15:13,Portsmouth,Mark Martin,"Regular Luxury hot chocolate - 2.40, Regular Smoothies - Carrot Kick - 2.00, Regular Speciality Tea - Fruit - 1.30",5.7,CASH,
27/04/2025 15:14,Portsmouth,Grant Rosebrough,"Large Speciality Tea - Fruit - 1.60, Regular Speciality Tea - Fruit - 1.30",2.9,CARD,7505955659414588
27/04/2025 15:15,Portsmouth,Ernest Romeo,"Regular Luxury hot chocolate - 2.40, Large Cappuccino - 2.45",4.85,CARD,2966030111634291
27/04/2025 15:16,Portsmouth,Frank Bittle,"Regular Luxury hot chocolate - 2.40, Large Speciality Tea - Fruit - 1.60, Large Smoothies - Carrot Kick - 2.50",6.5,CASH,
27/04/2025 15:18,Portsmouth,Linda Dykstra,Regular Luxury hot chocolate - 2.40,2.4,CARD,8272861487900234
27/04/2025 15:19,Portsmouth,Mary Fly,"Regular Cappuccino - 2.15, Large Luxury hot chocolate - 2.70",4.85,CARD,2441103881809205
27/04/2025 15:20,Portsmouth,Maria Moon,"Large Luxury hot chocolate - 2.70, Regular Smoothies - Carrot Kick - 2.00, Regular Cappuccino - 2.15, Large Luxury hot chocolate - 2.70",9.55,CARD,6898089844493723
27/04/2025 15:21,Portsmouth,Katherine Lattimore,"Large Cappuccino - 2.45, Regular Luxury hot chocolate - 2.40, Large Speciality Tea - Green - 1.60",6.45,CARD,7978281397575661
27/04/2025 15:22,Portsmouth,Sylvester Johnson,Large Speciality Tea - Green - 1.60,1.6,CASH,
27/04/2025 15:24,Portsmouth,Ernest Crumedy,Large Speciality Tea - Green - 1.60,1.6,CARD,5803013838365045
27/04/2025 15:25,Portsmouth,Karen Thompson,"Large Smoothies - Carrot Kick - 2.50, Large Cappuccino - 2.45, Regular Speciality Tea - Fruit - 1.30",6.25,CARD,8931541942061230
27/04/2025 15:26,Portsmouth,Mark Miller,Large Speciality Tea - Green - 1.60,1.6,CASH,
27/04/2025 15:27,Portsmouth,Raul Watkins,"Regular Smoothies - Carrot Kick - 2.00, Regular Luxury hot chocolate - 2.40, Regular Luxury hot chocolate - 2.40, Large Speciality Tea - Fruit - 1.60",8.4,CASH,
27/04/2025 15:28,Portsmouth,Nadine Phillips,"Large Speciality Tea - Fruit - 1.60, Large Cappuccino - 2.45",4.05,CASH,
27/04/2025 15:30,Portsmouth,James Blanton,Large Speciality Tea - Green - 1.60,1.6,CARD,5783450789781355
27/04/2025 15:31,Portsmouth,Michelle Lybrand,"Regular Luxury hot chocolate - 2.40, Large Luxury hot chocolate - 2.70, Regular Speciality Tea - Green - 1.30",6.4,CARD,8360805878708839
27/04/2025 15:32,Portsmouth,Kathleen Kaufman,"Large Speciality Tea - Green - 1.60, Large Cappuccino - 2.45, Regular Speciality Tea - Green - 1.30",5.35,CARD,1920332627524966
27/04/2025 15:33,Portsmouth,Lloyd Thornhill,"Regular Speciality Tea - Fruit - 1.30, Large Speciality Tea - Fruit - 1.60",2.9,CARD,2123547536364331
27/04/2025 15:34,Portsmouth,Rosanne Ellis,"Large Speciality Tea - Fruit - 1.60, Large Speciality Tea - Fruit - 1.60, Regular Speciality Tea - Green - 1.30",4.5,CARD,1581076978083793
27/04/2025 15:36,Portsmouth,Justin Sherrod,"Regular Smoothies - Carrot Kick - 2.00, Regular Speciality Tea - Green - 1.30",3.3,CASH,
27/04/2025 15:37,Portsmouth,Serafina Largent,"Large Luxury hot chocolate - 2.70, Large Smoothies - Carrot Kick - 2.50, Regular Smoothies - Carrot Kick - 2.00",7.2,CARD,1731244908874919
27/04/2025 15:38,Portsmouth,William Johnson,"Regular Speciality Tea - Green - 1.30, Large Speciality Tea - Fruit - 1.60, Large Speciality Tea - Green - 1.60",4.5,CASH,
27/04/2025 15:39,Portsmouth,Victor Biller,"Regular Speciality Tea - Fruit - 1.30, Regular Speciality Tea - Fruit - 1.30, Regular Speciality Tea - Green - 1.30, Regular Speciality Tea - Fruit - 1.30",5.2,CARD,6186648115887705
27/04/2025 15:40,Portsmouth,Heather Grossman,"Large Speciality Tea - Fruit - 1.60, Regular Smoothies - Carrot Kick - 2.00, Large Luxury hot chocolate - 2.70",6.3,CASH,
27/04/2025 15:42,Portsmouth,Jared Vong,"Regular Speciality Tea - Green - 1.30, Regular Speciality Tea - Green - 1.30, Large Luxury hot chocolate - 2.70",5.3,CASH,
27/04/2025 15:43,Portsmouth,Cynthia Wade,"Large Speciality Tea - Fruit - 1.60, Regular Speciality Tea - Green - 1.30, Large Smoothies - Carrot Kick - 2.50, Regular Luxury hot chocolate - 2.40",7.8,CARD,6137284893934326
27/04/2025 15:44,Portsmouth,Rodney Ross,"Large Speciality Tea - Fruit - 1.60, Large Speciality Tea - Green - 1.60, Regular Cappuccino - 2.15",5.35,CASH,
27/04/2025 15:45,Portsmouth,June Wade,Large Speciality Tea - Green - 1.60,1.6,CARD,9300532703177065
27/04/2025 15:46,Portsmouth,Wendy Dallas,"Large Speciality Tea - Fruit - 1.60, Large Speciality Tea - Fruit - 1.60",3.2,CARD,4938981359251556
27/04/2025 15:48,Portsmouth,Frances Sandage,"Large Speciality Tea - Green - 1.60, Large Smoothies - Carrot Kick - 2.50",4.1,CARD,5099313250308260
27/04/2025 15:49,Portsmouth,Patricia Martinez,"Regular Speciality Tea - Fruit - 1.30, Large Cappuccino - 2.45",3.75,CARD,7482781762653246
27/04/2025 15:50,Portsmouth,Laurie Fernandez,"Large Speciality Tea - Fruit - 1.60, Large Smoothies - Carrot Kick - 2.50, Regular Speciality Tea - Fruit - 1.30, Regular Cappuccino - 2.15, Regular Speciality Tea - Green - 1.30",8.85,CARD,1617853804429111
27/04/2025 15:51,Portsmouth,Sarah Roman,"Regular Speciality Tea - Green - 1.30, Regular Speciality Tea - Fruit - 1.30, Large Speciality Tea - Fruit - 1.60, Large Speciality Tea - Green - 1.60, Large Speciality Tea - Green - 1.60, Large Speciality Tea - Green - 1.60",9.0,CARD,8093355744604788
27/04/2025 15:52,Portsmouth,Karen Burks,Regular Speciality Tea - Green - 1.30,1.3,CASH,
27/04/2025 15:54,Portsmouth,Gussie Mann,"Regular Smoothies - Carrot Kick - 2.00, Regular Cappuccino - 2.15, Large Speciality Tea - Green - 1.60",5.75,CARD,3507667852795746
27/04/2025 15:55,Portsmouth,Wilbur Dais,"Large Luxury hot chocolate - 2.70, Large Speciality Tea - Green - 1.60",4.3,CARD,4676797834608420
27/04/2025 15:56,Portsmouth,William Strong,"Regular Speciality Tea - Fruit - 1.30, Regular Cappuccino - 2.15, Large Speciality Tea - Fruit - 1.60",5.05,CARD,5904322867257148
27/04/2025 15:57,Portsmouth,Ron Hoffman,Regular Smoothies - Carrot Kick - 2.00,2.0,CARD,8672917452152359
27/04/2025 15:58,Portsmouth,Kenneth Scott,"Regular Speciality Tea - Fruit - 1.30, Large Speciality Tea - Fruit - 1.60, Large Smoothies - Carrot Kick - 2.50",5.4,CASH,
27/04/2025 16:00,Portsmouth,Nicolas Lopez,"Large Speciality Tea - Green - 1.60, Regular Cappuccino - 2.15, Regular Smoothies - Carrot Kick - 2.00, Regular Luxury hot chocolate - 2.40",8.15,CARD,9029858670793238
27/04/2025 16:01,Portsmouth,Lucia Jones,"Large Speciality Tea - Green - 1.60, Regular Speciality Tea - Green - 1.30",2.9,CARD,9866254285441781
27/04/2025 16:03,Portsmouth,Jessie Harris,"Regular Speciality Tea - Green - 1.30, Regular Speciality Tea - Fruit - 1.30",2.6,CASH,
27/04/2025 16:05,Portsmouth,Emily Morrison,"Large Smoothies - Carrot Kick - 2.50, Regular Luxury hot chocolate - 2.40, Large Smoothies - Carrot Kick - 2.50",7.4,CARD,9337359869641120
27/04/2025 16:06,Portsmouth,Bobby Lamontagne,Regular Smoothies - Carrot Kick - 2.00,2.0,CASH,
27/04/2025 16:08,Portsmouth,Roselle Montenegro,"Large Speciality Tea - Green - 1.60, Regular Cappuccino - 2.15, Large Speciality Tea - Green - 1.60, Regular Smoothies - Carrot Kick - 2.00",7.35,CARD,6148739483086346
27/04/2025 16:10,Portsmouth,Edward Connor,"Large Smoothies - Carrot Kick - 2.50, Large Speciality Tea - Green - 1.60",4.1,CARD,2066330556962533
27/04/2025 16:11,Portsmouth,Thomas Lammers,"Regular Smoothies - Carrot Kick - 2.00, Regular Cappuccino - 2.15, Large Luxury hot chocolate - 2.70, Regular Speciality Tea - Fruit - 1.30, Regular Speciality Tea - Green - 1.30",9.45,CARD,7803855496414299
27/04/2025 16:13,Portsmouth,Frederick Mattie,"Large Speciality Tea - Green - 1.60, Regular Speciality Tea - Fruit - 1.30, Regular Smoothies - Carrot Kick - 2.00, Regular Speciality Tea - Green - 1.30",6.2,CARD,6984177734955779
27/04/2025 16:15,Portsmouth,Donald Viner,"Regular Luxury hot chocolate - 2.40, Large Cappuccino - 2.45, Regular Speciality Tea - Fruit - 1.30, Regular Speciality Tea - Fruit - 1.30",7.45,CARD,8921135782792751
27/04/2025 16:16,Portsmouth,Natalie Winton,"Large Speciality Tea - Green - 1.60, Large Speciality Tea - Green - 1.60, Regular Smoothies - Carrot Kick - 2.00",5.2,CARD,5391211968854317
27/04/2025 16:18,Portsmouth,Diane Mclaren,"Regular Speciality Tea - Fruit - 1.30, Regular Speciality Tea - Green - 1.30, Large Luxury hot chocolate - 2.70, Large Cappuccino - 2.45, Large Smoothies - Carrot Kick - 2.50, Regular Smoothies - Carrot Kick - 2.00",12.25,CARD,1376145464049238
27/04/2025 16:20,Portsmouth,Jewel Kunka,"Regular Smoothies - Carrot Kick - 2.00, Large Speciality Tea - Green - 1.60, Large Cappuccino - 2.45",6.05,CARD,8112457170593839
27/04/2025 16:21,Portsmouth,Krysta Lorenz,Regular Speciality Tea - Fruit - 1.30,1.3,CARD,6618105672952205
27/04/2025 16:23,Portsmouth,Gwendolyn Miller,"Large Speciality Tea - Green - 1.60, Large Smoothies - Carrot Kick - 2.50",4.1,CASH,
27/04/2025 16:25,Portsmouth,Joyce Spenser,Large Smoothies - Carrot Kick - 2.50,2.5,CASH,
27/04/2025 16:26,Portsmouth,Ramona Richard,"Large Speciality Tea - Green - 1.60, Large Smoothies - Carrot Kick - 2.50, Large Speciality Tea - Green - 1.60, Regular Cappuccino - 2.15",7.85,CARD,1158094412555802
27/04/2025 16:28,Portsmouth,Royal Furst,"Large Speciality Tea - Green - 1.60, Large Speciality Tea - Fruit - 1.60, Regular Smoothies - Carrot Kick - 2.00, Regular Speciality Tea - Fruit - 1.30",6.5,CASH,
27/04/2025 16:30,Portsmouth,James Wallace,"Large Luxury hot chocolate - 2.70, Large Luxury hot chocolate - 2.70",5.4,CARD,7589737129910630
27/04/2025 16:31,Portsmouth,Lori Baumann,Regular Smoothies - Carrot Kick - 2.00,2.0,CASH,
27/04/2025 16:33,Portsmouth,Elias Vaughan,"Large Smoothies - Carrot Kick - 2.50, Regular Speciality Tea - Fruit - 1.30",3.8,CARD,4376982943965414
27/04/2025 16:35,Portsmouth,Laurie Mcdonough,"Regular Speciality Tea - Fruit - 1.30, Large Speciality Tea - Green - 1.60, Regular Smoothies - Carrot Kick - 2.00, Large Smoothies - Carrot Kick - 2.50",7.4,CASH,
27/04/2025 16:36,Portsmouth,Thelma Carpenter,"Regular Speciality Tea - Green - 1.30, Large Smoothies - Carrot Kick - 2.50",3.8,CARD,7625834397864422
27/04/2025 16:38,Portsmouth,Lydia Rhyner,"Large Luxury hot chocolate - 2.70, Large Luxury hot chocolate - 2.70, Large Smoothies - Carrot Kick - 2.50, Regular Luxury hot chocolate - 2.40",10.3,CARD,1555117795408195
27/04/2025 16:40,Portsmouth,Wade Eason,"Large Speciality Tea - Green - 1.60, Large Speciality Tea - Green - 1.60",3.2,CARD,5030314313727023
27/04/2025 16:41,Portsmouth,Mary Cox,"Large Luxury hot chocolate - 2.70, Large Speciality Tea - Fruit - 1.60",4.3,CASH,
27/04/2025 16:43,Portsmouth,Dorothy Jones,"Regular Smoothies - Carrot Kick - 2.00, Large Speciality Tea - Fruit - 1.60",3.6,CASH,
27/04/2025 16:45,Portsmouth,Sonya Natividad,Regular Speciality Tea - Fruit - 1.30,1.3,CARD,5942968061072497
27/04/2025 16:46,Portsmouth,Harvey Higdon,"Large Speciality Tea - Green - 1.60, Large Smoothies - Carrot Kick - 2.50, Regular Luxury hot chocolate - 2.40, Regular Luxury hot chocolate - 2.40, Large Speciality Tea - Fruit - 1.60",10.5,CARD,2086553745032735
27/04/2025 16:48,Portsmouth,Hector Herrera,Regular Luxury hot chocolate - 2.40,2.4,CARD,8737663080614572
27/04/2025 16:50,Portsmouth,Nathaniel Hausner,"Regular Speciality Tea - Green - 1.30, Regular Luxury hot chocolate - 2.40",3.7,CARD,5688341589144997
27/04/2025 16:51,Portsmouth,Kylie Santos,"Large Cappuccino - 2.45, Regular Cappuccino - 2.15, Regular Smoothies - Carrot Kick - 2.00, Regular Luxury hot chocolate - 2.40, Large Speciality Tea - Fruit - 1.60",10.6,CASH,
27/04/2025 16:53,Portsmouth,David Collins,Regular Cappuccino - 2.15,2.15,CARD,6700826298934576
27/04/2025 16:55,Portsmouth,Marion Harris,"Regular Speciality Tea - Green - 1.30, Regular Speciality Tea - Green - 1.30, Large Speciality Tea - Green - 1.60, Large Speciality Tea - Green - 1.60, Large Smoothies - Carrot Kick - 2.50, Regular Speciality Tea - Green - 1.30",9.6,CASH,
27/04/2025 16:56,Portsmouth,James Justice,"Large Speciality Tea - Fruit - 1.60, Regular Speciality Tea - Green - 1.30, Regular Smoothies - Carrot Kick - 2.00, Large Smoothies - Carrot Kick - 2.50, Large Speciality Tea - Green - 1.60, Large Speciality Tea - Green - 1.60",10.6,CARD,5313289388565365
27/04/2025 16:58,Portsmouth,Zelma Halm,"Large Speciality Tea - Fruit - 1.60, Large Speciality Tea - Fruit - 1.60",3.2,CASH,
